ap-2:1308,1,3
ap-2-1-1:1,2914,4,3,5685
ap-2-1-1-1:1,4,3
ap-2-1-1-2:1,3
ap-2-1-1-2-1:1,3
ap-2-1-1-2-2:1,3
ap-2-1-1-2-3:1,3
ap-2-1-2:50,3218,1,4,3
ap-2-1-3:3219,3220,1697
ap-2-1-4:2914,1697,5685
ap-2-1-5:2914,1697,5685
ap-2-1-5-1:4
ap-2-1-5-2:2914,4,5685
ap-2-1-6:1682,1571,2914,2896,5685
ap-2-1-6-1:2896
ap-2-1-6-2:2896
ap-2-1-6-3:1682,1571,2914,2896,5685
ap-2-1-6-4:1682,1571,2914,2896,5685
ap-2-1-6-5:2896
ap-2-1-6-7:2896
ap-2-1-6-8:2896
ap-2-1-6-9:2896
ap-2-1-7:3221,1456,1698,1697
ap-2-2-1:1699,1456,1700,1701,3222,3223
ap-2-2-1-1:1699,1456,1700,1701,3222,3223
ap-2-2-1-2:1699,1456,1700,1701,3222,3223
ap-2-2-2:1,2786,2914,3,5685
ap-2-2-2-1:1,2786,2914,3,5685
ap-2-2-2-2:1,2786,3
ap-2-2-2-3:1,2786,2914,3,5685
ap-2-2-2-4:1,2786,3
ap-2-2-2-5:1,2786,3
ap-2-2-2-6:1,2786,3
ap-2-2-2-7:1,2786,3
ap-2-2-3:1,3
ap-2-2-4:1702,2914,5685
ap-2-2-4-1:2336,2972,843
ap-2-2-4-2:2336,1,4,3
ap-2-2-4-3:1,4,3
ap-2-2-5:1682,1571,1,5686,3,5682,2896
ap-2-2-5-1:2896
ap-2-2-5-2:1682,1571,5686,5682,2896
ap-2-2-5-3:2896
ap-2-2-5-4:2896
ap-2-2-5-5:1682,1571,2896
ap-2-2-5-6:1682,1571,2896
ap-2-2-5-7:2896
ap-2-2-5-9:2896
ap-2-2-5-10:1,3,2896
ap-2-2-5-11:2896
ap-2-2-5-12:2896
ap-2-2-6:1699,5686,1456,1700,1701,3223,1698,3224,5682
ap-2-3:4
ap-2-3-1:50,2336,2972,4,843
ap-2-3-2:50,2336,1,2972,50,3225,4,3,843
ap-2-3-3:1703,1456,1700,1701,3222,3223
ap-2-3-3-1:1703,1456,1700,1701,3222,3223
ap-2-3-3-2:1703,1456,1700,1701,3222,3223
ap-2-3-4:1,2975,4,3,1214
ap-2-3-5:4
ap-2-3-6:1,2975,4,3
ap-2-3-6-1:1,2975,4,3
ap-2-3-6-2:1,4,2975,3
ap-2-3-6-3:1,2975,4,3
ap-2-3-6-4:1,2975,4,3
ap-2-3-6-5:1,2975,4,3
ap-2-3-7:1682,1571,1,1703,3226,3,3227,2896
ap-2-3-8:1359,1703,2979,3227
ap-2-3-9:1703,1456,1700,1701,3222,3223,1698,1704,3224
ap-2-4-1:1,4,3
ap-2-4-1-1:1,4,3
ap-2-4-1-2:1,4,3
ap-2-4-1-3:1,4,3
ap-2-4-1-4:1,4,3
ap-2-4-1-5:1,4,3
ap-2-4-2:50,1,1705,4,3
ap-2-4-2-1:50,1,1705,4,3
ap-2-4-2-2:50,1,1705,4,3
ap-2-4-2-3:50,1,1705,4,3
ap-2-4-2-4:50,1,1705,4,3
ap-2-4-2-5:50,1,1705,4,3
ap-2-4-3:5679,1705
ap-2-4-3-1:1705
ap-2-4-3-2:1705
ap-2-4-3-3:1705
ap-2-4-3-4:1705
ap-2-4-3-5:1705
ap-2-4-3-6:1705
ap-2-4-3-7:1705
ap-2-4-3-8:1705
ap-2-4-4:50,1,2782,2914,5686,3,5682,5685
ap-2-4-4-1:50,1,2782,3
ap-2-4-4-2:50,1,2782,3
ap-2-4-4-3:50,1,2782,3
ap-2-4-4-4:50,1,2782,3
ap-2-4-4-5:50,1,2782,5686,3,5682
ap-2-4-4-6:50,1,2782,3
ap-2-4-4-7:50,1,2782,2914,5686,3,5685
ap-2-4-4-8:50,1,2782,2914,5686,3,5682,5685
ap-2-4-4-9:50,1,2782,3
ap-2-4-5:2980,1706,1221,1707
ap-2-4-5-1:2980,1221,1707
ap-2-4-5-2:2980,1221,1707
ap-2-4-5-3:2980,1221,1707
ap-2-4-5-4:2980,1221,1707
ap-2-4-5-5:2980,1221,1707
ap-2-4-6:1,3
ap-2-4-6-1:1,3
ap-2-4-6-2:1,3
ap-2-4-6-3:1,3
ap-2-4-6-4:1,3
ap-2-4-7:1,2897,3,2981
ap-2-4-7-1:1,5686,3,5682,2981
ap-2-4-7-2:1,3,2981
ap-2-4-7-3:1,3,2981
ap-2-4-7-4:1,3,2981
ap-2-4-7-5:1,3,2981
ap-2-4-7-6:1,3,2981
ap-2-4-7-7:1,3,2981
ap-2-4-8:1708,1333,2982,1221
ap-2-4-9:3228,4
ap-2-4-10:1,2914,4,3,5685
ap-2-4-10-1:1,2914,4,3,5685
ap-2-4-10-2:1,2914,4,3,5685
ap-2-4-10-3:1,4,3
ap-2-4-10-4:1,4,3
ap-2-4-11:1221,1707
ap-2-4-11-1:1221,1707
ap-2-4-11-2:1221,1707
ap-2-4-12:5679,5686,5682,1707
ap-2-4-12-1:1707
ap-2-4-12-2:1707
ap-2-4-12-3:1707
ap-2-4-12-4:1707
ap-2-4-12-5:1707
ap-2-4-12-6:1707
ap-2-4-12-7:1707
ap-2-4-12-8:1707
ap-2-4-14:1707
ap-2-4-14-1:1707
ap-2-4-14-2:1707
ap-2-4-14-3:1707
ap-2-4-14-4:1707
ap-2-4-15:1682,1571
ap-2-4-16:1709,1456,1701,1698,1710
ap-2-4-16-1:1709,1456,1701,1710
ap-2-4-16-2:1709,1456,1701,1710
ap-2-4-16-3:1709,1456,1701,1710
ap-2-4-16-4:1709,1456,1701,1710
ap-2-4-16-5:1709,1456,1701,1710
ap-2-4-16-6:1709,1456,1701,1710
ap-2-4-16-7:1709,1456,1701,1710
ap-2-4-16-8:1709,1456,1701,1710
ap-2-4-16-9:1709,1456,1701,1710
ap-2-5:1308,1,4,3
ap-2-5-1:1308,1,4,3
ap-2-5-2:1308,1,4,3
ap-2-5-3:1308,1,4,3
ap-2-5-4:1308,1,4,3
ap-2-5-5:1308,1,4,3
ap-2-5-6:1308,1,4,3
ap-2-5-7:1308,1,4,3
ap-2-5-8:1308,1,4,3
ap-2-6:50,1308,2336,1,2777,3,2984
ap-2-6-1:50,1308,2336,1,2777,3,2984
ap-2-6-2:50,1308,2336,1,2777,3,2984
ap-2-6-3:50,1308,2336,1,2777,3,2984
ap-2-6-4:50,1308,2336,1,2777,3,2984
ap-2-6-5:50,1308,2336,1,2777,3,2984
ap-2-6-6:50,1308,2336,1,2777,3,2984
ap-2-6-7:50,1308,2336,1,2777,3,2984
ap-2-6-8:50,1308,2336,1,2777,3,2984
ap-2-6-9:50,1308,2336,1,2777,3,2984
ap-2-6-10:50,1308,2336,1,2777,3,2984
ap-2-6-11:50,1308,1682,1571,2336,1,2777,3,2984
ap-2-6-12:50,1308,2336,1,2777,3,2984
ap-2-6-13:50,1308,2336,1,2777,3,2984
ap-2-6-14:50,1308,2336,1,2783,3,2984
ap-2-6-15:50,1308,2336,1,2777,3,2984
ap-2-6-16:50,1308,2336,1,4,3,2984
ap-2-6-17:50,1308,2336,1,2777,3,2984
ap-2-7:4
ap-2-8:1308,1,3,73,1214
ap-2-9:50,1308,1,4,3,2984,73,1214
ap-2-9-1:50,1308,2798,1,2914,3,2984,73,1214,5685
ap-2-9-2:50,1308,1,4,3,2984,73,1214
ap-2-9-3:50,1308,1,4,3,2984,73,1214
ap-2-9-4:50,1308,1,4,3,2984,73,1214
ap-2-9-5:50,1308,1,4,3,2984,73,1214
ap-2-9-6:50,1308,1,4,3,2984,73,1214
ap-2-9-7:50,1308,1,4,3,2984,73,1214
ap-2-9-8:50,1308,1,4,3,2984,73,1214
ap-2-9-9:50,1308,1,3,2984,73,1214,2797
ap-2-9-10:50,1308,1,4,3,2984,73,1214
ap-2-9-11:50,1308,1,4,3,2984,73,1214
ap-2-9-12:50,1308,1,4,3,2984,73,1214
ap-2-9-13:50,1308,1,4,3,2984,73,1214
ap-2-10:4,2986
ap-2-10-1:4,2986
ap-2-10-2:4,2986
ap-2-10-3:4,2986
ap-2-11:1272
ap-2-11-1:1272,2988,1711
ap-2-11-2:1272
ap-2-11-3:1682,1571,1272,3229
ap-2-12:4
ap-2-13:4
ap-2-14:1308,1,4,3
ap-2-14-1:1308,1682,1571,1,4,3
ap-2-14-2:1308,1,2914,4,3,5685
ap-2-14-3:1308,1,4,3
ap-2-14-4:1308,1,4,3
ap-2-14-5:1308,1,4,3
ap-2-14-6:1308,1,4,3
ap-2-14-7:1308,1,4,3
ap-2-14-8:1308,1682,1571,1,4,3
ap-2-15:4
ap-2-16:1308,1,4,3
ap-2-16-1:1308,4
ap-2-16-2:1308,4
ap-2-16-3:1308,4
ap-2-16-4:1308,2786
ap-2-16-5:1308,4
ap-2-16-8:1308,4
ap-2-16-9:1308,4
ap-2-16-10:1308,4
ap-2-16-11:1308,4
ap-2-16-12:1308,4
ap-2-17:50,1308,1,4,3,2986
ap-2-17-1:50,1308,1,4,3,2986
ap-2-17-2:50,1308,1,4,3,2986
ap-2-17-3:50,1308,1,4,3,2986
ap-2-17-4:50,1308,1,4,3,2986
ap-2-17-5:50,1308,1682,1571,1,4,3,2986
ap-2-17-6:50,1308,1,4,3,2986
ap-2-17-7:50,1308,1,4,3,2986
ap-2-17-8:50,1308,1,4,3,2986
ap-2-17-9:50,1308,1,4,3,2986
ap-2-17-10:50,1308,1,4,3,2986
ap-2-18:1308,1,4,3
ap-2-18-1:1308,1682,1571,1,2786,3
ap-2-18-2:1308,1,2914,4,3,5685
ap-2-18-3:1308,1,4,3
ap-2-18-4:1308,1,2786,3
ap-2-18-5:1308,1,4,3
ap-2-18-6:1308,1,4,3
ap-2-19:4
ap-2-20:50,1308,1,1520,3
ap-2-20-1:50,1308,1,1520,3
ap-2-20-2:50,1308,1,1520,3
ap-2-20-3:50,1308,1,1520,3
ap-2-20-4:50,1308,1,1520,3
ap-2-20-5:50,1308,1,1520,3
ap-2-21:1308,1698
ap-2-21-1:1308,1698
ap-2-21-2:1308,1698
ap-2-21-3:1308,1698
ap-2-21-4:1308,1698
ap-2-21-5:1308,1698
ap-2-21-6:1308,1698
ap-2-22:50,1712
ap-2-22-1:50,1712
ap-2-22-2:50,1712
ap-2-22-3:50,1712
ap-2-23:1308,1698
ap-2-23-1:1308,1698
ap-2-23-2:1308,1698
ap-2-23-3:1308,1698
ap-2-23-4:5679,1308,1698
ap-2-23-5:1308,1698
ap-2-23-6:1308,1698
ap-2-23-7:1308,1698
ap-2-24:4
ap-2-24-1:2815
ap-2-24-2:4
ap-2-24-3:4
ap-2-25:4
ap-2-26:1308,1,4,3
ap-2-26-1:1308,1,3
ap-2-26-1-1:1308
ap-2-26-1-2:1308
ap-2-26-1-3:1308
ap-2-26-1-4:1308
ap-2-26-1-5:1308
ap-2-26-1-6:1308
ap-2-26-2:5679,1698
ap-2-26-2-1:5679,1698
ap-2-26-2-2:5679,1698
ap-2-26-2-3:5679,1698
ap-2-26-2-4:5679,1698
ap-2-26-3:1682,1571,1,3
ap-2-26-3-1:1,3
ap-2-26-3-2:1,3
ap-2-26-3-3:1682,1571,1,3
ap-2-26-3-4:1682,1571,1,3
ap-2-26-3-5:1682,1571,1,3
ap-2-26-4:1,4,3,3230,3231
ap-2-26-5:1,3
ap-2-26-6:1308,1682,1571,1,2914,3,3232
ap-2-26-7:1308,1629
ap-2-26-7-1:1308,1629
ap-2-26-7-2:1308,1629
ap-2-26-7-3:1308,1629
ap-2-26-8-1:1308
ap-2-26-8-2:1308
ap-2-26-8-3:1308
ap-2-26-8-4:1308
ap-2-26-8-5:1308
ap-2-26-8-6:1308
ap-2-26-8-7:1308
ap-2-26-8-8:1308
ap-2-27:4
ap-2-28:50,1,3,1221
ap-2-29:50,1308,1,4,3,2986
ap-2-29-1:50,1308,4,2986
ap-2-29-2:50,1308,4,2986
ap-2-29-3:50,1308,4,2986
ap-2-29-4:50,1308,4,2986
ap-2-30:4
ap-2-31:1308,1,3233,4,3,2986
ap-2-31-1:1308,1,3233,4,3,2986
ap-2-31-2:1308,1,3233,4,3,2986
ap-2-31-3:1308,1,3233,4,3,2986
ap-2-31-4:1308,1,3233,4,3,2986
ap-2-31-5:1308,1,3233,4,3,2986
ap-2-31-6:1308,1,3233,4,3,2986
ap-2-32:50,1308,2986,3234
ap-2-33:2826,3235
ap-2-34:1701,1698
ap-2-34-1:1701,1698
ap-2-34-2:1701,1698
ap-2-34-3:1701,1698
ap-2-34-4:1701,1698
ap-2-34-5:1701,1698
ap-2-34-6:1701,1698
ap-2-34-7:1701,1698
ap-2-35:1,4,3,2986
ap-2-36:1308,1701
ap-2-36-1:1308,1701
ap-2-36-2:1308,1701
ap-2-36-3:1308,1701
ap-2-36-5:1308,1701
ap-2-36-6:1308,1701
ap-2-36-7:1308,1701
ap-2-36-8:1308,1701
ap-2-36-9:1308,1701
ap-2-49:1,2989,4,3,1214
ap-2-39:50,1,4,3,2990
ap-2-39-1:50,1,4,3,2990
ap-2-39-2:50,1,4,3,2990
ap-2-39-3:50,1,4,3,2990
ap-2-39-4:50,1,4,3,2990
ap-2-39-5:50,1,4,3,2990
ap-2-40:1755,1698,1261,1713,2991
ap-2-41:1308,1,4,3
ap-2-41-1:1308,1,4,3,3236
ap-2-41-2:1308,1,4,3,2972
ap-2-41-2-1:1308,1,4,3,2972
ap-2-41-2-2:1308,1,4,3,2972
ap-2-41-2-3:1308,1,4,3,2972
ap-2-41-3:1308,1,4,3,2972
ap-2-41-4:1308,1,4,3,3237,1698
ap-2-42:3238,1700,1701,1698
ap-2-42-11:1701,1698
ap-2-42-2:3238,1701,1698
ap-2-42-3:3238,1701,1698
ap-2-42-4:3238,1701,1698
ap-2-42-5:3238,1701,1698
ap-2-42-6:3238,1701,1698
ap-2-42-7:3238,1701,1698
ap-2-42-8:3238,1701,1698
ap-2-42-9:3238,1701,1698
ap-2-42-10:3238,1701,1698
ap-2-43:1,4,3
ap-2-43-1:4
ap-2-43-2:4
ap-2-43-3:4
ap-2-44:50,2994
ap-2-45:1,4,3
ap-2-45-1:1,2950,3,2994
ap-2-45-2:1,4,3
ap-2-45-3:1,4,3
ap-2-45-4:1,4,3
ap-2-46-1:1308,1698,3239
ap-2-46-2:50,1308,4,5686,5682
ap-2-46-3:1308,1682,1571,1,3,2982,4,3240
ap-2-46-4:50,1308,2898,2914,5685
ap-2-46-4-1:50,1308,2898
ap-2-46-4-2:50,1308,2898
ap-2-46-4-3:50,1308,2898,5686,5682
ap-2-46-4-4:50,1308,2898
ap-2-46-5:1,4,5686,3,5682
ap-2-47-1:1308,1,3
ap-2-47-2:1308,1456,1701,1700,3241,3242
ap-2-47-3:1308,2914,4,5685
ap-2-47-4:1308,4,3243
ap-2-47-5:1308,1701
ap-2-47-5-1:1308,1701
ap-2-47-5-2:1308,1701
ap-2-47-5-3:1308,1701
ap-2-47-5-4:1308,1701
ap-2-47-5-5:1308,1701
ap-2-47-5-6:1308,1701
ap-2-48:1,1714,4,3
ap-2-48-1:1,1714,4,3
ap-2-48-2:1,1714,4,3
ap-2-48-3:1,1714,4,3
ap-2-48-4:1,1714,4,3
ap-2-48-5:1,1714,4,3
aa:1,3,837
aa-1:30,2336,3001,1,2777,3,2778,12821,837
aa-1-1:2995,5,30,1,2777,3,2778,12821,837
aa-1-1-1:2995,5,30,1,2777,35,1178,3,6784,2778,12821,837,37
aa-1-1-1-1:2995,5,30,1,2777,35,6752,1178,3,6784,2778,12821,837,37
aa-1-1-1-2:2995,5,30,1,2777,35,6754,1178,3,6784,2778,12821,837,37
aa-1-1-1-3:2995,5,30,1,2777,35,6757,1178,3,6784,2778,12821,837,37
aa-1-1-1-4:2995,5,30,1,2777,35,1178,3,6784,2778,12821,837,37
aa-1-1-1-5:2995,5,1,2777,1178,3,6784,2778,12821,837,37
aa-1-1-1-6:2995,5,30,1,2777,1178,3,6784,2778,12821,837,37
aa-1-1-1-7:2995,5,1,2777,6776,1178,3,6782,6784,2778,12821,837,37
aa-1-1-1-8:2995,5,1,2777,6777,1178,3,6784,2778,12821,837,37
aa-1-1-7:2995,5,30,1,2777,6722,32,3,2778,12821,15,837
aa-1-1-7-2:2995,5,30,1,2777,6722,6724,32,3,2778,12821,15,837,1193
aa-1-1-7-4:2995,5,30,1,2777,6722,32,3,2778,12821,15,837,1193
aa-1-1-7-5:2995,5,1,2777,6722,32,3,2778,12821,15,837
aa-1-1-2:2995,5,30,3001,1,2777,32,3,2778,12821,15,837,1193,6858
aa-1-1-2-4:2995,5,30,3001,1,2777,32,3,2778,12821,15,837,1193,6858
aa-1-1-2-1:2995,5,30,1,2777,32,3,2778,12821,15,837,1193
aa-1-1-2-2:2995,5,30,1,2777,32,3,2778,12821,15,837,1193
aa-1-1-2-3:2995,5,30,1,2777,32,3,2778,12821,15,837,1193
aa-1-1-8:2995,5,30,1,2777,6730,3,2778,12821,15,837
aa-1-1-8-2:2995,5,30,2336,1,2777,6730,32,3,2778,12821,15,837,1193,6857
aa-1-1-8-1:2995,5,30,1682,1571,1,2777,6730,32,6775,3,2778,12821,837
aa-1-1-4:2995,1,6661,2777,3,2778,12821,837
aa-1-1-5:2995,30,1682,1571,1,6668,2777,6731,3,2778,12821,1190,15,837
aa-1-1-5-2:2995,30,1682,1571,1,6668,2777,6731,3,2778,12821,1190,15,837
aa-1-1-5-1:2995,30,1682,1571,1,6668,2777,6731,3,2778,12821,1190,15,837
aa-1-1-9:2995,5,30,1,2777,6705,3,2778,12821,15,837
aa-1-1-9-1:2995,5,30,1,2777,6705,3,2778,12821,15,837
aa-1-1-9-3:2995,5,30,1,2777,6705,3,2778,12821,15,837
aa-1-1-9-2:2995,5,30,1,2777,6705,3,2778,12821,15,837
aa-1-1-6:2995,30,1195,1196,2996,6646,1191,3250,1192,2336,1,17,2777,3,2778,12821,6815,837
aa-1-25:1,2777,3,2778,12821,837
aa-1-25-1:2997,1,2777,1178,3,2778,12821,837
aa-1-25-1-2:2997,1,2777,1178,3,2778,12821,837
aa-1-25-1-3:2997,1,2777,1178,3,2778,12821,837
aa-1-25-1-4:2997,1,2777,1178,3,2778,12821,837
aa-1-25-1-5:2997,1,2777,1178,3,2778,12821,837
aa-1-25-1-7:2997,1,2777,1178,3,2778,12821,837
aa-1-25-1-8:2997,1,2777,1178,3,2778,12821,837
aa-1-25-1-11:2997,1,2777,3,2778,12821,1190,837
aa-1-25-1-12:2997,1,2777,3,2778,12821,1190,837
aa-1-25-1-13:2997,1,2777,1178,3,2778,12821,837
aa-1-25-1-14:2997,1,2777,1178,3,2778,12821,837
aa-1-25-2:2997,1,2777,3,2778,12821,837
aa-1-25-3:2997,1,3244,3245,2777,32,3,2778,12821,1190,15,837
aa-1-25-10:2997,1,2777,32,3248,1178,3,2778,12821,15,837,1193
aa-1-25-4:2336,1,2777,2998,3,2778,12821,837
aa-1-25-4-17:2336,1,2777,32,2998,3,2778,12821,15,837
aa-1-25-4-17-1:2336,1,2777,2998,3,2778,12821,15,837
aa-1-25-4-17-2:2336,1,2777,2998,3,2778,12821,15,837
aa-1-25-4-17-3:2336,1,2777,2998,3,2778,12821,15,837
aa-1-25-4-17-4:2336,1,2777,2998,3,2778,12821,15,837
aa-1-25-4-17-5:2336,1,2777,2998,3,2778,12821,15,837
aa-1-25-4-17-6:2336,1,2777,2998,3,2778,12821,15,837
aa-1-25-4-17-7:2336,1,2777,2998,3,2778,12821,15,837
aa-1-25-4-17-8:2336,1,2777,2998,3,2778,12821,15,837
aa-1-25-4-17-9:2336,1,2777,2998,3,2778,12821,15,837
aa-1-25-4-17-10:2336,1,2777,2998,3,2778,12821,15,837
aa-1-25-4-17-11:2336,1,2777,2998,3,2778,12821,15,837
aa-1-25-4-17-12:2336,1,2777,2998,3,2778,12821,15,837
aa-1-25-4-17-13:2336,1,2777,2998,3,2778,12821,15,837
aa-1-25-4-17-14:2336,1,2777,2998,3,2778,12821,15,837
aa-1-25-4-17-15:2336,1,2777,2998,3,2778,12821,15,837
aa-1-25-4-17-16:2336,1,2777,2998,3,2778,12821,15,837
aa-1-25-4-18:2336,1,2777,2998,3,2778,12821,15,837
aa-1-25-5:5,2997,2336,1,3244,3245,2777,35,32,1178,3,2778,12821,3253,1190,15,837
aa-1-25-6:2997,3246,1,2777,3,2778,12821,15,837
aa-1-25-7:2997,3247,1,2777,3,87,2778,12821,837
aa-1-25-8:1,2777,3,2778,12821,15,2999,837
aa-1-25-8-2:1,2777,3,2778,12821,15,2999,837
aa-1-25-8-3:1,2777,3,2778,12821,15,2999,837
aa-1-25-8-4:1,2777,3,2778,12821,15,2999,837
aa-1-25-8-22:1,2777,3,2778,12821,15,2999,837
aa-1-25-8-9:1,2777,3,2778,12821,2999,837
aa-1-25-8-10:1,2777,3,2778,12821,15,2999,837
aa-1-25-8-23:1,2777,3,2778,12821,15,2999,837
aa-1-25-8-13:1,2777,3,2778,12821,2999,837
aa-1-25-8-14:1,2777,3,2778,12821,2999,837
aa-1-25-8-15:1,2777,3,2778,12821,15,2999,837
aa-1-25-8-16:1,2777,3,2778,12821,2999,837
aa-1-25-8-17:1,2777,3,2778,12821,2999,837
aa-1-25-8-24:1,2777,3,2778,12821,15,2999,837
aa-1-25-9:2997,1,2777,32,3,2778,12821,15,837,1193
aa-1-25-9-2:2997,1,2777,3248,3,2778,12821,15,837,1193
aa-1-25-9-3:2997,1,2777,3,2778,12821,15,837,1193
aa-1-25-9-11:2997,1,2777,3,2778,12821,15,837,1193
aa-1-25-9-4:2997,1,2777,3,2778,12821,15,837,1193
aa-1-25-9-5:2997,1,2777,3,2778,12821,15,837,1193
aa-1-25-9-6:2997,1,2777,32,3,2778,12821,15,837,1193
aa-1-25-9-12:2997,1,2777,3,2778,12821,15,837,1193
aa-1-25-9-13:2997,1,2777,32,3,2778,12821,15,837,1193
aa-1-25-9-7:2997,1,2777,32,3,2778,12821,15,837,1193
aa-1-25-9-10:2997,1,2777,1178,3,2778,12821,15,837,1193
aa-1-25-11:12821
aa-1-25-11-3:30,2336,1,2777,3000,3,2778,12821,837
aa-1-25-11-3-1:30,2336,1,2777,3000,3,2778,12821,837
aa-1-25-11-3-2:30,2336,1,2777,3000,3,2778,12821,837
aa-1-25-11-3-2-1:30,2336,1,2777,3000,3,2778,12821,837
aa-1-25-11-3-2-2:30,2336,1,2777,3000,3,2778,12821,837
aa-1-25-11-3-2-3:30,2336,1,2777,3000,3,2778,12821,837
aa-1-25-11-3-2-4:30,2336,1,2777,3000,3,2778,12821,837
aa-1-25-11-3-2-5:30,2336,1,2777,3000,3,2778,12821,837
aa-1-25-11-3-3:30,2336,1,2777,3000,3,2778,12821,837,3249
aa-1-25-11-2:30,2336,1,2777,3000,3,2778,12821,837
aa-1-25-11-2-1:30,2336,1,2777,3000,3,2778,12821,837
aa-1-25-11-2-2:30,2336,1,2777,3000,3,2778,12821,837,37
aa-1-25-11-2-2-1:30,2336,1,2777,3000,3,2778,12821,837,37
aa-1-25-11-2-2-2:30,2336,1,2777,3000,3,2778,12821,837,37
aa-1-25-11-2-2-3:30,2336,1,2777,3000,3,2778,12821,837,37
aa-1-25-11-2-2-4:30,2336,1,2777,3000,3,2778,12821,837,37
aa-1-25-11-2-2-5:30,2336,1,2777,3000,3,2778,12821,837,37
aa-1-25-11-2-2-6:30,2336,1,2777,3000,3,2778,12821,837,37
aa-1-25-11-2-2-7:894,30,2336,2777,3000,2778,12821,837,1194,37
aa-1-25-11-2-2-8:30,2336,2777,3000,2778,12821,837,37
aa-1-25-11-2-3:30,2336,1,2777,3000,3,2778,12821,837
aa-1-25-11-2-3-2:30,1,17,2777,3000,3,2778,12821,837
aa-1-25-11-1:2997,1,2777,3,2778,12821,837
aa-1-25-11-1-1:2997,1,2777,3,2778,12821,837
aa-1-25-11-1-2:2997,1,2777,3,2778,12821,837
aa-1-25-11-1-3:2997,1,2777,3,2778,12821,837
aa-1-25-11-1-4:2997,1,2777,3,2778,12821,837
aa-1-25-11-1-5:2997,1,2777,3,2778,12821,837
aa-1-13:30,2336,3001,1,2777,32,3,2778,12821,15,6809,6823,837,6839,1193
aa-1-13-1:30,2336,3001,1,2777,32,3,2778,12821,15,6809,6823,837,1193
aa-1-13-2:30,3001,1,2777,32,3248,3,2778,12821,15,6809,6823,837,1193
aa-1-13-3:30,2336,3001,1,2777,6738,32,3,2778,12821,15,6809,6823,837,1193
aa-1-13-15:30,2336,3001,1,2777,32,3,2778,12821,15,6809,6823,837,6839,1193
aa-1-13-13:5,30,2336,3001,1,2777,32,3,2778,12821,15,6809,6823,837,1193
aa-1-13-5:30,3001,1,2777,32,3,2778,12821,15,6809,6823,837,1193
aa-1-13-6:30,3001,1,2777,32,3,6781,2778,12821,15,6809,6823,837,1193
aa-1-13-7:30,2336,6655,3001,1,2777,32,3,6806,2778,12821,15,6809,6823,837,1193
aa-1-13-7-2:30,2336,6655,3001,1,2777,32,3,6806,2778,12821,15,6809,6823,837,1193
aa-1-13-7-1:30,2336,6655,3001,1,2777,32,3,6806,2778,12821,15,6809,6823,837,1193
aa-1-13-12:30,2336,3001,1,2777,32,3,2778,12821,15,6809,6823,837,1193
aa-1-13-14:30,2336,3001,1,2777,32,3,2778,12821,15,6809,6823,6826,837,1193
aa-1-13-8:30,2336,3001,1,6669,2777,32,3,2778,12821,15,6809,6823,837,1193
aa-1-13-9:30,2336,3001,1,2777,32,3,2778,12821,15,6809,6822,6823,6831,837,1193
aa-1-13-11:30,3001,1,2777,32,3,2778,12821,15,6809,6823,837,1193
aa-1-4:30,6636,2336,3001,1,3244,3245,2777,6720,32,3,2778,12821,1190,15,837,1193
aa-1-6:30,6647,2336,1,2777,3000,3,2778,12821,837
aa-1-6-14:30,6647,2336,1,2777,3000,3,2778,12821,837
aa-1-6-1:2336,1,17,2777,3000,3,2778,12821,837
aa-1-6-2:1,2777,3,12821,837
aa-1-6-2-5:1,2777,3,12821,837
aa-1-6-2-1:1,17,2777,3,12821,837
aa-1-6-2-2:1,2777,3,12821,837
aa-1-6-2-2-1:1,2777,3,12821,837
aa-1-6-2-2-2:1,2777,3,12821,837
aa-1-6-2-3:1,6682,2777,3,12821,837
aa-1-6-2-6:1,2777,3,12821,837
aa-1-6-2-4:1,2777,3,12821,837
aa-1-6-3:1195,1196,2996,1191,3250,2336,1,17,2777,3,12821,837
aa-1-6-4:30,2336,1,2777,3000,32,3,2778,12821,837
aa-1-6-15:30,6647,2336,1,2777,3000,3,2778,12821,837
aa-1-6-6:2336,1,2777,6725,3000,3,6802,2778,12821,837
aa-1-6-7:2336,1,2777,3000,6735,3,2778,12821,837
aa-1-6-8:1,2777,3,12821,837
aa-1-6-8-4:2336,1,2777,3000,3,2778,12821,837
aa-1-6-8-5:2336,1,2777,3000,3,2778,12821,837
aa-1-6-8-1:2336,1,2777,3000,3,2778,12821,837
aa-1-6-8-2:2336,1,6681,2777,3000,3,2778,12821,837
aa-1-6-8-2-2:2336,1,6681,2777,3000,3,2778,12821,837
aa-1-6-8-2-1:2336,1,6681,2777,3000,3,2778,12821,837
aa-1-6-8-3:2336,1,2777,3000,6778,3251,3,2778,12821,837,6838
aa-1-6-16:30,6647,2336,1,2777,3000,3,2778,12821,837
aa-1-6-9:2336,1,2777,3000,3,2778,12821,837
aa-1-6-9-1:2336,1,2777,3000,3,2778,12821,837
aa-1-6-9-2:2336,1,2777,3000,3,2778,12821,837
aa-1-6-10:2336,1,2777,3000,3,1197,2778,12821,837
aa-1-6-10-7:2336,1,2777,3000,3,1197,2778,12821,837
aa-1-6-10-1:6649,2336,1,2777,3000,3,6787,1197,2778,12821,837
aa-1-6-10-2:2336,1,2777,3000,3,1197,2778,12821,837
aa-1-6-10-3:2336,1,2777,3000,3,6805,1197,2778,12821,837
aa-1-6-10-6:2336,1,2777,3000,3,1197,2778,12821,837
aa-1-6-10-8:2336,1,2777,3000,3,1197,2778,12821,837
aa-1-6-10-4:2336,1,2777,3000,3,1197,2778,12821,837
aa-1-6-10-5:6645,2336,1,2777,6717,3000,3,1197,2778,12821,837
aa-1-6-11:2336,1,2777,6709,3000,3,2778,12821,837,37
aa-1-6-11-1:2336,1,2777,6709,3000,3,2778,12821,837,37
aa-1-6-11-7:2336,1,2777,6709,3000,3,2778,12821,837,37
aa-1-6-11-2:2336,1,2777,6709,3000,3,2778,12821,837,37
aa-1-6-11-3:2336,1,2777,6709,3000,3,2778,12821,837,37
aa-1-6-11-9:2336,1,2777,6709,3000,3,2778,12821,837,37
aa-1-6-11-4:2336,1,2777,6709,3000,3,2778,12821,837,37
aa-1-6-11-8:2336,1,2777,6709,3000,3,2778,12821,837,37
aa-1-6-11-5:894,2336,1,2777,6709,3000,3,2778,12821,837,1194,37
aa-1-6-11-6:2336,1,2777,6709,3000,3,2778,12821,837,37
aa-1-6-12:2336,1,2777,3000,3,2778,12821,837
aa-1-6-13:2336,1,2777,3000,3,2778,12821,837
aa-1-7:6640,1,2777,6769,3,6790,12821,837
aa-1-7-2:6640,2336,1,3244,3245,2777,3002,32,6769,3,6790,2778,12821,1190,15,837
aa-1-7-3:6640,2336,1,2777,3002,32,6769,3248,1178,3,6790,2778,12821,15,837
aa-1-7-9:6640,2336,1,2777,6769,3,6790,12821,837
aa-1-7-4:6640,2336,1,2777,35,3002,6764,6769,1178,3,6790,2778,12821,837
aa-1-7-4-15:6640,2336,1,2777,35,3002,6764,6769,1178,3,6790,2778,12821,837
aa-1-7-4-2:6640,2336,1,2777,35,3002,6763,6764,6769,1178,3,6790,2778,12821,837
aa-1-7-4-3:6640,2336,1,2777,35,3002,6764,6769,1178,3,6790,2778,12821,837
aa-1-7-4-4:6640,2336,1,2777,35,3002,6764,6769,1178,3,6790,2778,12821,837
aa-1-7-4-5:6640,2336,1,2777,35,3002,6764,6769,1178,3,6790,2778,12821,837
aa-1-7-4-7:6640,2336,1,2777,35,3002,6764,6769,1178,3,6790,2778,12821,837
aa-1-7-4-8:6640,2336,1,2777,35,3002,6764,6769,1178,3,6790,2778,12821,837
aa-1-7-4-13:6640,2336,1,2777,35,3002,6764,6769,1178,3,6790,2778,12821,837
aa-1-7-4-11:6640,2336,1,2777,35,3002,6764,6769,1178,3,6790,2778,12821,837
aa-1-7-4-14:6640,2336,1,2777,35,3002,6764,6769,1178,3,6790,2778,12821,837
aa-1-7-4-12:6640,2336,1,2777,35,3002,6764,6769,1178,3,6790,2778,12821,837
aa-1-7-10:6640,2336,1,2777,6769,3,6790,12821,837
aa-1-7-5:6640,2336,1,2777,3002,6769,3,6790,2778,12821,1190,837
aa-1-7-6:6640,2336,1,2777,3002,3252,6769,3,6790,2778,12821,837
aa-1-7-7:6640,2336,1,2777,3002,6769,3,6790,2778,12821,837
aa-1-7-7-4:6640,6648,2336,1,2777,3002,6769,3,6790,2778,12821,15,837
aa-1-7-7-5:6640,2336,1,2777,3002,6769,3,6790,2778,12821,15,837
aa-1-7-7-6:6640,2336,1,2777,3002,6769,3,6790,2778,12821,15,837,6842
aa-1-7-7-20:6640,2336,1,2777,3002,6769,3,6790,2778,12821,15,837
aa-1-7-7-2:6640,2336,1,2777,3002,6769,3,6790,2778,12821,837
aa-1-7-7-14:6640,2336,1,2777,3002,6768,6769,3,6790,2778,12821,15,837
aa-1-7-7-21:6640,2336,1,2777,3002,6769,3,6790,2778,12821,15,837
aa-1-7-8:6640,2336,1,2777,3002,32,6769,3,6790,2778,12821,15,837,1193
aa-1-7-8-1:6640,2336,1,2777,3002,32,6769,3,6790,2778,12821,15,837,1193
aa-1-7-8-2:6640,6644,2336,1,2777,3002,32,6769,3,6790,2778,12821,15,837,1193
aa-1-7-8-3:6640,2336,1,2777,3002,32,6769,3,6790,2778,12821,15,837,1193
aa-1-7-8-4:30,6640,2336,1,2777,3002,32,6769,3,6790,2778,12821,15,837,1193
aa-1-7-8-4-2:30,6640,2336,1,2777,3002,32,6769,3,6790,2778,12821,15,837,1193
aa-1-7-8-4-4:30,6640,2336,1,2777,3002,32,6769,3,6790,2778,12821,15,837,1193
aa-1-7-8-4-1:30,6640,2336,1,2777,3002,32,6769,3,6790,2778,12821,15,837,1193
aa-1-7-8-4-3:30,6640,2336,1,2777,3002,32,6769,3,6790,2778,12821,15,837,1193
aa-1-7-8-5:6640,2336,1,2777,3002,32,6769,3,6790,2778,12821,15,837,1193
aa-1-7-8-7:6640,2336,1,2777,3002,32,6769,3,6790,2778,12821,15,837,1193
aa-1-7-8-8:6640,2336,1,2777,3002,32,6769,3,6790,2778,12821,15,837,1193
aa-1-7-8-11:6640,2336,1,2777,3002,32,6769,3,6790,2778,12821,15,837,1193
aa-1-7-11:6640,2336,1,2777,6769,3,6790,12821,837
aa-1-7-1:6640,1195,1196,2996,1191,2336,1,17,2777,6769,3,6790,6794,12821,837
aa-1-8:2336,1,2777,3000,3,2778,12821,837
aa-1-8-1:2336,1,2777,6691,3000,3,2778,12821,837
aa-1-8-2:2336,1,2777,3000,3,2778,12821,837,3249
aa-1-8-3:2336,1,2777,3000,3,6789,2778,12821,837
aa-1-8-3-2:2336,1,2777,3000,3,6789,2778,12821,837
aa-1-8-3-3:2336,1,2777,3000,3,6789,2778,12821,837
aa-1-8-3-4:2336,1,2777,3000,3,6789,2778,12821,837
aa-1-8-3-10:2336,1,2777,3000,3,6789,2778,12821,837
aa-1-8-3-5:2336,1,2777,3000,3,6789,6793,6796,2778,12821,837
aa-1-8-3-6:2336,1,2777,3000,3,6789,2778,12821,837
aa-1-8-3-7:2336,1,2777,3000,3,6788,6789,2778,12821,837
aa-1-8-3-8:2336,1,2777,3000,6751,3,6789,2778,12821,837
aa-1-8-3-9:2336,1,2777,3000,3,6789,2778,12821,837
aa-1-9:30,3001,1,2777,32,3248,1178,3,2778,12821,15,837,1193
aa-1-10:30,2336,1,2777,6723,2998,6772,3,2778,12821,15,837
aa-1-10-1:30,2336,1,2777,32,2998,3,2778,12821,15,837
aa-1-10-2:30,2336,3001,1,2777,32,2998,3,2778,12821,15,837,1193
aa-1-10-2-18:30,2336,3001,1,2777,32,2998,3,2778,12821,15,837,1193
aa-1-10-2-1:30,2336,1,2777,32,2998,3,2778,12821,15,837
aa-1-10-2-2:30,2336,1,2777,32,2998,3,2778,12821,15,837
aa-1-10-2-3:30,2336,1,2777,32,2998,3,2778,12821,15,837
aa-1-10-2-5:30,2336,1,2777,32,2998,6771,3,2778,12821,15,837
aa-1-10-2-6:30,2336,1,2777,32,2998,3,2778,12821,15,837
aa-1-10-2-7:30,2336,1,2777,32,2998,3,2778,12821,15,837
aa-1-10-2-8:30,2336,1,2777,32,2998,3,2778,12821,15,837
aa-1-10-2-8-2:30,2336,1,2777,32,2998,3,2778,12821,15,837
aa-1-10-2-8-1:30,2336,1,2777,32,2998,3,2778,12821,15,837
aa-1-10-2-9:30,2336,1,2777,32,2998,3,2778,12821,15,837
aa-1-10-2-10:30,2336,1,2777,6745,32,2998,3,2778,12821,15,837
aa-1-10-2-11:30,2336,1,2777,32,2998,3,2778,12821,15,837
aa-1-10-2-12:30,2336,1,2777,32,2998,3,2778,12821,15,837
aa-1-10-2-13:30,2336,1,2777,6700,32,2998,3,2778,12821,15,837
aa-1-10-2-14:30,2336,1,2777,32,2998,3,2778,12821,15,837
aa-1-10-2-15:30,2336,1,2777,32,2998,3,2778,12821,15,837
aa-1-10-2-16:30,2336,1,2777,32,2998,3,2778,12821,15,837
aa-1-10-2-17:30,2336,1,2777,32,2998,3,2778,12821,15,837
aa-1-10-8:30,2336,1,2777,6723,2998,6772,3,2778,12821,15,837
aa-1-10-7:30,2336,1,2777,32,2998,3,2778,12821,15,837
aa-1-10-3:30,2336,1,2777,2998,3,2778,12821,15,837
aa-1-10-4:30,2336,1,2777,2998,3,6795,6803,2778,12821,15,837
aa-1-10-5:30,2336,1,2777,2998,3,2778,12821,15,837
aa-1-10-5-2:30,2336,1,2777,2998,3,2778,12821,15,837
aa-1-10-5-3:30,2336,1,2777,2998,3,2778,12821,15,837
aa-1-10-5-1:30,2336,1,2777,2998,3,2778,12821,15,837
aa-1-10-6:30,2336,1,2777,32,2998,3,2778,12821,837,1193
aa-1-11:2995,5,30,2996,1191,1192,2336,3001,1,17,3244,3245,2777,35,32,1178,3,2778,12821,3253,1190,15,6817,837,1193,37
aa-1-12:30,2336,3001,1,2777,35,1178,3,6783,2778,12821,837,37,6850
aa-1-12-2:30,3001,1,2777,35,6748,1178,3,6783,2778,12821,837,37,6850
aa-1-12-3:30,3001,1,2777,35,6702,1178,3,6783,2778,12821,837,37,6850
aa-1-12-12:30,2336,3001,1,2777,35,1178,3,6783,2778,12821,837,37,6850
aa-1-12-4:30,2336,3001,1,6674,2777,35,1178,3,6783,2778,12821,837,37,6850
aa-1-12-5:30,3001,1,6673,2777,35,1178,3,6783,2778,12821,837,37,6850
aa-1-12-7:30,3001,1,2777,35,1178,3,6783,2778,12821,837,37,6850
aa-1-12-8:30,3001,1,2777,35,1178,3,6783,2778,12821,837,37,6850
aa-1-12-13:30,2336,3001,1,2777,35,1178,3,6783,2778,12821,837,37,6850
aa-1-12-11:30,2336,3001,1,2777,35,1178,3,6783,2778,12821,837,37,6850
aa-1-14:30,2336,3001,1,2777,35,3,2778,12821,837,37
aa-1-14-1:30,3001,1,2777,35,3,2778,12821,837,37
aa-1-14-2:30,3001,1,2777,35,3,2778,12821,837,37
aa-1-14-3:30,3001,1,2777,35,3,2778,12821,837,37
aa-1-14-5:30,3001,1,6670,2777,35,6719,1178,3,2778,12821,837,37
aa-1-14-6:30,3001,1,2777,35,3,2778,12821,837,37
aa-1-14-7:30,3001,1,2777,35,3,2778,12821,837,37
aa-1-14-8:30,3001,1,2777,35,3,2778,12821,837,37
aa-1-14-4:30,3001,1,2777,35,3,2778,12821,837,37
aa-1-15:30,41,2336,3001,1,2777,3,2778,12821,3253,1190,837,37
aa-1-16:30,3001,1,2777,3,2778,12821,837
aa-1-17:30,3001,1,2777,3,2778,12821,6808,837
aa-1-17-1:3001,1,2777,6690,3,2778,12821,6808,837,6832
aa-1-17-2:30,1,2777,3,2778,12821,6808,837
aa-1-17-2-1:30,3001,1,2777,35,1178,3,2778,12821,6808,837,37
aa-1-17-2-1-1:3001,1,2777,35,1178,3,2778,12821,6808,837,37
aa-1-17-2-1-2:30,3001,1,2777,35,1178,3,2778,12821,6808,837,37
aa-1-17-2-1-3:3001,1,2777,35,1178,3,2778,12821,6808,837,37
aa-1-17-2-1-6:30,3001,1,2777,35,1178,3,2778,12821,6808,837,37
aa-1-17-2-1-4:30,3001,1,2777,35,1178,3,2778,12821,6808,837,37
aa-1-17-2-1-5:30,3001,1,2777,35,3,2778,12821,1190,6808,837,37
aa-1-17-2-3:30,3001,1,2777,3,2778,12821,6808,837
aa-1-17-2-2:30,3001,1,2777,6685,3,2778,12821,6808,837,1193
aa-1-17-3:30,3001,1,2777,1198,3,2778,12821,1190,6808,15,837
aa-1-17-6:30,3001,1,2777,3,6797,2778,12821,6808,15,837
aa-1-17-4:30,3001,1,2777,32,3,2778,12821,6808,15,837,1193
aa-1-17-5:30,3001,1,2777,3,5040,2778,12821,6808,837
aa-1-17-7:30,3001,1,2777,3,2778,12821,6808,837
aa-1-18:50,5,30,3001,1,2777,3,12821,6811,6813,837
aa-1-18-1:50,5,3001,1,2777,3,12821,6811,6813,837
aa-1-18-2:50,5,3001,1,6667,2777,3,12821,6811,6813,837
aa-1-18-12:50,5,30,3001,1,2777,3,12821,6811,6813,837
aa-1-18-3:50,5,3001,1,2777,3,12821,6811,6813,837
aa-1-18-4:50,5,3001,1,2777,3,12821,6811,6812,6813,837
aa-1-18-13:50,5,30,3001,1,2777,3,12821,6811,6813,837
aa-1-18-5:50,5,3001,1,2777,6708,3,12821,6811,6813,837,6836
aa-1-18-6:50,5,3001,1,2777,3,12821,6811,6813,837
aa-1-18-7:50,5,3001,1,2777,3,12821,6811,6813,837
aa-1-18-8:50,5,3001,1,2777,3,12821,6810,6811,6813,837
aa-1-18-9:50,5,3001,1,2777,3,12821,6811,6813,837
aa-1-18-10:50,5,3001,1,2777,3,12821,6811,6813,837
aa-1-18-14:50,5,30,3001,1,2777,3,12821,6811,6813,837
aa-1-18-11:50,5,30,3001,1,2777,3,12821,6811,6813,837
aa-1-19:30,2336,3001,1,2777,6699,6733,6744,32,3,2778,12821,15,6824,837
aa-1-19-1:30,3001,1,2777,35,6732,6733,6744,1178,3,2778,12821,6824,837,37
aa-1-19-2:30,3001,1,2777,6733,6744,3,2778,12821,1190,6824,837
aa-1-19-3:30,3001,1,2777,6733,6744,3,2778,12821,6824,837,6252
aa-1-19-3-2:30,3001,1,2777,6733,6744,3,2778,12821,6824,837,6252
aa-1-19-3-1:30,3001,1,2777,6733,6744,3,2778,12821,6824,837,6252
aa-1-19-4:30,2336,3001,1,2777,6699,6733,6744,32,3,2778,12821,15,6824,837
aa-1-20:30,1,5261,2777,6760,3,2778,12821,15,2999,837
aa-1-20-2:30,1,5261,2777,6684,6760,3,2778,12821,2999,837
aa-1-20-5:30,1,5261,2777,6760,3,2778,12821,15,2999,6830,837
aa-1-20-6:30,6643,1,5261,2777,6749,6760,3,2778,12821,15,2999,837
aa-1-20-7:30,1,5261,2777,6760,32,3,2778,12821,15,2999,837
aa-1-20-22:30,1,5261,2777,6760,3,2778,12821,15,2999,837
aa-1-20-25:30,1,5261,2777,6760,3,2778,12821,15,2999,837
aa-1-20-25-1:30,1,5261,2777,6760,3,2778,12821,15,2999,837
aa-1-20-25-2:30,1,5261,2777,6760,3,2778,12821,15,2999,837
aa-1-20-12:30,1,5261,2777,6760,3,2778,12821,2999,837
aa-1-20-23:30,1,5261,2777,6760,3,2778,12821,15,2999,837
aa-1-20-3:30,1,5261,2777,6760,3,2778,12821,2999,837
aa-1-20-4:30,1,5261,2777,6750,6758,6760,3,2778,12821,2999,837
aa-1-20-17:30,1,5261,2777,6760,3,2778,12821,15,2999,837
aa-1-20-26:30,1,5261,2777,6760,3,2778,12821,15,2999,837
aa-1-20-29:30,1,5261,2777,6760,3,2778,12821,15,2999,837
aa-1-20-30:30,1,5261,2777,6760,3,2778,12821,15,2999,837
aa-1-20-27:30,1,5261,2777,6760,3,2778,12821,15,2999,837
aa-1-20-24:30,1,5261,2777,6760,3,2778,12821,15,2999,837
aa-1-20-28:30,1,5261,2777,6760,3,2778,12821,15,2999,837
aa-1-23:30,1,2777,32,3,2778,12821,15,837
aa-1-23-9:30,1,2777,32,3,2778,12821,15,837
aa-1-23-8:30,1,2777,32,3,2778,12821,15,837
aa-1-23-6:30,1,2777,32,3,2778,12821,15,837
aa-1-23-11:30,1,2777,32,3,2778,12821,15,837
aa-1-23-5:30,1,2777,32,3,2778,12821,15,837
aa-1-23-4:30,1,2777,32,3,2778,12821,15,837
aa-1-23-12:30,1,2777,32,3,2778,12821,15,837
aa-1-23-3:30,1,2777,32,3,2778,12821,15,837
aa-1-23-1:30,1,2777,3,2778,12821,15,837
aa-1-23-1-3:30,1,2777,3,2778,12821,15,837
aa-1-23-1-2:30,1,2777,3,2778,12821,15,837
aa-1-23-1-1:30,1,2777,3,2778,12821,15,837
aa-1-23-7:30,1,2777,32,3,2778,12821,15,837
aa-1-23-10:30,1,2777,32,3,2778,12821,15,837
aa-1-23-2:30,1,6680,2777,3,6804,2778,12821,837
aa-1-23-2-2:30,1,6680,2777,3,6804,2778,12821,837
aa-1-23-2-1:30,1,6680,2777,3,6804,2778,12821,837
aa-1-24:30,1,2777,6688,6721,3,6799,2778,12821,837
aa-1-24-11:30,3001,1,2777,6688,6721,3,6799,2778,12821,837
aa-1-24-1:30,3001,1,2777,6688,6721,6737,3,6800,2778,12821,837
aa-1-24-1-3:30,3001,1,2777,6688,6721,6737,3,6800,2778,12821,837
aa-1-24-1-2:30,3001,1,2777,6688,6721,6737,3,6800,2778,12821,837
aa-1-24-1-1:30,3001,1,2777,6688,6721,6737,3,6800,2778,12821,837
aa-1-24-2:30,3001,1,2777,6688,6721,3,2778,12821,837
aa-1-24-3:30,3001,1,2777,6688,6721,3,2778,12821,837
aa-1-24-3-6:30,3001,1,2777,6688,6721,3,2778,12821,837
aa-1-24-3-1:30,3001,1,2777,6688,6721,3,2778,12821,837
aa-1-24-3-3:30,3001,1,2777,6688,6721,3,2778,12821,837
aa-1-24-3-2:30,3001,1,2777,6688,6721,3,2778,12821,837
aa-1-24-3-4:30,3001,1,2777,6688,6721,3,2778,12821,837
aa-1-24-3-5:30,3001,1,2777,6688,6721,3,2778,12821,837
aa-1-24-12:30,3001,1,2777,6688,6721,3,6799,2778,12821,837
aa-1-24-4:30,3001,1,2777,6688,6721,6766,3,2778,12821,837
aa-1-24-4-2:30,3001,1,2777,6688,6721,6766,3,2778,12821,837
aa-1-24-4-4:30,3001,1,2777,6688,6721,6766,3,2778,12821,837
aa-1-24-4-6:30,3001,1,2777,6688,6721,6766,3,2778,12821,837
aa-1-24-4-3:30,3001,1,2777,6688,6721,6766,3,2778,12821,837
aa-1-24-4-5:30,3001,1,2777,6688,6721,6766,3,2778,12821,837
aa-1-24-4-7:30,3001,1,2777,6688,6721,6766,3,2778,12821,837
aa-1-24-4-1:30,3001,1,2777,6688,6721,6766,3,2778,12821,837
aa-1-24-5:30,3001,1,2777,6688,6721,6761,1178,3,2778,12821,1190,15,837
aa-1-24-5-1:30,3001,1,2777,6688,6721,6761,1178,3,2778,12821,1190,15,837
aa-1-24-5-5:30,3001,1,2777,6688,6721,6761,1178,3,2778,12821,1190,15,837
aa-1-24-5-7:30,3001,1,2777,6688,6721,6761,1178,3,2778,12821,1190,15,837
aa-1-24-5-3:30,3001,1,2777,6688,6721,6761,1178,3,2778,12821,1190,15,837
aa-1-24-5-6:30,3001,1,2777,6688,6721,6761,1178,3,2778,12821,1190,15,837
aa-1-24-5-2:30,3001,1,2777,6688,6721,6761,1178,3,2778,12821,1190,15,837
aa-1-24-5-4:30,3001,1,2777,6688,6721,6761,1178,3,2778,12821,1190,15,837
aa-1-24-9:30,3001,1,2777,6688,6721,3,2778,12821,837
aa-1-24-9-1:30,3001,1,2777,6688,6721,3,2778,12821,837
aa-1-24-9-3:30,3001,1,2777,6688,6721,3,2778,12821,837
aa-1-24-9-4:30,3001,1,2777,6688,6721,3,2778,12821,837
aa-1-24-9-5:30,3001,1,2777,6688,6721,3,2778,12821,837
aa-1-24-9-2:30,3001,1,2777,6688,6721,3,2778,12821,837
aa-1-24-13:30,3001,1,2777,6688,6721,3,6799,2778,12821,837
aa-1-24-6:30,3001,1,2777,6688,6721,3,2778,12821,837,6846,6847
aa-1-24-6-3:30,3001,1,2777,6688,6721,3,2778,12821,837,6846,6847
aa-1-24-6-1:30,3001,1,2777,6688,6721,3,2778,12821,837,6846,6847
aa-1-24-7:5,30,3001,1,2777,6688,6721,1178,3,2778,12821,15,837
aa-1-24-8:30,3001,6659,1,5071,2777,6688,6721,3,2778,12821,15,837
aa-1-22:30,1,3244,3245,2777,32,3,2778,12821,1190,15,837
aa-1-22-1:30,3001,1,6675,3244,3245,6676,2777,32,3,2778,12821,1190,15,837
aa-1-22-1-1:30,3001,1,6675,3244,3245,6676,2777,32,3,2778,12821,1190,15,837
aa-1-22-1-4:30,3001,1,6675,3244,3245,6676,2777,32,3,2778,12821,1190,15,837
aa-1-22-1-2:30,3001,1,6675,3244,3245,6676,2777,32,3,2778,12821,1190,15,837
aa-1-22-1-3:30,3001,1,6675,3244,3245,6676,2777,32,3,2778,12821,1190,15,837
aa-1-22-2:3001,1,3245,2927,2777,2781,32,3,2778,12821,1190,15,837
aa-2:6635,50,30,2336,1,2777,4,3,837
aa-2-1:6635,50,5,30,1,2777,3,837
aa-2-33:6635,1,2777,3,2778,12821,837
aa-2-33-1:6635,2779,1,3,2778,12821,837
aa-2-33-2:6635,1,2780,3,2778,12821,837
aa-2-33-3:6635,50,3254,1,2777,3,2778,12821,837
aa-2-33-4:6635,1,2777,3,2778,12821,837
aa-2-3:6635,30,1,2777,3,837,6833
aa-2-4:6635,30,1,2777,3,837,6242
aa-2-5:6635,30,1,2777,3,837
aa-2-6:6635,50,30,6641,2779,3001,1,3,837
aa-2-7:6635,30,1,2777,3,837,6849
aa-2-7-6:6635,30,1,2777,3,837,6849
aa-2-7-1:6635,30,1,2777,3,837,6849
aa-2-7-3:6635,30,1,2777,3,837,6849
aa-2-7-2:6635,30,1,2777,3,837,6849
aa-2-7-5:6635,30,1,2777,3,837,6849
aa-2-7-4:6635,30,1,2777,3,837,6849
aa-2-8:6635,30,1,2777,3,837
aa-2-35:6635,50,30,1,3,837
aa-2-9:6635,50,30,1,2777,3,837
aa-2-10:6635,30,1,2781,60,3,837
aa-2-11:6635,30,1,2782,3,6118,837
aa-2-36:6635,50,30,1,3,837
aa-2-12:6635,30,1,6678,2777,3,837
aa-2-32:6635,50,30,1,2777,6686,3,837
aa-2-13:6635,50,30,1,6714,3003,2780,3255,3,837
aa-2-14:6635,30,1,3,837
aa-2-14-15:6635,30,1,3,837
aa-2-14-13:6635,30,1,2927,2777,2781,3,837
aa-2-14-14:6635,30,1,3,837
aa-2-14-1:6635,30,1,2777,3,837
aa-2-14-1-1:6635,30,1,2777,3,837
aa-2-14-1-2:6635,30,1,2777,3,837
aa-2-14-2:6635,30,1408,1,2914,3,837,5685
aa-2-14-3:6635,30,1,6660,2777,6710,6712,3,837
aa-2-14-4:6635,30,1,2927,2777,2781,2914,3,837,5685
aa-2-14-5:6635,30,1,2777,6711,6746,3,837
aa-2-14-6:6635,30,1,5678,2927,2777,2781,4,3,837
aa-2-14-6-2:6635,30,1,5678,2927,2777,2781,4,3,837
aa-2-14-6-3:6635,30,1,5678,2927,2777,2781,4,3,837
aa-2-14-6-4:6635,30,1,5678,2927,2777,2781,4,3,837
aa-2-14-7:6635,30,1,2777,3,837
aa-2-14-8:6635,30,1,5678,2927,2777,6715,2781,3,837
aa-2-14-9:6635,30,1,2777,3,6786,837
aa-2-14-9-1:6635,30,1,2777,3,6786,837
aa-2-14-9-2:6635,30,1,2777,3,6786,837
aa-2-14-10:6635,30,1,5678,2927,2777,2781,3,837,6835
aa-2-14-11:6635,30,1,3,837
aa-2-14-12:6635,30,6650,6652,1,2777,1199,6740,6741,6779,3,837,6855
aa-2-15:6635,50,30,1,2777,3,837
aa-2-16:6635,30,1,2777,3,837
aa-2-17:6635,50,30,1,2777,3004,3,2778,12821,837
aa-2-17-1:6635,50,30,6651,1,6664,2777,3004,3,12821,837
aa-2-17-2:6635,50,30,6639,1,2777,3004,3,12821,837
aa-2-17-3:6635,50,30,6642,1,2777,3004,3,12821,837
aa-2-17-17:6635,50,30,1,2777,3004,3,2778,12821,837
aa-2-17-4:6635,50,30,1,6665,2777,3004,3,12821,837
aa-2-17-5:6635,50,30,1,2777,3004,3,12821,837
aa-2-17-24:6635,50,30,1,2777,3004,3,2778,12821,837
aa-2-17-6:6635,50,30,1,2777,3004,3,12821,837
aa-2-17-7:6635,50,30,1,2777,3004,3,12821,837
aa-2-17-20:6635,50,30,1,2777,3004,3,2778,12821,837
aa-2-17-8:6635,50,30,1,2777,3004,3,12821,837
aa-2-17-25:6635,50,30,1,2777,3004,3,2778,12821,837
aa-2-17-19:6635,50,30,1,2777,3004,3,2778,12821,837
aa-2-17-22:6635,50,30,1,2777,3004,3,2778,12821,837
aa-2-17-9:6635,50,30,1,2777,3004,3,12821,837,6854
aa-2-17-18:6635,50,30,1,2777,3004,3,2778,12821,837
aa-2-17-21:6635,50,30,1,2777,3004,3,2778,12821,837
aa-2-17-10:6635,50,30,1,2777,3004,3,12821,837
aa-2-17-23:6635,50,30,1,2777,3004,3,2778,12821,837
aa-2-17-11:6635,50,30,6656,1,2777,3004,3,12821,837
aa-2-17-12:6635,50,30,1,2777,3004,3,12821,837,6840
aa-2-17-13:6635,50,30,1,2777,3004,3,12821,837
aa-2-17-14:6635,50,30,1,2777,6701,3004,3,12821,837
aa-2-17-15:6635,50,30,1,2777,3004,3,12821,837
aa-2-17-16:6635,50,30,1,6677,2777,3004,3,6785,12821,837
aa-2-18:6635,50,30,1,6662,2777,3,837
aa-2-18-5:6635,50,30,1,6662,2777,3,837
aa-2-18-1:6635,30,1,2777,6687,3,837
aa-2-18-2:6635,30,1,2777,3,837
aa-2-18-3:6635,30,1,2777,6716,3,837
aa-2-18-4:6635,50,30,1,6662,2777,3,837
aa-2-19:6635,5,30,1,2777,3,2778,12821,837
aa-2-20:6635,1,6755,3,837
aa-2-21:6635,1,2777,3,837
aa-2-22:6635,50,30,1,2777,3,837
aa-2-23:6635,50,30,1,2777,3,837,6853
aa-2-23-2:6635,50,30,1,2777,3,837,6853
aa-2-23-1:6635,50,30,1,2777,3,837,6853
aa-2-23-3:6635,50,30,1,2777,3,837,6853
aa-2-24:6635,1,2781,3,73,837
aa-2-34:6635,50,30,1,3,837
aa-2-25:6635,30,1,2777,3,837
aa-2-26:6635,50,30,2336,3001,1,5867,2777,6770,3,3256,837
aa-2-27:6635,30,1,1,3257,2842,3,2841,2777,1,3,77,6756,3,837,1,3
aa-2-28:6635,80,1,2777,3,2778,12821,1200,837
aa-2-29:6635,1,2777,60,3,837
aa-2-31:6635,50,30,1,2777,3,837
aa-2-31-5:6635,50,30,1,2777,3,837
aa-2-31-3:6635,50,30,1,2777,3,837
aa-2-31-4:6635,50,30,1,2777,3,837
aa-2-31-6:6635,50,30,1,2777,3,837
aa-2-31-2:6635,50,30,1,2777,3,837
aa-2-31-1:6635,50,30,1,2777,3,837
aa-2-30:6635,30,1,4,3,837
aa-2-30-5:6635,30,1,4,3,837
aa-2-30-1:6635,30,1,4,3,837
aa-2-30-3:6635,30,1,4,3,837
aa-2-30-2:6635,30,1,4,3,837
aa-2-30-4:6635,30,1,4,3,837
aa-3:30,2336,1,2777,4,3,837
aa-3-1:50,30,1,3,837
aa-3-2:30,1,2783,3,87,837
aa-3-5:30,1,3,837
aa-3-3:30,1,6663,2564,2777,3,2778,12821,837
aa-3-3-3:30,1,6663,2564,2777,3,2778,12821,837
aa-3-3-1:30,1,6663,2564,2777,3,2778,12821,837
aa-3-3-5:30,1,6663,2564,2777,3,2778,12821,837
aa-3-3-2:30,1,6663,2564,2777,3,2778,12821,837
aa-3-3-4:30,1,6663,2564,2777,3,2778,12821,837
aa-3-4:30,1,2777,3,837,843
aa-4:30,2336,2226,1,3,837
aa-4-5:30,2226,1,3,837
aa-4-8:30,2226,1,3,837
aa-4-7:30,2226,1,3,837
aa-4-4:30,2226,1,3,837
aa-4-1:1,4,3,837
aa-4-2:1,6742,6743,3,837
aa-4-6:30,2226,1,3,837
aa-4-3:1,3,6821,837
aa-5:30,2336,2226,1,3,837,3005
aa-5-1:30,844,6658,1,3,837
aa-5-1-2:30,844,6658,1,3,837
aa-5-1-3:30,844,6658,1,3,837
aa-5-1-1:30,844,6658,1,3,837
aa-5-2:30,1,3,837,3005
aa-5-3:30,6654,1,3,837
aa-5-4:50,30,6637,2958,3006,2784,3258,2336,2226,1,3,837
aa-5-4-23:50,30,6637,2958,3006,2784,3258,2336,2226,1,3,837
aa-5-4-1:30,6637,2958,3006,2784,3258,2336,2226,1,3,837
aa-5-4-2:30,6637,2958,3006,2784,3258,2336,2226,1,3,837
aa-5-4-3:30,6637,2958,3006,2784,3258,2336,2226,1,3,837
aa-5-4-22:50,30,6637,2958,3006,2784,3258,2336,2226,1,3,837
aa-5-4-4:30,6637,6638,2958,3006,2784,3258,2336,2226,1,3,837
aa-5-4-5:30,6637,2958,3006,2784,3258,2336,2226,1,3,837
aa-5-4-6:30,6637,2958,3006,2784,3258,2336,2226,1,3,837
aa-5-4-7:50,30,6637,2958,3006,2784,3258,2336,2226,1,2914,3,837,5685
aa-5-4-8:30,6637,2958,3006,2784,3258,2336,2226,1,3,837
aa-5-4-9:30,6637,2958,3006,2784,3258,2336,2226,1,3,837
aa-5-4-10:30,6637,2958,3006,2784,3258,2336,2226,1,3,837
aa-5-4-11:30,6637,2958,3006,2784,3258,2336,2226,1,3,837
aa-5-4-12:30,6637,2958,3006,2784,3258,2336,2226,1,3,837
aa-5-4-13:30,6637,2958,3006,2784,3258,2336,2226,1,3,837
aa-5-4-14:30,6637,2958,3006,2784,3258,2336,2226,1,6703,3,837
aa-5-4-21:50,30,6637,2958,3006,2784,3258,2336,2226,1,3,837
aa-5-4-15:30,6637,2958,3006,2784,3258,2336,2226,1,5680,6041,3,837
aa-5-4-16:30,6637,2958,3006,2784,3258,2336,2226,1,5680,3,837
aa-5-4-17:30,6637,2958,3006,2784,3258,2336,2226,1,3,837
aa-5-4-18:50,30,6637,2958,3006,2784,3258,2336,2226,1,3,837,2223
aa-5-4-19:30,6637,2958,3006,2784,3258,2336,2226,1,3,837
aa-5-4-20:30,6637,2784,1,3,837
aa-5-5:30,6657,2779,1,3,837,3005
aa-5-5-2:30,2779,1,3,837,3005
aa-5-5-3:30,2779,1,3,837,3005
aa-5-5-4:2779,1,6736,3,837,3005
aa-5-5-9:30,6657,2779,1,3,837,3005
aa-5-5-5:2779,1,3,837,3005
aa-5-5-6:2779,1,3,837,3005
aa-5-5-7:30,2226,2779,1,5680,3,837,3005
aa-5-5-8:2779,1,5680,3,837,3005
aa-6:30,2336,1,6671,6689,6706,2781,60,3,6818,6819,837
aa-6-1:30,98,1,2781,60,3,837
aa-6-2:30,3259,1,5032,2781,60,3,837,6834
aa-6-3:30,3260,1,2781,60,3262,3,837
aa-6-4:30,1,2781,60,3,6780,837
aa-6-4-1:30,1,2781,60,3,6780,837
aa-6-4-2:30,1,2781,60,3,6780,837
aa-6-5:30,1,2781,60,3,6820,837
aa-6-5-2:30,1,2781,60,3,6820,837
aa-6-5-1:30,1,2781,60,3,6820,837
aa-6-13:30,1,6671,6689,6706,2781,60,3,6818,6819,837
aa-6-6:30,1,6679,3261,2781,60,6765,3,837
aa-6-7:30,1,2781,6734,60,3262,3,105,837
aa-6-8:30,1,2781,60,3262,6767,3,837
aa-6-9:30,1,6707,5032,2781,60,3,3263,105,2322,837
aa-6-9-2:30,1,6707,5032,2781,60,3,3263,105,2322,837
aa-6-9-1:30,1,6707,5032,2781,60,3,3263,105,2322,837
aa-6-12:30,1,3,1,3,1272,1,3,3007,837,1201,3008,2951
aa-6-10:30,1,4,3,6792,837,1202
aa-6-10-1:30,2951,108,1,5678,2927,2781,3,837,1202,6851
aa-6-10-7:30,1,4,3,6792,837,1202
aa-6-10-5:30,1,4,3,6792,837,1202
aa-6-10-8:30,1,4,3,6792,837,1202
aa-6-10-2:30,1,3,6816,837
aa-6-10-4:30,1,4,3,6792,837,1202
aa-6-10-6:30,1,4,3,6792,837,1202
aa-6-10-3:30,1682,1571,1,1272,3,837,6856
aa-6-11:30,1,3,1,6653,3,6666,1,3,837,1201,3008,2951,6852
aa-7:30,2336,1,3,837
aa-7-1:30,2779,1,5977,3,87,837
aa-7-2:30,2779,1,6704,3,87,837,6843
aa-7-3:30,1,2777,3,87,837
aa-7-3-1:30,1,2777,3,87,837
aa-7-3-2:30,1,2777,3,87,837
aa-7-3-3:30,1,2777,3,87,837
aa-7-4:30,2779,1,3,87,6825,837
aa-7-4-4:30,2779,1,3,87,6825,837
aa-7-4-1:30,2779,1,3,87,6825,837
aa-7-4-3:30,2779,1,3,87,6825,837
aa-7-4-2:30,2779,1,3,87,6825,837
aa-7-5:30,2779,1,6693,6695,6726,3,87,837
aa-7-5-1:30,2779,1,6695,6726,3,87,837
aa-7-5-2:30,2779,1,6692,6695,6726,6727,6728,3,87,837
aa-7-5-3:30,2779,1,6695,6726,3,87,837
aa-7-5-4:30,2779,1,6695,6726,3,87,837
aa-7-5-4-2:30,2779,1,6695,6726,3,87,837
aa-7-5-4-1:30,2779,1,6695,6726,3,87,837
aa-7-5-5:30,2779,1,6693,6695,6726,3,87,837
aa-7-6:30,2779,1,3,6807,837
aa-7-7:30,2779,1,6683,3,6801,837
aa-8:30,2336,80,1,6696,2783,128,6759,1203,6774,3,3009,846,87,837,6837,847
aa-8-1:5,30,2336,80,1,2783,6698,128,6759,6774,3,3009,846,87,837,847
aa-8-11:2336,80,1,2783,6759,6774,3,3009,846,87,837,847
aa-8-11-4:5,2336,80,1,2783,6759,6774,3,3009,846,87,837,847
aa-8-11-1:1204,2336,80,1,2783,6759,1203,6774,3,3009,846,87,837,847
aa-8-11-2:2336,80,1,2783,6759,1203,6774,3,3264,3009,846,87,837,847
aa-8-11-5:2336,80,1,2783,6759,1203,6774,3,3009,846,87,837,847
aa-8-11-6:2336,80,1,3265,2783,6759,6774,3,3009,846,87,837,847
aa-8-3:30,1204,2336,80,1,2783,128,6759,1203,6774,3,3009,846,87,837,847
aa-8-9:30,2336,80,1,3266,2783,6729,6759,1203,6774,3,3009,846,87,837,847
aa-8-10:30,2336,80,1,2783,128,6718,3267,6759,1203,6774,3,3009,846,87,837,847
aa-8-6:30,2336,80,1,2783,128,6759,1203,6774,3,3264,3009,846,87,837,847
aa-8-7:30,2336,80,1,2783,128,6759,1203,6774,3,3009,846,87,3268,837,847
aa-8-8:5,30,2336,80,1,2783,128,6759,1203,6774,3,6791,3009,846,87,3269,837,847,6848
ae-1:2274,2275,3010,2276
ae-2:1,3
ae-2-1:1,4,3
ae-2-1-1:30,5679,1682,1,4,3,5685
ae-2-1-1-1:30,9131,2277,2278,2279,10537
ae-2-1-1-2:30,5679,1,2280,3,10366
ae-2-1-1-3:30,5679,1,9506,9507,9508,9509,3,2281
ae-2-1-1-4:30,9736,2282,3270,9737,2283,9757,8678
ae-2-1-1-5:30,1,2781,2285,3
ae-2-1-1-6:30
ae-2-1-1-7:30,1,4,9941,9942,3271,3
ae-2-1-1-10:9548,10038,3419
ae-2-1-1-8:30,2287,2288,2289
ae-2-1-1-9:30,1,3
ae-2-1-1-9-1:30,9393
ae-2-1-1-9-2:30
ae-2-1-2:5679,1,3
ae-2-1-2-1:1,3
ae-2-1-2-1-1:1,2290,3
ae-2-1-2-1-1-1:1,10008,2290,2234,3
ae-2-1-2-1-1-2:1,2290,2234,3
ae-2-1-2-1-2:1,2234,3
ae-2-1-2-1-3:1,9323,9324,4,3
ae-2-1-2-1-4:1,2291,2234,2292,3
ae-2-1-2-1-5:1,9988,9989,3
ae-2-1-2-1-6:1,2293,2234,3,3272
ae-2-1-2-1-7:1,2290,2234,3,2294,10497
ae-2-1-2-2:1,3
ae-2-1-2-2-7:1,2926,3
ae-2-1-2-2-1:50,2295,1,5678,2927,2926,2781,2914,3,5685
ae-2-1-2-2-1-1:50,9119,9120,9121,2295,1,5678,2927,2926,2781,3
ae-2-1-2-2-1-2:50,2295,1,2926,3,10274
ae-2-1-2-2-2:1,5678,2927,2926,2781,3
ae-2-1-2-2-3:50,1,9499,2926,3
ae-2-1-2-2-3-1:50,1,9499,2926,3
ae-2-1-2-2-3-2:50,1,9499,2926,9658,9659,9660,3
ae-2-1-2-2-3-3:50,1,9499,2926,9723,9730,9741,3
ae-2-1-2-2-4:1,9286,2926,9724,9725,3
ae-2-1-2-2-4-1:1,9286,2926,9724,9726,9725,3,10360
ae-2-1-2-2-4-2:1,9286,2926,9728,9724,9725,3
ae-2-1-2-2-4-3:1,9286,2926,9724,9725,3,10225,10226
ae-2-1-2-2-4-4:1,9286,2926,9727,9724,9725,3,10236,10285,10352
ae-2-1-2-2-5:1,9296,2926,3,73,10575,2296
ae-2-1-2-2-6:1,2926,3
ae-2-1-2-2-6-1:1,2926,3,10572,10574,10578,10581
ae-2-1-2-2-6-2:1,2926,3,10579,10580
ae-2-1-2-2-6-3:1,2926,3,10569,10570,10571,10573,10576
ae-2-1-2-2-6-4:1,2926,3,10577
ae-2-1-2-3:5679,1,2952,3
ae-2-1-2-3-1:5679,1,1384,2952,2298,3
ae-2-1-2-3-2:5679,2299,2062,2300
ae-2-1-2-3-3:5679,1,2301,3
ae-2-1-2-3-3-1:1,2301,3
ae-2-1-2-3-3-2:8963,5679,1,2301,3
ae-2-1-2-3-3-3:8970,1,9295,2301,3
ae-2-1-2-3-3-4:8971,1,9248,9408,9409,2301,3
ae-2-1-2-3-3-5:1,2301,3
ae-2-1-2-3-3-6:1,9228,2301,9753,9754,3
ae-2-1-2-3-3-7:1,2301,3,10516
ae-2-1-2-3-4:1,9253,2302,9631,9632,9633,3,10113,2303
ae-2-1-2-3-5:2952,2300
ae-2-1-2-3-6:5679,2062,9749,9750,9751,9752,2305
ae-2-1-2-3-7:5679,1,9998,9999,2306,3
ae-2-1-2-4:1,5678,2927,2781,2914,3,5685
ae-2-1-2-4-1:2307,9580,2219
ae-2-1-2-4-2:9332,2914,10369,5685,10552
ae-2-1-2-4-2-1:9332,2914,10369,10551,5685
ae-2-1-2-4-2-2:9332,2914,10369
ae-2-1-2-4-2-3:9332,9403,9404,2914,10369
ae-2-1-2-4-2-4:9332,2914,10369
ae-2-1-2-4-2-5:9332,2914,10369
ae-2-1-2-4-2-6:9332,2914,10369,10553
ae-2-1-2-4-2-7:9332,2914,10369
ae-2-1-2-4-3:10000,2308
ae-2-1-2-4-4:5686,5682,73,2309
ae-2-1-2-5:5679,1,9608,3
ae-2-1-2-5-1:5679,10133,2300,10510
ae-2-1-2-5-1-1:5679,9212,9213,10133,2300,10510
ae-2-1-2-5-1-2:5679,10133,2300,10510
ae-2-1-2-5-1-3:5679,10133,2300,10510
ae-2-1-2-5-1-4:10133,2300,10510
ae-2-1-2-5-1-5:5679,9211,9325,9641,9642,10133,2300,10510
ae-2-1-2-5-1-6:9640,10133,10214,2300,10510
ae-2-1-2-5-1-7:5679,2310,9644,10133,10510,10529,10530
ae-2-1-2-5-2:9326,9327,1350,73
ae-2-1-2-5-3:1,2782,9377,9378,3
ae-2-1-2-5-4:1,3
ae-2-1-2-5-4-1:1,3
ae-2-1-2-5-4-2:1,3,10393
ae-2-1-2-5-5:8953,1,9615,3
ae-2-1-2-5-5-1:8953,1,9615,3
ae-2-1-2-5-5-2:8953,1,9609,9615,3
ae-2-1-2-5-5-3:8953,1,9610,9611,9612,9613,9614,9615,3
ae-2-1-2-5-5-4:8953,1,9615,3
ae-2-1-2-6:1,9461,2777,2953,3,10476
ae-2-1-2-6-1:9461,4,10476
ae-2-1-2-6-1-1:9055,9056,9057,9461,4,10476
ae-2-1-2-6-1-2:5678,9461,2927,2781,4,5684,10476
ae-2-1-2-6-2:1,9461,2777,3,10420,10427,10433,10476
ae-2-1-2-6-2-1:1,9461,2777,3,10420,10427,10433,10476
ae-2-1-2-6-2-2:1,9227,9460,9461,2777,3,10420,10427,10428,10431,10432,10433,10476
ae-2-1-2-6-2-4:1,9461,2777,3,10117,10118,10420,10427,10433,10476
ae-2-1-2-6-2-6:1,9461,2777,9768,3,10250,10420,10426,10427,10429,10433,10476
ae-2-1-2-6-2-7:1,9461,2777,3,10420,10427,10433,10476
ae-2-1-2-6-3:1,9461,2777,3,10476
ae-2-1-2-6-3-1:1,9459,9461,2777,9534,3,10476
ae-2-1-2-6-3-2:1,9461,2777,3,10476
ae-2-1-2-6-3-3:1,9461,2777,9560,9562,3,10476
ae-2-1-2-6-3-4:1,9461,2777,9531,3,10476
ae-2-1-2-6-3-5:1,9461,9463,2777,9533,3,10476
ae-2-1-2-6-3-6:1,9461,2777,9532,3,10064,10333,10334,10335,10336,10476,10496
ae-2-1-2-6-3-7:1,9461,2777,3,10476
ae-2-1-2-6-4:1,9461,2777,2953,5686,3,5682,10476,2312
ae-2-1-2-7:1,3,10404,10546,10549,10550
ae-2-1-2-7-1:1,3273,3,10404,10546,10549,10550
ae-2-1-2-7-2:1,3274,5686,3,5682,10404,10546,10549,10550,2903
ae-2-1-2-7-3:9059,1,2313,3,10404,10545,10546,10549,10550,2903
ae-2-1-2-7-3-1:9059,1,2313,3,10404,10545,10546,10549,10550,2903
ae-2-1-2-7-3-2:9058,9059,1,2313,3,10404,10545,10546,10549,10550,2903
ae-2-1-2-7-3-3:9059,1,9331,2313,3,10404,10545,10546,10549,10550,2903
ae-2-1-2-7-3-4:9059,1,2313,3,10404,10545,10546,10549,10550,2903
ae-2-1-2-7-3-5:9059,1,2313,9877,9878,3,10404,10545,10546,10548,10549,10550,2903
ae-2-1-2-7-3-6:9059,1,2313,3,10404,10545,10546,10547,10549,10550,2903
ae-2-1-2-7-3-7:9059,1,2313,3,10404,10545,10546,10549,10550,2903
ae-2-1-2-8:1,5678,2927,2781,5686,3,5682
ae-2-1-2-8-1:2314,1,5678,2927,2781,3,2315,134
ae-2-1-2-8-1-1:9048,1,5678,2927,2781,5681,10019,2314,3,2315,134
ae-2-1-2-8-1-2:1,5678,2927,2781,10016,10018,2314,3,2315,134
ae-2-1-2-8-1-3:9089,1,5678,2927,9486,9487,2781,2314,3,2315,134,10432
ae-2-1-2-8-1-4:1,2927,5686,2314,3,5682,2315,134
ae-2-1-2-8-1-5:8968,2314,1,5678,2927,9779,2781,3,2315,134
ae-2-1-2-8-1-6:1,2927,10017,2314,3,2315,134
ae-2-1-2-8-1-7:1,5678,2927,2781,5686,10015,2314,3,5682,10230,2315,134
ae-2-1-2-8-1-8:2314,1,2927,3,2315,134
ae-2-1-2-8-2:2318,1,5678,2927,2781,5681,3,5683,5684
ae-2-1-2-8-3:9095,9100,1,2927,3
ae-2-1-2-8-4:2319,5679,2320,1,5678,2927,2781,2914,3,10338,10339,10340,134,5685
ae-2-1-2-8-4-1:2319,2320,1,2927,3,10338,10339,10340,134
ae-2-1-2-8-4-2:2319,2320,1,2927,3,10338,10339,10340,134
ae-2-1-2-8-4-4:2319,2320,1,2927,3,10338,10339,10340,134
ae-2-1-2-8-5:1,9466,9468,9469,2927,3
ae-2-1-2-8-5-1:1,9468,9469,2927,3
ae-2-1-2-8-5-2:1,9468,9469,9470,2927,9583,3
ae-2-1-2-8-5-3:1,9468,9469,2927,3
ae-2-1-2-8-5-4:9122,1,9468,9469,9471,2927,3
ae-2-1-2-8-5-5:1,9468,9469,2927,1514,9808,3
ae-2-1-2-8-5-6:1,9465,9467,9468,9469,2927,3
ae-2-1-2-8-6:1,2321,9524,9525,3
ae-2-1-2-8-6-1:1,2321,9517,9521,9524,9525,3
ae-2-1-2-8-6-2:1,2321,9524,9525,9859,9860,3
ae-2-1-2-8-6-3:1,2321,9520,9524,9525,9526,9990,3
ae-2-1-2-8-6-4:1,2321,9518,9522,9524,9525,9777,3
ae-2-1-2-8-6-5:1,2321,9524,9525,3
ae-2-1-2-8-6-6:1,2321,9516,9524,9525,3,10376
ae-2-1-2-8-6-7:1,2321,9515,9519,9523,9524,9525,9527,3,10107
ae-2-1-2-8-7:1,5678,2927,3275,2781,5681,3,5683,5684
ae-2-1-2-8-8:1,5681,3,5683,5684,2322
ae-2-1-2-8-8-1:1,3,2322
ae-2-1-2-8-8-2:9124,1,5681,3,5683,5684,2322
ae-2-1-2-8-8-3:2374,1,9341,5681,3,5683,5684,2322
ae-2-1-2-8-8-4:1,3,2322
ae-2-1-2-8-8-5:1,9629,3,10343,2322,10344
ae-2-1-2-8-8-6:1,5681,3,5683,5684,2322
ae-2-1-2-8-8-7:1,5678,2927,2781,5681,3,10021,10022,10023,10024,10025,10026,5683,5684
ae-2-1-2-8-9:1,5678,2927,9546,2781,3,2322
ae-2-1-2-8-9-1:1,5678,2927,9546,2781,3,2322
ae-2-1-2-8-9-2:1,9546,9732,3,10154,2322
ae-2-1-2-8-9-3:5679,8987,1,5678,2927,9546,2781,3,2322
ae-2-1-2-8-9-4:1,5678,2927,9546,2781,3,10155,10156,10157,10237,2322
ae-2-1-2-8-10:1,2321,2927,3,10163,10164
ae-2-1-2-8-10-1:1,2321,2927,3,10163
ae-2-1-2-8-10-2:1,2321,2927,9607,3,10163
ae-2-1-2-8-10-3:1,2321,2927,3,10158,10159,10160,10163
ae-2-1-2-8-10-4:1,2321,2927,3,10163
ae-2-1-2-8-10-5:1,2321,2927,9986,3,10163
ae-2-1-2-8-10-6:1,2321,2927,3,10087,10163
ae-2-1-2-8-10-7:1,2321,2927,3,10163,10165,10463,10464
ae-2-1-2-8-10-8:1,2321,2927,3,10161,10163,10188
ae-2-1-2-8-10-9:1,2321,2927,3,10163,10462
ae-2-1-2-8-10-10:1,2321,2927,3,10163,10401,10402
ae-2-1-2-8-10-11:1,2321,2927,3,10163
ae-2-1-2-8-11:1,2321,9634,9636,3,2323
ae-2-1-2-8-11-1:1,2321,9636,2323,3
ae-2-1-2-8-11-2:1,2321,9636,9637,2323,3
ae-2-1-2-8-11-3:1,2321,9636,2323,9639,3
ae-2-1-2-8-11-4:1,2321,9635,9636,9638,2323,3
ae-2-1-2-8-11-5:1,2321,9343,9636,3,10229,2323
ae-2-1-2-8-12:1,2927,9814,9815,3011,3
ae-2-1-2-8-12-1:9153,9154,9155,1,2927,9814,9815,3011,3
ae-2-1-2-8-12-2:1,9344,2927,9811,9812,9814,9815,3011,3,10235
ae-2-1-2-8-12-3:1,2927,9814,9815,3011,9837,9838,9839,3
ae-2-1-2-8-12-4:1316,9152,1,2927,9814,9815,3011,9924,3
ae-2-1-2-8-12-5:1,2927,9813,9814,9815,3011,3,10265,10416
ae-2-1-2-9:1,2327,2062,3
ae-2-1-2-10:4
ae-2-1-2-10-1:9042,9043,9044,2953,4,2219
ae-2-1-2-10-2:2953,4
ae-2-1-2-10-3:2953,4,10051,1785
ae-2-1-2-11:1,2329,2330,4,3
ae-2-1-2-17:9975
ae-2-1-2-17-1:9132,9133,1,9975,3
ae-2-1-2-17-1-5:9132,9133,1,9975,3
ae-2-1-2-17-1-4:9132,9133,1,9975,3
ae-2-1-2-17-1-6:9132,9133,1,9975,3
ae-2-1-2-17-1-1:9132,1,9975,3,1637,10517,10518,10519
ae-2-1-2-17-1-1-1:9132,1,9975,3,1637,10517,10518,10519
ae-2-1-2-17-1-1-7:9132,1,9975,3,1637,10517,10518,10519
ae-2-1-2-17-1-1-2:9132,1,9252,9619,9620,9975,3,10129,1637,10517,10518,10519
ae-2-1-2-17-1-1-3:9132,1,9342,9975,10005,10006,3,1637,10517,10518,10519
ae-2-1-2-17-1-1-4:9132,1,9975,3,1637,10517,10518,10519
ae-2-1-2-17-1-1-6:9132,1,9975,3,1637,10517,10518,10519
ae-2-1-2-17-1-1-5:9132,1,9975,3,1637,10517,10518,10519
ae-2-1-2-17-1-2:50,9132,4,9975
ae-2-1-2-17-1-2-1:50,9132,9292,4,9975,10534
ae-2-1-2-17-1-2-2:50,9132,4,9975,10128,10224,10536
ae-2-1-2-17-1-3:9132,4,9975,10532
ae-2-1-2-17-1-3-4:9132,4,9975,10532
ae-2-1-2-17-1-3-2:50,9132,4,9975,10532,10535
ae-2-1-2-17-1-3-1:9132,4,9975,10532,10533
ae-2-1-2-17-1-3-3:9132,4,9975,10532
ae-2-1-2-17-3:9975
ae-2-1-2-17-2:5128,9975,10034,10035,10037
ae-2-1-2-17-2-2:5128,1755,9975,10032,10033,10034,10035,10037
ae-2-1-2-17-2-1:5128,2449,9748,9975,3422,10034,10035,10036,10037,10039,10186
ae-2-1-2-12:1,1456,3,10091,2758
ae-2-1-2-12-1:9204,9205,2954,1,1456,3,2758
ae-2-1-2-12-1-1:9204,9205,2954,1,1456,3,2758
ae-2-1-2-12-1-1-1:8961,9204,9205,9207,2954,1,9410,1456,3,2758
ae-2-1-2-12-1-1-2:9204,9205,2954,1,9545,9992,1456,3,2758
ae-2-1-2-12-1-1-3:9204,9205,2954,1,1456,3,10085,10086,2758
ae-2-1-2-12-1-1-4:9204,9205,2954,1,1456,3,2758,10220
ae-2-1-2-12-1-1-5:9204,9205,9206,2954,1,1456,3,2758,10227,10228
ae-2-1-2-12-1-2:9204,9205,1,9900,9901,1456,3,2758
ae-2-1-2-12-2:1,1601,1456,3,2329,2758
ae-2-1-2-12-3:1,1456,3,10065,10066,10067,2329,2758
ae-2-1-2-12-3-1:1,1456,3,10065,10066,10067,2329,2758
ae-2-1-2-12-3-2:1,1456,3,10065,10066,10067,2329,2758
ae-2-1-2-12-4:1,1456,3,10092,10093,10094,2758,2954,10507
ae-2-1-2-14:1,3,6823,10418,10511
ae-2-1-2-14-1:9135,2928,1,2234,3,6823,10418,10511
ae-2-1-2-14-1-1:1,9501,4,9939,9943,9955,2234,3,6823,10418,10511
ae-2-1-2-14-1-1-1:8958,8959,1,9501,9939,9943,9955,2234,3,6823,10418,10511
ae-2-1-2-14-1-1-2:1,9496,9497,9501,9938,9939,9943,9955,2234,3,6823,10418,10511
ae-2-1-2-14-1-1-3:1,9462,9501,9939,9940,9943,9955,2234,3,6823,10418,10511
ae-2-1-2-14-1-1-4:1,9501,4,9939,9943,9955,2234,3,6823,10418,10511
ae-2-1-2-14-1-2:2334,2928,9137,2335,1,5867,2929,10001,2234,3,6823,10359,10418,10511
ae-2-1-2-14-1-2-1:2334,9137,9140,2335,1,5867,2929,10001,2234,3,6823,10359,10418,10511
ae-2-1-2-14-1-2-2:2334,9137,2335,9141,1,5867,2929,10001,2234,3,6823,10359,10418,10511
ae-2-1-2-14-1-2-3:2334,9137,2335,1,5867,2929,10001,2234,3,6823,10353,10359,10418,10511
ae-2-1-2-14-1-3:1,9956,2234,3,6823,10418,10511
ae-2-1-2-14-1-3-1:1,9956,2234,3,10068,10070,6823,10418,10511
ae-2-1-2-14-1-3-2:1,9956,2234,3,6823,10418,10511
ae-2-1-2-14-1-3-3:1,9952,9956,2234,3,10069,6823,10418,10511
ae-2-1-2-14-2:2336,1,2777,9502,9505,9511,5686,3737,3,6823,10418,10511
ae-2-1-2-14-2-1:2336,9173,1,9502,9505,9511,3,6823,10418,10511
ae-2-1-2-14-2-2:2336,1,2777,9502,9505,9511,5686,3737,3,6823,10418,10511
ae-2-1-2-14-2-3:2336,1,9379,9380,9381,9382,2777,9502,9505,9511,3,6823,10418,10475,10511
ae-2-1-2-14-2-4:2336,1,9346,9502,9505,9511,9513,9558,9559,3,6823,10418,10511
ae-2-1-2-14-2-5:2336,1,9502,9505,9511,9561,9770,3,6823,10418,10511
ae-2-1-2-14-2-6:2336,1,9502,9504,9505,9511,9833,9834,3,6823,10418,10511
ae-2-1-2-14-2-7:2336,1,9502,9505,9510,9511,9985,9987,3,6823,10418,10511
ae-2-1-2-14-2-8:2336,1,9502,9505,9511,9512,3,6823,10418,10511
ae-2-1-2-14-2-9:2336,1,9502,9503,9505,9511,3,10263,6823,10418,10511,10520
ae-2-1-2-14-2-10:2336,1,9502,9505,9511,3,6823,10418,10511
ae-2-1-2-14-3:2336,1,3276,9772,9773,9775,3,6823,10418,10511
ae-2-1-2-14-3-1:2336,1,3276,9772,9773,9775,3,6823,10418,10511
ae-2-1-2-14-3-2:2336,1,3276,9772,9773,9774,9775,3,10234,6823,10418,10511
ae-2-1-2-14-4:2336,1,2338,2234,3,6823,10418,10511
ae-2-1-2-14-4-1:9136,2336,1,2338,2234,3,10105,6823,10418,10511
ae-2-1-2-14-4-2:2336,1,2338,9316,9500,2234,3,10106,6823,10418,10511
ae-2-1-2-14-4-3:8952,2336,1,2338,2234,3,6823,10418,10511
ae-2-1-2-14-4-4:2336,1,2338,2234,3,6823,10418,10452,10454,10511
ae-2-1-3:1682,1571,1,4,3
ae-2-1-3-1:4
ae-2-1-3-2:2958,2784,3258,2336,2226,3012
ae-2-1-3-3:50,9498,4
ae-2-1-3-4:2914,4,10102,2339,10245,5685
ae-2-1-3-5:4,2340
ae-2-1-3-6:9282,9413,4,10312
ae-2-1-3-6-1:9282,4,1205
ae-2-1-3-6-2:9081,9282,4
ae-2-1-3-6-3:9282,4,10316
ae-2-1-3-6-4:9102,9103,9104,9282,1219,9740,4
ae-2-1-3-6-5:9282,9411,9412,4
ae-2-1-3-6-6:1,9282,3
ae-2-1-3-6-7:9282,9575,9576,4
ae-2-1-3-6-8:9282,9577,9578,4,10415
ae-2-1-3-6-9:9282,9818,4
ae-2-1-3-6-11:9282,4
ae-2-1-3-6-12:9282,4
ae-2-1-3-6-13:9282,4,9905
ae-2-1-3-6-14:9179,9282,4,10267,10268
ae-2-1-3-6-15:9282,4,10311
ae-2-1-3-6-16:9282,9974,10313,10314,10318
ae-2-1-3-6-17:9282,4
ae-2-1-3-6-18:9282,4
ae-2-1-3-6-19:9282,9291,4,10531
ae-2-1-3-6-20:9282,4,10564,10565
ae-2-1-3-7:1,4,3,10330,10331
ae-2-1-4:1682,1571,1,2914,3
ae-2-1-4-1:50,2930,9068,9070,9272,73
ae-2-1-4-1-1:50,2930,9068,9069,9070,9272,73
ae-2-1-4-1-2:50,2930,9068,9070,9272,73
ae-2-1-4-2:9072,9073,2341,2903
ae-2-1-4-2-1:9071,9072,9073,9490,10358,2341,2903
ae-2-1-4-2-2:9072,9073,2341,2903
ae-2-1-4-2-3:9072,9073,9074,6436,2341,2903
ae-2-1-4-2-4:9072,9073,2341,2903
ae-2-1-4-2-5:9072,9073,2341,2903
ae-2-1-4-2-6:2930,9072,9073,2341
ae-2-1-4-3:2930,1682,1571
ae-2-1-4-3-1:2930,10003,2342
ae-2-1-4-3-1-1:2930,10003,2342
ae-2-1-4-3-1-2:2930,10003,2342
ae-2-1-4-3-1-3:2930,10003,2342
ae-2-1-4-3-1-4:2930,10003,2342
ae-2-1-4-3-1-5:2930,10003,2342
ae-2-1-4-3-1-6:2930,10002,10003,2342
ae-2-1-4-3-1-7:2930,10003,2342
ae-2-1-4-3-1-8:2930,10003,2342
ae-2-1-4-3-2:2930,2343,10004,73,843
ae-2-1-4-4:1682,1571,1,3
ae-2-1-4-4-1:1388,1295,2344
ae-2-1-4-4-1-1:1388,1295,2344
ae-2-1-4-4-1-2:1388,9701,1295,2344,10215
ae-2-1-4-4-1-3:1388,9347,1295,10060,2344
ae-2-1-4-4-1-4:1388,1295,2344
ae-2-1-4-4-2:2930,1,9321,3277,3
ae-2-1-4-4-3:1388,9236,2345,1295
ae-2-1-4-4-4:2930,1,3
ae-2-1-4-4-4-1:2930,9329,9330
ae-2-1-4-4-4-2:2930
ae-2-1-4-4-5:2930
ae-2-1-4-4-6:2930,8969
ae-2-1-4-4-6-1:2930,8969,9484
ae-2-1-4-4-6-2:2930,8969,9485
ae-2-1-4-4-7:2930,1682,1571,10223
ae-2-1-4-4-8:2930
ae-2-1-4-4-8-1:2930,10027,10028
ae-2-1-4-4-8-2:2930,10284
ae-2-1-4-4-8-3:2930,10422,10423,10424,10425
ae-2-1-4-4-8-4:2930,10187,10562
ae-2-1-4-5:2930,1682,1571,9322,3278
ae-2-1-4-6:1,5678,3
ae-2-1-4-6-1:1408,1603,3279,2346,1,1295,3
ae-2-1-4-6-2:50,2930,2347
ae-2-1-4-6-3:2930,2321,2348,9376,5343
ae-2-1-4-6-4:2930
ae-2-1-4-6-4-1:2930,9060,9406,9861,10213
ae-2-1-4-6-4-2:2930,9405,9407
ae-2-1-4-6-11:1,5678,3
ae-2-1-4-6-13:1,5678,3
ae-2-1-4-6-5:2321,4,2349
ae-2-1-4-6-6:1,9284,3,10337
ae-2-1-4-6-6-1:1,9283,9284,3,10337
ae-2-1-4-6-6-2:1,9284,3,10337
ae-2-1-4-6-7:2930,1,3,2955,2300
ae-2-1-4-6-8:2930,10341
ae-2-1-4-6-8-1:2930,10341
ae-2-1-4-6-8-2:2930,9809,10180,10341
ae-2-1-4-6-8-3:2930,9953,10181,10182,10341
ae-2-1-4-6-9:2930
ae-2-1-4-6-9-1:2930,10184,10185
ae-2-1-4-6-9-2:2930,10114,10115,10116
ae-2-1-4-6-9-3:2930,9651,10221,10222
ae-2-1-4-6-10:1,3,10405
ae-2-1-4-7:50,2930,3013,9348,9349,9656
ae-2-1-4-8:50,2930,3014
ae-2-1-4-9:50,2930,3013,9529,9769
ae-2-1-4-10:3015,4,73
ae-2-1-4-10-1:9138,9139,3015,4,73
ae-2-1-4-10-2:9246,3015,9337,9338,9339,9592,4,73
ae-2-1-4-10-3:9181,3015,9488,4,73
ae-2-1-4-10-4:3015,4,9945,9946,9947,9948,73
ae-2-1-4-10-5:9263,3015,4,9862,9957,73
ae-2-1-4-11:50,3019,9643,3280,3281,1221,2351
ae-2-1-4-20:1,5038,9801,9802,5039,4,3,1221,73
ae-2-1-4-20-1:1,5038,9801,9802,5039,4,3,1221,73
ae-2-1-4-20-2:1,5038,9801,9802,5039,4,3,1221,73
ae-2-1-4-20-3:1,9627,9628,5038,9801,9802,5039,4,3,1221,73
ae-2-1-4-20-4:1,5038,9801,9802,5039,4,3,1221,73
ae-2-1-4-12:1682,1571,1333,2982,2234
ae-2-1-4-13:1,3
ae-2-1-4-13-1:2930,2352,2353
ae-2-1-4-13-2:9699,2354,2355
ae-2-1-4-13-2-1:9050,9699,2354,2355
ae-2-1-4-13-2-2:9699,2354,2355
ae-2-1-4-13-2-3:9699,2354,2355,10081
ae-2-1-4-13-2-4:9699,2354,2355
ae-2-1-4-13-2-5:9699,2354,2355
ae-2-1-4-13-2-6:9699,2354,2355
ae-2-1-4-13-3:2914,4
ae-2-1-4-13-3-1:9177,9178,9810,2914,4,9934
ae-2-1-4-13-3-2:9397,4,10365
ae-2-1-4-13-3-3:4
ae-2-1-4-13-4:50,4
ae-2-1-4-13-5:2355,10242,10243,10244
ae-2-1-4-19:1,4,9976,3
ae-2-1-4-19-1:9134,1,9740,4,9976,3
ae-2-1-4-19-2:1,9738,4,9976,3
ae-2-1-4-19-3:1,4,9976,3
ae-2-1-4-14:2930,2356
ae-2-1-4-15:2930,10346,10347,10348,10349
ae-2-1-4-16:1,3,10417
ae-2-1-4-16-1:9928,3020,10417
ae-2-1-4-16-2:50,9841,4,3020,10417
ae-2-1-4-16-2-1:50,9841,4,3020,10417
ae-2-1-4-16-2-2:50,9816,9841,4,3020,10417
ae-2-1-4-16-2-3:50,9841,4,3020,10417
ae-2-1-4-16-2-4:50,9841,4,10394,10395,10396,3020,10417
ae-2-1-4-16-3:9842,9844,4,3020,10417
ae-2-1-4-16-3-1:8985,7164,9842,9844,9845,4,3020,10417,10509
ae-2-1-4-16-3-2:9842,9844,4,9863,9864,3020,10417
ae-2-1-4-16-3-3:9842,9844,4,3020,10417
ae-2-1-4-16-3-4:9840,9842,9843,9844,4,3020,10417
ae-2-1-4-16-4:1682,1571,9079,9270,10342,3020,10417
ae-2-1-4-16-4-1:9078,9270,10239,10240,10241,10342,3020,10417
ae-2-1-4-16-4-2:9270,9489,10342,3020,10417
ae-2-1-4-16-4-3:9270,9273,10342,3020,10417
ae-2-1-4-16-4-4:9270,9807,10231,10232,10342,3020,10417,10438
ae-2-1-4-16-5:4,3020,10417
ae-2-1-4-16-5-1:4,10320,3020,10417
ae-2-1-4-16-5-2:9474,4,10315,3020,10417
ae-2-1-4-16-5-3:9579,4,10317,10319,3020,10417
ae-2-1-4-16-5-4:4,10316,10415,3020,10417,10456,10457
ae-2-1-4-17:2930
ae-2-1-4-17-1:50,2930,9932,3020
ae-2-1-4-17-2:50,2930,3020
ae-2-1-4-18:9289,4
ae-2-1-4-18-1:1408,2792
ae-2-1-4-18-1-1:2792
ae-2-1-4-18-1-2:9249,2576,9415,4
ae-2-1-4-18-1-3:9249,4
ae-2-1-4-18-1-4:4
ae-2-1-4-18-1-5:9151,4,10403
ae-2-1-4-18-2:50,4,10304,10307,10310
ae-2-1-4-18-2-1:50,9414,4,10304,10306,10307
ae-2-1-4-18-2-2:50,4,10304,10305,10307,10308,10309
ae-2-1-4-18-2-3:50,4,10304,10307
ae-2-1-4-18-3:2930,9935,9936,9937
ae-2-1-4-18-3-1:2930,1682,1571,9287,9935,9936,9937,8670
ae-2-1-4-18-3-2:2930,9935,9936,9937,10437
ae-2-1-4-18-4:4,10434,10435
ae-2-1-4-18-4-1:4,10434,10435
ae-2-1-4-18-4-2:4,10419,10434,10435,10557
ae-2-1-4-18-4-3:4,10434,10435
ae-2-1-4-18-4-4:9767,4,10434,10435,10563
ae-2-1-4-18-5:50,2930,10321
ae-2-1-4-18-6:4
ae-2-1-4-18-6-1:9476,4,10363
ae-2-1-4-18-6-2:4
ae-2-1-4-18-7:9262,4
ae-2-1-4-18-7-1:9261,9262,4,10521,10522
ae-2-1-4-18-7-2:9262,4
ae-2-1-4-18-7-3:9262,4,10146
ae-2-1-4-18-7-4:9262,4
ae-2-1-4-18-8:9080,4,10524
ae-2-1-4-18-8-1:9077,9080,9237,9238,4,10413,10524,10538
ae-2-1-4-18-8-2:9080,4,10412,10523,10524
ae-2-1-4-18-8-3:9080,4,10524
ae-2-1-4-18-8-4:9080,4,10524
ae-2-1-7:1,2777,2926,3
ae-2-1-7-2:1,2777,2926,3
ae-2-1-7-1:1,2777,2926,3
ae-2-1-7-3:1,2777,2926,3
ae-2-1-5:1,9328,4,6041,3
ae-2-1-5-4:50,1,9328,4,6041,3
ae-2-1-5-5:50,1,9328,4,6041,3
ae-2-1-5-1:50,9328,4,6041
ae-2-1-5-1-1:50,9257,9328,9729,4,6041
ae-2-1-5-1-2:50,2784,9269,9328,9927,6041
ae-2-1-5-1-3:50,9328,4,9929,9930,9931,6041
ae-2-1-5-1-4:50,9328,4,6041,10053,10054
ae-2-1-5-2:50,9328,4,6041,10238
ae-2-1-5-2-1:50,9328,2914,4,6041,5685
ae-2-1-5-2-2:50,9328,4,6041
ae-2-1-5-2-3:50,9328,4,6041
ae-2-1-5-3:50,9328,4,6041,10436
ae-2-1-5-3-1:50,9288,9328,4,6041
ae-2-1-5-3-2:50,9328,2914,4,6041,10430,5685
ae-2-1-5-3-3:50,2784,9328,6041
ae-2-1-5-3-4:50,9328,9771,4,6041
ae-2-1-5-3-5:50,9328,4,6041
ae-2-1-6:1,9903,2955,3
ae-2-1-6-1:9047,9051,9052,9053,9903,2357,2358
ae-2-1-6-1-1:9049,9051,9052,9053,9903,9933,2357,2358,10421
ae-2-1-6-1-2:9051,9052,9053,9054,9903,2357,2358
ae-2-1-6-2:1,4,9903,2955,3
ae-2-1-6-3:9528,9903,2955
ae-2-1-6-3-1:9528,9903,2955
ae-2-1-6-3-2:9528,9903,2955
ae-2-1-6-4:9820,9903,2357,2358
ae-2-1-6-4-5:9820,9903,2357,2358
ae-2-1-6-4-1:9245,9335,9336,9340,9820,9903,2357,2358
ae-2-1-6-4-2:9743,9820,9903,2357,2358,10453
ae-2-1-6-4-4:9820,9903,2357,2358
ae-2-1-6-4-3:9820,9903,9944,9949,9950,2357,2358
ae-2-1-6-5:9903,2357,10247,10248,10249,2358
ae-2-1-6-5-1:1,9903,3,2357,10130,10246,10247,10248,10249,2358
ae-2-1-6-5-2:9616,9903,2357,10020,10247,10248,10249,2358
ae-2-1-6-5-4:9903,2357,10247,10248,10249,2358
ae-2-1-6-5-3:9722,9903,2357,10131,10247,10248,10249,2358,10439
ae-2-2:1,2360,3
ae-2-2-1:8976,2361,2360,2362,2363
ae-2-2-2:2360,5678,2927,9650,2781,5681,5683,5684
ae-2-2-2-1:9002,9003,9004,9005,9006,9007,2360,2364,2365,9650
ae-2-2-2-2:9221,2931,9222,2360,5678,2364,2365,2927,9650,2781,5681,5683,5684
ae-2-2-2-2-1:9167,9221,2931,9222,2360,2364,2365,9649,9650,9882,10112
ae-2-2-2-2-2:9221,2931,9222,9231,9232,9233,2360,5678,2364,2365,2927,9650,2781,5681,5683,5684
ae-2-2-2-2-3:9221,2931,9222,9223,2360,2364,2365,9650
ae-2-2-3:2366,2360,2367,5683,5684,2368,2758,2370,134,10449,2369
ae-2-2-3-1:2366,2360,2367,2368,134,2369
ae-2-2-3-2:2366,2360,2367,2368,2758,2369
ae-2-2-3-3:2366,2360,2367,2368,134,2369
ae-2-2-3-4:8975,2366,9150,2360,2367,2368,2370,2369
ae-2-2-4:2360
ae-2-2-4-1:9224,9225,2360,2371,9688,9689,4
ae-2-2-4-1-1:8967,9225,2360,2371,9688,9689,9690,4
ae-2-2-4-1-2:9225,2360,2371,9688,9689,9700,4
ae-2-2-4-1-3:9225,2360,2371,9688,9689,4,10150,10151,10152
ae-2-2-4-1-4:9225,2360,2371,9688,9689,4,10166,10167,10168,10169
ae-2-2-4-1-5:9225,2360,2371,9688,9689,4,10259,10260,10261,10262
ae-2-2-4-2:1388,2360,1295,2914,10253,6206
ae-2-2-4-2-1:1388,9226,2360,1295,6142,10253,6206
ae-2-2-4-2-2:1388,2360,1295,10253,6206
ae-2-2-4-2-3:1388,2360,1295,10253,6206
ae-2-2-4-2-4:1388,2360,1295,10253,6206
ae-2-2-4-2-5:1388,2360,1295,9806,10076,10253,6206
ae-2-2-4-2-6:1388,2360,1295,2914,10253,6206
ae-2-2-4-3:1388,2360,1295,10374
ae-2-2-4-3-1:1388,2360,9494,9495,1295,10374
ae-2-2-4-3-2:1388,2360,1295,10203,10374
ae-2-2-4-3-3:1388,2360,1295,10374
ae-2-2-4-3-4:1388,2360,1295,10374
ae-2-2-4-3-5:1388,2360,1295,10374
ae-2-2-4-4:50,2360,2914,4,3282,5685
ae-2-2-12:9230,3413,3414,2360,2535,2536
ae-2-2-5:2360,2364,2365,3021,2372,2368,2373
ae-2-2-5-1:2360,2364,2365,3021,2372,2368,2373
ae-2-2-5-2:2360,2364,2365,9687,3021,10089,10090,2372,2368,2373
ae-2-2-5-3:2360,2364,2365,9554,9555,9556,3021,2372,2368,2373
ae-2-2-5-4:2360,2364,2365,3021,2372,2368,2373
ae-2-2-5-6:2360,2364,2365,3021,2372,2368,2373
ae-2-2-6:2374,1,2360,2375,9566,2376,2377,9846,2378,3,2368,2379,2380,10303
ae-2-2-6-1:2374,2360,2375,9566,9589,9590,9591,2376,2377,9623,9846,2378,2368,2379,2380,10303
ae-2-2-6-2:2374,1,2360,5678,2375,2927,9566,2376,6706,9621,6707,9622,2377,2781,9846,5681,2378,3,5683,5684,2368,2379,2380,10303
ae-2-2-6-3:2374,1,2360,2375,9566,2376,2377,9846,2378,3,2368,2379,2380,10303
ae-2-2-6-4:2374,1,2360,2375,9566,2376,2377,9846,2378,3,2368,2379,2380,10303
ae-2-2-7:1,9264,2360,4,3,2381,2382
ae-2-2-8:1,2360,5678,2927,2781,2383,2914,3,2758,10204,2932,2358,5685
ae-2-2-8-1:2360,2383,10204,2932,2358
ae-2-2-8-2:9118,2360,2383,10204,2932,2358
ae-2-2-8-3:2360,2383,10204,10205,2932,2358
ae-2-2-8-4:8972,2360,2383,10204,2932,2358
ae-2-2-8-5:2360,9317,9375,2383,9836,10204,2932,2358
ae-2-2-8-6:2360,2383,10204,2932,10208,10210,2358
ae-2-2-8-7:2360,9535,9731,2383,10204,2932,10209,2358
ae-2-2-8-8:1682,1571,2360,2383,10204,2932,2358
ae-2-2-8-9:2360,2383,10204,2932,2358
ae-2-2-8-10:2360,2383,10204,2932,2358
ae-2-2-8-11:2360,2383,10204,2932,2358
ae-2-2-8-12:2360,2383,10204,10207,2932,2358,10392
ae-2-2-8-13:2360,2383,9835,9896,9899,10172,10204,2932,2358
ae-2-2-8-14:2360,2383,10204,2932,10211,10212,2358
ae-2-2-9:50,4,2384
ae-2-2-10:1,2927,2781,3
ae-2-2-10-1:1,2360,3,5,3283
ae-2-2-10-1-1:9009,9011,2360,5,3283
ae-2-2-10-1-2:50,30,9143,1,2360,3004,3,5,10322,3283
ae-2-2-10-1-3:2360,9536,2914,5,3283,5685
ae-2-2-10-1-4:2360,5,3283
ae-2-2-10-1-5:30,1,2360,2780,3,2778,5,3283,837
ae-2-2-10-1-6:50,30,1,2360,2777,3004,3,5,3283,837
ae-2-2-10-1-7:30,3001,1,2360,2777,7600,32,3,2778,15,5,3283,837,1193
ae-2-2-10-1-8:30,3001,1,2360,9345,2777,9780,32,3,2778,15,5,3283,837,1193
ae-2-2-10-1-9:1,2360,5678,2927,2781,9798,9799,9821,3,5,3283
ae-2-2-10-1-10:1,2360,5678,2927,2781,3,6780,2356,10056,5,3283
ae-2-2-10-1-11:2360,5,3283
ae-2-2-10-1-12:30,1,2360,2777,3,5,3283,837
ae-2-2-10-1-14:50,30,1,2360,2777,3,5,3283,837
ae-2-2-10-1-15:30,3001,1,2360,2777,32,3,10103,10104,2778,15,6809,5,3283,10377,837,1193
ae-2-2-10-1-16:2360,5,3283,10508
ae-2-2-11:2386,1,2360,4,3,10503,10504,10505
ae-2-3:9491
ae-2-3-1:1453,2364,9384,9491,2387,2388,9848,9850,9852,2389,10273
ae-2-3-1-1:8954,1453,2364,9384,9491,2387,2388,9848,9850,9852,2389
ae-2-3-1-2:1453,2364,9384,9491,2387,2388,9848,9849,9850,9851,9852,9902,2389
ae-2-3-1-3:1453,2364,9384,9491,2387,2388,9848,9850,9852,2389,10170
ae-2-3-1-4:1453,2364,9384,9491,2387,2388,9848,9850,9852,9853,2389,10302
ae-2-3-7:9491
ae-2-3-2:2390,9092,9093,1,9491,9630,3
ae-2-3-6:9491
ae-2-3-5:9491
ae-2-3-3:9491,9530,9803,2358
ae-2-3-3-1:9491,9530,9803,2358
ae-2-3-3-2:9491,9530,9803,2358
ae-2-3-3-3:9491,9530,9747,9803,9804,2358
ae-2-3-4:9491,2391,1467,10542,10543,1475
ae-2-3-4-1:9491,7782,2391,1467,10542,10543,1475
ae-2-3-4-2:8951,9491,9544,2391,9958,9959,1467,10541,10542,10543,1475
ae-2-3-4-3:9491,2391,1285,1467,10542,10543,1475,10544
ae-2-3-4-4:9491,9543,9584,2391,1467,10542,10543,1475
ae-2-4:50,1,9786,4,3,2392
ae-2-4-1:50,1,9302,9303,9786,4,3,10365,2392
ae-2-4-2:50,1,9786,4,3,10233,10364,2392
ae-2-4-3:50,1,9383,9786,4,3,2392
ae-2-4-4:50,1,9786,4,3,2392
ae-2-4-5:50,1,9784,9785,9786,4,3,2392
ae-2-4-6:50,1,9786,9787,4,3,2392
ae-2-4-7:50,1,9786,4,3,10077,10078,10079,10080,2392
ae-2-5:1,3,2358
ae-2-6:1,9883,9884,3,2358
ae-2-6-1:1682,1571,4,9883,9884,9887,9888,9889,9890,9891,2358,10329
ae-2-6-1-1:4,9883,9884,9888,9889,9890,9891,2358,10329
ae-2-6-1-2:4,9883,9884,9885,9888,9889,9890,9891,10132,2358,10329
ae-2-6-1-3:4,9883,9884,9886,9888,9889,9890,9891,2358,10329
ae-2-6-1-4:4,9883,9884,9888,9889,9890,9891,2358,10329,10513,10514,10515
ae-2-6-2:9883,9884,9892,2393,9894,3022,2358
ae-2-6-3:1682,1571,2395,9883,9884,9893,9895,9897,9898,2358
ae-2-6-3-1:2395,9883,9884,9893,9895,9897,9898,2358
ae-2-6-3-2:2395,9883,9884,9893,9895,9897,9898,2358
ae-2-6-3-3:2395,9883,9884,9893,9895,9897,9898,2358
ae-2-6-3-4:2395,9883,9884,9893,9895,9897,9898,10014,2358
ae-2-6-3-5:2395,9883,9884,9893,9895,9897,9898,2358,10525
ae-2-6-4:1682,1571,1,9883,9884,3,2758,10206,3284,2932,2358
ae-2-7:1,3
ae-2-7-1:1,3
ae-2-7-1-1:9105,9114,1,3
ae-2-7-1-1-1:9105,9107,9114,1,3
ae-2-7-1-1-2:9105,9114,9209,9210,2396
ae-2-7-1-1-2-1:9090,9091,9105,9114,9209,9210,2396
ae-2-7-1-1-2-2:9105,9106,9114,9209,9210,2396,9251,9588
ae-2-7-1-1-2-3:9105,9114,9208,9209,9210,2396,9239,10272
ae-2-7-1-1-2-4:9105,9114,9209,9210,2396
ae-2-7-1-1-3:9105,9114,2396
ae-2-7-1-1-4:9105,9114,2933
ae-2-7-1-1-4-1:1737,9064,9105,9114,2933
ae-2-7-1-1-4-2:9105,9114,2933
ae-2-7-1-1-4-3:9105,9114,2933
ae-2-7-1-1-4-4:9105,9114,2933,10493
ae-2-7-1-1-5:9105,9109,9110,9111,9114,2396,6394,1384,2397
ae-2-7-1-1-6:9105,9114,9117,1,2933,3
ae-2-7-1-2:2784,9108,9158,1,3
ae-2-7-1-3:9115,9116,2396,9909
ae-2-7-1-4:2933,9920,9923
ae-2-7-1-4-1:8955,2933,9920,9923
ae-2-7-1-4-2:2933,9920,9923
ae-2-7-1-4-3:2933,9920,9923,10075
ae-2-7-1-4-4:8962,2933,9920,9923,10095,10096,10097
ae-2-7-1-4-5:2933,9920,9921,9923
ae-2-7-1-5:9112,2396
ae-2-7-1-6:2933,3285
ae-2-7-1-6-1:2933,3285
ae-2-7-1-6-2:2933,3285
ae-2-7-2:2398,2933,1635
ae-2-7-3:1682,1571,1248,1221,10455,3286,10472,2399,2400
ae-2-7-4:8942,1682,1571,2401,1248,9879,9880,1221,2402,2403
ae-2-7-5:2786,2404,2405,2406,2797
ae-2-7-6:2409,2933,2407,9847,1383,2234
ae-2-7-7:1,3
ae-2-7-7-1:2958,3006,2784,3258,2336,2226
ae-2-7-7-2:1333,1221
ae-2-7-7-3:50,2933,10254
ae-2-7-7-3-1:50,9180,9214,9265,2933,10254
ae-2-7-7-3-2:50,2933,10254
ae-2-7-7-3-3:50,2933,10254
ae-2-7-7-3-4:50,2933,10254,10255,10256
ae-2-7-8:50,2933,2441,9912,9913
ae-2-7-9:1,3
ae-2-7-9-1:2933,2411
ae-2-7-9-2:2958,2784,3258,2336,2226,80,2412,9234,3012
ae-2-7-9-3:2412,2413,9585,9586
ae-2-7-9-4:1,2933,2414,2415,3
ae-2-7-9-5:1,2416,2933,2441,3
ae-2-7-9-6:8964,1221,10468,2417,2418,10469
ae-2-7-10:2419,2420
ae-2-7-10-1:8943,1682,1571,2419,2420
ae-2-7-10-2:1682,1571,2419,2420
ae-2-7-10-3:1682,1571,2419,2420
ae-2-7-10-4:2419,9788,9789,2420
ae-2-7-11:2933
ae-2-7-11-1:2958,3006,2784,3258,2336,2226,2421,9790,10171
ae-2-7-11-1-1:2958,3006,2784,3258,2336,2226,2421,9790,10171
ae-2-7-11-1-2:2958,3006,2784,3258,2336,2226,2421,9790,9791,9792,9793,10171
ae-2-7-11-1-3:2958,3006,2784,3258,2336,2226,2421,9790,9915,10171,10512
ae-2-7-11-1-4:2958,3006,2784,3258,2336,2226,2421,9790,10171
ae-2-7-11-2:2421,2933,3023
ae-2-7-11-2-1:2421,2933,2914,3023,5685
ae-2-7-11-2-2:2421,2933,3023
ae-2-7-11-2-3:2421,2933,3023,10470
ae-2-7-11-2-4:2421,2933,3023
ae-2-7-11-2-5:2421,2933,9796,9797,3023
ae-2-7-11-3:9271,2028,2933,9794,2422,10368
ae-2-7-11-3-1:2028,9367,2933,9794,2422,10368
ae-2-7-11-3-2:2028,2933,9794,9951,2422,10367,10368
ae-2-7-12:1,3
ae-2-7-12-1:2784,1,2423,9355,3
ae-2-7-12-1-1:2784,9156,9160,1,2423,9355,3
ae-2-7-12-1-2:2784,1,2423,9355,3
ae-2-7-12-1-3:2784,1,9247,2423,9355,3,10029
ae-2-7-12-2:2934,9922
ae-2-7-12-2-1:9368,2934,9919,9922
ae-2-7-12-2-2:9368,2934,9441,9922
ae-2-7-12-3:1,2934,9420,9421,9422,9424,9428,9429,9431,3
ae-2-7-12-3-1:9016,9018,9019,1,2934,9420,9421,9422,9424,9428,9429,9431,9717,3
ae-2-7-12-3-2:1,2934,9419,9420,9421,9422,9423,9424,9427,9428,9429,9430,9431,3
ae-2-7-12-3-3:1,2934,9420,9421,9422,9424,9426,9428,9429,9431,3
ae-2-7-12-4:2423,9434,9435
ae-2-7-12-4-1:2423,9433,9434,9435,7570
ae-2-7-12-5:9062,2934
ae-2-7-12-5-1:9014,50,2934
ae-2-7-12-5-2:9354,2934,9439
ae-2-7-12-5-2-1:9354,9416,9417,9418,2934,9439
ae-2-7-12-5-2-2:9352,9353,9354,2934,9439
ae-2-7-12-5-2-3:9354,2934,9439,9440
ae-2-7-12-5-2-4:9354,2934,9439,10120
ae-2-7-12-5-2-5:9354,9439,2789,10445,10446,10447
ae-2-7-12-5-3:2426,3287,2934,9443,9444,9446,9449,2427
ae-2-7-12-5-3-1:2426,3287,2934,9443,9444,9449,9450,2427
ae-2-7-12-5-3-2:2426,3287,2934,9443,9444,9447,9448,9449,2427
ae-2-7-12-5-3-3:9063,2426,3287,2934,9443,9444,9449,9451,2427
ae-2-7-12-5-3-4:9015,2426,9396,3287,2934,9443,9444,9449,9452,2427
ae-2-7-12-5-3-7:2426,3287,2934,9443,9444,9446,9449,2427
ae-2-7-12-5-3-6:2426,3287,2934,9443,9444,9446,9449,2427
ae-2-7-12-5-3-5:2426,3287,2934,9443,9444,9445,9449,2427
ae-2-7-12-6:2792,8536
ae-2-7-12-6-1:2958,3006,2784,3258,2336,2226,80,8536,9904
ae-2-7-12-6-2:2958,3006,2784,3258,2792,2336,2226,80,8536,9904
ae-2-7-12-7:2792,9456,9457,2428,2429
ae-2-7-12-7-1:5733,2792,9456,2428,2429
ae-2-7-12-7-2:2934,9456,2428,2429
ae-2-7-12-8:9478,9479,9481,2419,2430,2431,10459
ae-2-7-12-8-1:9478,9479,9480,2419,2430,2431,10459
ae-2-7-12-8-2:9478,9479,2419,2430,2431,10293,10294,10459
ae-2-7-12-8-3:9478,9479,2419,2430,9881,2431,10459,10460,10461
ae-2-7-12-9:2933
ae-2-7-12-9-1:50,2958,3006,2784,3258,2336,2226,80
ae-2-7-12-9-2:2423,2789,3023,1383
ae-2-7-12-9-2-1:2423,9693,2789,3023,1383
ae-2-7-12-9-2-2:2423,2933,3023,1383
ae-2-7-12-9-2-3:2423,2789,3023,1383
ae-2-7-12-9-2-4:2423,2933,3023,1383
ae-2-7-12-10:2428,1295,2935,10030,10031,2429
ae-2-7-12-11:2423,2933,3023,2432
ae-2-7-12-11-1:2423,2933,3023
ae-2-7-13:1,3
ae-2-7-13-1:1682,1571,1,3
ae-2-7-13-1-1:1682,1571,1,2433,2434,3,2435,2436
ae-2-7-13-1-2:9147,1,9240,9241,2433,2933,4,3
ae-2-7-13-1-2-1:9144,9145,9147,1,9240,9241,2433,9603,2933,3
ae-2-7-13-1-2-2:9147,1,9240,9241,9250,9268,2433,2933,10009,3,10355
ae-2-7-13-1-2-3:9147,9148,1,9240,9241,2433,2933,3
ae-2-7-13-1-2-4:9146,9147,1,9240,9241,2433,2933,3
ae-2-7-13-1-3:1682,1571,1,2433,1350,2434,3,10048,10049,2435,2437,10050,2436
ae-2-7-13-1-4:2958,3006,2784,3258,2336,2226,1,9254,2433,9668,9954,3
ae-2-7-13-1-5:2433,9667,3288,9684,2936
ae-2-7-13-1-6:1682,1571,2433,9669,3289,9735,2933
ae-2-7-13-1-6-1:9157,9159,9255,2433,9669,3289,9733,9735,2933
ae-2-7-13-1-6-2:2433,9669,3289,9735,2933
ae-2-7-13-1-6-3:2433,9669,3289,5963,9734,9735,2933,10400
ae-2-7-13-1-14:50,1682,1571,2433,9670,9671,9755,2776,1221
ae-2-7-13-1-7:1,2428,2933,3,2440,10045,2219
ae-2-7-13-1-7-1:1,9538,9539,9540,9541,9542,2428,2933,3,2440,10045,2219
ae-2-7-13-1-7-2:1,2428,2933,3,2440,10045,2219,10444
ae-2-7-13-1-7-3:1,2428,2933,3,2440,10045,2219
ae-2-7-13-1-8:50,1,2433,9672,9673,2933,3,10271
ae-2-7-13-1-9:1,2433,9674,2933,3023,2441,3
ae-2-7-13-1-10:1,9675,9676,9677,2933,3,2442,10351
ae-2-7-13-1-11:2433,3024
ae-2-7-13-1-11-1:1682,1571,2433,9293,6436,3024,10539
ae-2-7-13-1-11-2:2433,3024
ae-2-7-13-1-12:9678,9680,9681,2937,10356
ae-2-7-13-1-12-1:8946,9256,9678,9679,9680,2937,9993,10356,10357,10540
ae-2-7-13-1-12-2:9235,9312,9678,9680,2937,10356,10540
ae-2-7-13-1-12-3:9201,9202,9203,9243,9678,9680,2937,10356
ae-2-7-13-1-12-4:9280,9678,9680,2937,10354,10356
ae-2-7-13-1-13:2433,9682,9683,9685,9686,2776
ae-2-7-13-2:1682,1571,1,3
ae-2-7-13-2-1:2958,3006,2784,3258,9096,2336,2226,80,2443
ae-2-7-13-2-1-1:2958,3006,2784,3258,9096,2336,2226,80,2443
ae-2-7-13-2-1-2:2958,3006,2784,3258,9096,2336,2226,80,2443
ae-2-7-13-2-1-3:2958,3006,2784,3258,9096,2336,2226,80,2443
ae-2-7-13-2-2:9097,2938,9098,9099,2443,2936,2933
ae-2-7-13-2-3:2958,3006,2784,3258,2336,2226,80,1,2443,3
ae-2-7-13-2-4:2443,2936,9763,2776,9981,9983
ae-2-7-13-2-5:2443,2933,9982
ae-2-7-13-2-6:1682,1571,1,2443,3,3290,2436
ae-2-7-13-2-7:2443,2933,2441,10332
ae-2-7-13-2-8:2443,2937,9978,9979,9980,9984,10357,2446
ae-2-7-13-3:5679,1682,1571,1,3
ae-2-7-13-3-1:2933,1456,10177,2447,10178,2448,10179
ae-2-7-13-3-2:50,2933
ae-2-7-13-3-3:1316,2449
ae-2-7-13-3-3-1:1316,9294,2449,10082
ae-2-7-13-3-3-2:5679,1316,9260,9285,2449,10083
ae-2-7-13-3-3-3:1316,2449,10494,10495
ae-2-7-14:1,2914,3,5685
ae-2-7-14-1:1,3
ae-2-7-14-1-1:2933
ae-2-7-14-1-1-1:10370,2939,10373
ae-2-7-14-1-2:2958,3006,2784,3258,8988,9034,2336,2226,1,3
ae-2-7-14-1-3:2936
ae-2-7-14-1-3-1:9033,2933
ae-2-7-14-1-3-2:2936
ae-2-7-14-1-4:2933,2450
ae-2-7-14-1-4-1:9039,2933,2450
ae-2-7-14-1-4-2:9038,9040,2933,2450
ae-2-7-14-1-4-3:2933,2450
ae-2-7-14-1-4-4:2933,2450
ae-2-7-14-1-5:2933,3023,2441
ae-2-7-14-1-6:1,2933,3285,9997,3,10071
ae-2-7-14-2:1,3
ae-2-7-14-2-1:1,3
ae-2-7-14-2-1-1:9189,2451
ae-2-7-14-2-1-2:1,2933,3
ae-2-7-14-2-1-3:2939
ae-2-7-14-2-2:2958,3006,2784,3258,2336,2226,1,3
ae-2-7-14-2-3:2452,2933
ae-2-7-14-2-3-1:9188,2452,2933,9825
ae-2-7-14-2-3-2:2452,2933,9826,9828
ae-2-7-14-2-3-3:2452,9276,2933,9827,9829
ae-2-7-14-2-4:2452,2936
ae-2-7-14-2-4-1:2452,2933
ae-2-7-14-2-4-2:9182,9184,2452,2933,2776,2914,5685
ae-2-7-14-2-4-2-1:9182,9183,9184,9185,2452,2933,2776
ae-2-7-14-2-4-2-2:9182,9184,2452,2933,2776
ae-2-7-14-2-4-3:9193,9194,9195,9196,9197,1,9242,2452,9266,2933,9906,3,2460
ae-2-7-14-2-4-4:2452,2936,10556
ae-2-7-14-2-5:2452,2933,2441,10110
ae-2-7-14-2-6:9198,9199,2933,2450
ae-2-7-14-2-7:2452,2933,3285,10350,10362
ae-2-7-14-3:1,3
ae-2-7-14-3-1:1,3
ae-2-7-14-3-1-1:2451
ae-2-7-14-3-1-2:9568,2933
ae-2-7-14-3-1-3:9758,2939
ae-2-7-14-3-2:2958,3006,2784,3258,2336,2226,9567
ae-2-7-14-3-3:2936
ae-2-7-14-3-3-1:2454,9718,9719,2933,2936
ae-2-7-14-3-3-1-1:2454,9718,9719,2933,2936
ae-2-7-14-3-3-1-2:2454,9570,9718,9719,2933,2936
ae-2-7-14-3-3-2:2456,2936
ae-2-7-14-3-4:2456,2933
ae-2-7-14-4:1682,1571,2933,2914,5685
ae-2-7-14-4-1:2958,3006,2784,3258,2336,2226,10109
ae-2-7-14-4-2:2457,2933
ae-2-7-14-4-2-1:2457,2933,2914,4,5685
ae-2-7-14-4-2-2:2457,2933
ae-2-7-14-5:1,3
ae-2-7-14-5-1:1,3
ae-2-7-14-5-1-1:9805,2451
ae-2-7-14-5-1-2:9966,2939,10372
ae-2-7-14-5-2:2958,3006,2784,3258,2336,2226,9960,9961,9962,9963
ae-2-7-14-5-3:1,3
ae-2-7-14-5-3-1:2458,2936
ae-2-7-14-5-4:2458,9304,2933
ae-2-7-14-5-5:2933,2450
ae-2-7-14-5-6:2458,2933,9965
ae-2-7-14-6:1,9275,3
ae-2-7-14-6-1:1,9275,3
ae-2-7-14-6-2:2958,3006,2784,3258,2336,2226,9274,9275,10137
ae-2-7-14-6-3:9275,2936
ae-2-7-14-7:1,3
ae-2-7-14-7-1:1,3
ae-2-7-14-7-1-1:9803,2451
ae-2-7-14-7-1-2:9279,2933,9996
ae-2-7-14-7-1-3:9311,10111,10202,2939,10371
ae-2-7-14-7-2:2958,3006,2784,3258,2336,2226
ae-2-7-14-7-3:9142,9279,2776,9823,9824
ae-2-7-14-7-4:1682,1571,1,9278,2914,4,3,5685
ae-2-7-14-7-4-1:9170,9277,9278,9514,2933,10195,2460
ae-2-7-14-7-4-1-1:9170,9277,9278,9514,2933,10195,2460
ae-2-7-14-7-4-1-2:9170,9277,9278,9514,2933,10195,2460
ae-2-7-14-7-4-1-5:9170,9277,9278,9514,2933,10195,2460
ae-2-7-14-7-4-1-3:9170,9277,9278,9514,2933,10195,10287,10288,10289,10290,10291,2460
ae-2-7-14-7-4-1-4:9170,9277,9278,9514,2933,10195,2460
ae-2-7-14-7-4-2:9278,2933
ae-2-7-14-7-4-3:9278,2936,10201,6170
ae-2-7-14-7-5:2933
ae-2-7-14-7-6:2933,2450,10198,10199,10200
ae-2-7-14-7-7:2933
ae-2-7-14-8:9313,9314
ae-2-7-14-9:9215,2933,10555
ae-2-7-14-10:2784
ae-2-7-14-11:1388,1295
ae-2-8:2940
ae-2-8-1:9595,2940
ae-2-8-1-1:2461,2462,9595,2940
ae-2-8-1-2:2463,9595,2940
ae-2-8-2:8990,8992,9172,9537,2940,10147
ae-2-8-2-1:8989,8990,8991,8992,9171,9172,9537,9653,9654,9655,2940,10147,10148
ae-2-8-2-2:8960,8990,8992,9172,9537,2940,9778,10147
ae-2-8-2-3:8990,8992,9067,9172,9537,2940,10147
ae-2-8-2-4:8990,8992,9076,9172,9537,2940,10147,10216,10217,10218
ae-2-8-2-5:8990,8992,9066,9172,9537,2940,10147,10477,10478,10479
ae-2-8-3:9113,2940
ae-2-8-3-1:50,9113,2940,8464,2465
ae-2-8-3-1-1:50,9113,2940,9910,2465
ae-2-8-3-1-2:50,9113,6436,2940,9910,2465
ae-2-8-3-1-3:50,9113,9267,2940,2465
ae-2-8-3-2:50,9113,9492,9493,2940,2465
ae-2-8-3-3:50,9113,9598,9600,9602,2940,2465
ae-2-8-3-3-1:50,9113,9596,9597,9598,9600,9601,9602,2940,2465
ae-2-8-3-3-2:50,9113,9598,9599,9600,9602,2940,2465
ae-2-8-3-4:50,9113,2940,2465
ae-2-8-3-4-1:9029,9030,50,9113,9702,2940,2465,6319
ae-2-8-3-4-2:50,9113,2940,9909,10410,10411,2465
ae-2-8-3-5:50,9113,2940,2465
ae-2-8-3-5-1:50,9113,9315,2940,2465
ae-2-8-3-5-2:9065,50,9113,9564,9565,2940,9908,2465
ae-2-8-3-5-3:50,9113,2940,10465,10466,2465
ae-2-8-3-6:50,9113,2940,10467,2465
ae-2-8-3-6-1:50,9113,2940,10467,2465
ae-2-8-4:1682,1571,2940
ae-2-8-4-1:1682,1571,2940
ae-2-8-4-1-1:2940,10345
ae-2-8-4-1-2:8973,8974,9662,9663,2940
ae-2-8-4-2:8957,1682,1571,2940,2466
ae-2-8-4-2-1:8957,2940,2466
ae-2-8-4-2-2:8957,9258,2940,2466,9994,9995
ae-2-8-4-3:1682,1571,2940,2466,3291,9795
ae-2-8-4-3-1:1682,1571,2940,2466,3291,9795
ae-2-8-4-3-3:2940,2466,3291,9795
ae-2-8-4-3-4:1682,1571,2940,2466,3291,9795
ae-2-8-4-4:1682,1571,9310,2940,2468,2469,10375
ae-2-8-4-4-1:8965,8966,9310,2940,2468,10297,2469,10375
ae-2-8-4-4-2:9310,2940,2468,2469,10375
ae-2-8-4-4-3:9310,2940,2468,2469,10375
ae-2-8-4-4-4:9310,2940,2468,2469,10375,10506
ae-2-8-5:2940
ae-2-8-5-1:9017,9020,9021,2940,10257
ae-2-8-5-1-1:9017,9020,9021,9297,2940,10257
ae-2-8-5-1-2:9017,9020,9021,9432,2940,10257
ae-2-8-5-2:9366,2940
ae-2-8-5-2-8:9366,2940
ae-2-8-5-2-1:9175,9176,9366,2940
ae-2-8-5-2-2:9333,9334,9366,2940
ae-2-8-5-2-7:9366,2940,10108
ae-2-8-5-2-10:9366,2940
ae-2-8-5-2-3:9366,2940
ae-2-8-5-2-4:9366,2940,10266
ae-2-8-5-2-5:9366,2940
ae-2-8-5-2-9:9366,2940
ae-2-8-5-2-6:9351,9356,9359,9362,9363,9365,9366,2940
ae-2-8-5-3:2470,9436,9437,9453,2940,2914,5685
ae-2-8-5-3-1:8944,2470,9436,9437,9438,9453,9454,2940
ae-2-8-5-3-2:2470,9436,9437,9453,2940
ae-2-8-5-3-3:9358,2470,9436,9437,9453,2940
ae-2-8-5-3-4:2470,9436,9437,9453,2940
ae-2-8-5-3-5:2470,9436,9437,9453,2940
ae-2-8-5-3-6:8944,2470,9436,9437,9453,2940
ae-2-8-5-3-10:2470,9436,9437,9453,2940,2914,5685
ae-2-8-5-3-7:9350,9357,2470,9436,9437,9453,2940
ae-2-8-5-3-8:9061,2470,9436,9437,9453,2940
ae-2-8-5-3-11:2470,9436,9437,9453,2940,2914,5685
ae-2-8-5-3-9:2470,9436,9437,9453,2940
ae-2-8-5-4:3292,2940,2466
ae-2-8-5-4-1:9364,9477,3292,2940,2466
ae-2-8-5-4-2:3292,2940,2466
ae-2-8-5-4-3:9290,9442,3292,9482,2940,2466
ae-2-8-5-5:2940
ae-2-8-5-5-1:2940
ae-2-8-5-5-2:2940
ae-2-8-5-5-3:2940,10498,10499,10500,10501,10502
ae-2-8-5-5-4:2940,10560,10561
ae-2-8-5-6:2940
ae-2-8-5-6-1:9648,6436,2940
ae-2-8-5-6-2:2940,10384,10385
ae-2-8-5-6-3:2940
ae-2-8-5-7:9694,9695,9696,9697,9698,2940
ae-2-8-5-7-1:9161,9694,9696,9697,9698,2940
ae-2-8-5-7-1-1:9162,9163,9164,9694,9696,9697,9698,2940
ae-2-8-5-7-1-2:9694,9696,9697,9698,2940
ae-2-8-5-7-1-3:9694,9696,9697,9698,2940
ae-2-8-5-7-2:9360,9361,9694,9696,9697,9698,2940
ae-2-8-5-7-2-1:9360,9694,9696,9697,9698,2940
ae-2-8-5-7-2-2:9360,1216,9691,9694,9696,9697,9698,2940
ae-2-8-5-7-2-3:9360,9694,9696,9697,9698,2940,10566,10567,10568
ae-2-8-5-7-3:1682,1571,2927,9694,9696,9697,9698,9759,2940,4
ae-2-8-5-7-3-1:9174,9694,9696,9697,9698,9759,2940
ae-2-8-5-7-3-2:9694,9696,9697,9698,9759,2940
ae-2-8-5-7-3-3:9694,9696,9697,9698,9759,2940,10088
ae-2-8-5-7-3-4:9694,9696,9697,9698,9759,2940
ae-2-8-5-7-4:9694,9696,9697,9698,2940
ae-2-8-5-7-4-1:9086,9087,9694,9696,9697,9698,2940,10473
ae-2-8-5-7-4-1-1:9086,9087,9088,9694,9696,9697,9698,2940,10473
ae-2-8-5-7-4-2:50,9125,9127,9130,9694,9696,9697,9698,2940,10073
ae-2-8-5-7-4-2-1:50,9125,9127,9130,9694,9696,9697,9698,2940,10073
ae-2-8-5-7-4-2-2:50,9125,9126,9127,9130,9557,9694,9696,9697,9698,2940,10073
ae-2-8-5-7-4-2-3:50,9125,9127,9128,9129,9130,9694,9696,9697,9698,2940,10073,10295
ae-2-8-5-7-4-3:9300,9301,9694,9696,9697,9698,2940
ae-2-8-5-7-4-3-1:9300,9301,9694,9696,9697,9698,2940
ae-2-8-5-7-4-3-2:9300,9301,9694,9696,9697,9698,9716,2940,10119
ae-2-8-5-7-4-3-3:9300,9301,9694,9696,9697,9698,2940
ae-2-8-5-7-4-4:9593,9594,9694,9696,9697,9698,2940
ae-2-8-5-7-4-4-1:9083,9084,9594,9694,9696,9697,9698,2940
ae-2-8-5-7-4-4-2:9594,9694,9696,9697,9698,2940
ae-2-8-5-7-4-4-3:9594,9694,9696,9697,9698,2940,10397,10398,10399
ae-2-8-5-7-4-5:9645,9692,9694,9696,9697,9698,2940,10474
ae-2-8-5-7-4-5-1:9369,9370,9371,9645,9692,9694,9696,9697,9698,2940,10474
ae-2-8-5-7-4-5-2:9390,9391,9645,9692,9694,9696,9697,9698,2940,10173,10474
ae-2-8-5-7-4-5-3:9398,9399,9400,9401,9402,9645,9692,9694,9696,9697,9698,2940,10258,10474
ae-2-8-5-7-4-6:9694,9696,9697,9698,2940,10378,10380
ae-2-8-5-7-4-6-1:9045,9046,9694,9696,9697,9698,2940,10378,10380
ae-2-8-5-7-4-6-2:9372,9373,9374,9618,9694,9696,9697,9698,6436,2940,10378,10380
ae-2-8-5-7-4-6-3:9694,9696,9697,9698,2940,10378,10379,10380
ae-2-8-5-7-4-7:50,9694,9696,9697,9698,2940,10381,10382,10383
ae-2-8-5-7-4-7-1:50,9394,9395,9694,9696,9697,9698,2940,10381,10382,10383
ae-2-8-5-7-4-7-2:50,9458,9694,9696,9697,9698,2940,10381,10382,10383,10473
ae-2-8-5-7-4-7-3:50,9694,9696,9697,9698,2940,10381,10382,10383,10414
ae-2-8-5-7-5:50,9694,9696,9697,9698,2940,9914
ae-2-8-5-7-6:50,9318,9319,9320,9694,9696,9697,9698,2940
ae-2-8-5-7-6-1:50,9318,9319,9320,9694,9696,9697,9698,2940
ae-2-8-5-7-6-2:50,9318,9319,9320,9694,9696,9697,9698,2940
ae-2-8-5-7-6-3:50,9318,9319,9320,9694,9696,9697,9698,2940
ae-2-8-5-7-7:9694,9696,9697,9698,6436,2940,10219
ae-2-8-5-7-7-3:9664,9665,9694,9696,9697,9698,6436,2940,10219
ae-2-8-5-7-7-4:9694,9696,9697,9698,6436,2940,9916,10125,10219
ae-2-8-5-7-7-5:9661,9694,9696,9697,9698,6436,9744,2940,9917,9918,10219
ae-2-8-5-7-8:50,9694,9696,9697,9698,2940,10251
ae-2-8-5-7-8-1:50,9123,9694,9696,9697,9698,2940
ae-2-8-5-7-8-2:50,9694,9696,9697,9698,2940,10058,10252
ae-2-8-5-7-8-3:50,9694,9696,9697,9698,2940
ae-2-8-5-7-8-4:50,9694,9696,9697,9698,2940,10121,10122,10123,10124
ae-2-8-5-7-9:9694,9696,9697,9698,2940,10264,10458
ae-2-8-5-7-10:9694,9696,9697,9698,2940,10387,10389
ae-2-8-5-7-10-1:9657,9694,9696,9697,9698,2940,10386,10389,10391
ae-2-8-5-7-10-2:9694,9696,9697,9698,2940,10388,10389
ae-2-8-5-7-10-3:9694,9696,9697,9698,2940,10389,10390
ae-2-8-5-7-11:9694,9696,9697,9698,2940,9765,9766
ae-2-8-5-7-11-1:9694,9696,9697,9698,2940,9765,9766,10072,10126
ae-2-8-5-7-11-2:9694,9696,9697,9698,6436,2940,9765,9766,10269,10270,10292
ae-2-8-5-8:9720,9721,2940
ae-2-8-5-9:2940,10074,10098,10099,10100,10101
ae-2-8-5-10:2940,2914,10275,10276,10277,10278,10281,5685
ae-2-8-5-10-4:2940,2914,10275,10276,10277,10278,10281,5685
ae-2-8-5-10-5:2940,2914,10275,10276,10277,10278,10281,5685
ae-2-8-5-10-1:2940,10275,10276,10277,10278,10279,10280,10281
ae-2-8-5-10-2:2940,10275,10276,10277,10278,10281
ae-2-8-5-10-3:2940,10275,10276,10277,10278,10281,10282,10283
ae-2-8-5-11:2940,2472
ae-2-8-5-11-1:9425,2940
ae-2-8-5-11-2:9455,2940,9973
ae-2-8-6:1682,1571,2940,2466,2473,3025,2474,2475
ae-2-8-6-1:8947,8948,8949,8950,9298,2940,2466,2473,3025,2474,2475
ae-2-8-6-2:2940,2466,2473,3025,2474,2475
ae-2-8-6-3:9652,2940,2466,2473,9822,3025,2474,2475
ae-2-8-6-4:2940,2466,2473,3025,2474,2475,10492
ae-2-8-7:1682,1571,2940
ae-2-8-7-7:8998,9000,1,2940,3,1,2937,3
ae-2-8-7-7-1:8998,9000,1,2940,3,1,2937,3
ae-2-8-7-7-2:8996,8998,9000,9001,6436,1,2940,3,1,2937,3
ae-2-8-7-7-3:8997,8998,8999,9000,1,2940,3,1,2937,3
ae-2-8-7-1:9483,2940,2940,2477
ae-2-8-7-1-1:9483,2940,2940,2477
ae-2-8-7-1-2:9473,9483,6436,2940,2940,2477
ae-2-8-7-2:1682,1571,1,2936,3,2479,1,2940,3,1,2937,3,1,2936,3
ae-2-8-7-2-1:8945,1682,1571,1,2936,3,2479,1,2940,3,1,2937,3,1,2936,3
ae-2-8-7-2-2:1682,1571,1,2936,3,2479,1,2940,3,1,2937,3,1,2936,3
ae-2-8-7-2-3:8986,1682,1571,1,2936,3,9666,2479,1,2940,3,1,2937,3,1,2936,3,10448
ae-2-8-7-2-4:1682,1571,9085,9472,1,2936,3,2479,1,2940,3,1,2937,3,1,2936,3,10047
ae-2-8-7-3:9712,9713,2481,2940,10298
ae-2-8-7-3-1:9712,9713,2481,2940,9819,10298
ae-2-8-7-3-2:9712,9713,2481,2940,10298
ae-2-8-7-3-3:9712,9713,2481,2940,10298
ae-2-8-7-3-4:9712,9713,9714,2481,2940,10298
ae-2-8-7-8:1,2940,3,1,2937,3,9855
ae-2-8-7-8-1:1,2940,3,1,2937,3,9854,4993,9855,9856,9857,9858
ae-2-8-7-8-3:1,9760,2940,3,1,2937,3,4993,9855,9991
ae-2-8-7-8-2:1,2940,3,1,2937,3,4993,9855
ae-2-8-7-9:1,2940,3,1,2937,3,10482,10485,10486,10489
ae-2-8-7-9-4:1,2940,3,1,2937,3,10482,10485,10486,10489
ae-2-8-7-9-6:9031,1682,1571,1,2940,3,1,2937,3,10482,10485,10486,10489
ae-2-8-7-9-2:1,2940,3,1,2937,3,10480,10481,10482,10483,10485,10486,10487,10488,10489
ae-2-8-7-9-7:9475,1,2940,3,1,2937,3,10482,10485,10486,10489
ae-2-8-7-9-5:1,2940,3,1,2937,3,10482,10485,10486,10489,10490
ae-2-8-7-9-1:9547,1,2940,3,1,2937,3,10482,10484,10485,10486,10489
ae-2-8-7-9-3:1682,1571,1,2940,3,1,2937,3,10482,10485,10486,10489
ae-2-8-7-4:2940,2940,2477,10491
ae-2-8-7-4-1:2940,2940,2477,10491
ae-2-8-7-4-2:2190,6436,2940,2940,2477,10491
ae-2-8-7-5:2940,2940,10046
ae-2-8-7-6:1682,1571,2940,2940,2477
ae-2-8-8:2940
ae-2-8-8-1:9036,2940,2776
ae-2-8-8-1-1:9032,9036,9037,9082,5723,2940,2776
ae-2-8-8-1-2:9035,9036,9041,9762,2940,2776
ae-2-8-8-1-3:9036,2940,2776
ae-2-8-8-2:2482,2940,2776,2483
ae-2-8-8-2-1:9186,2482,9192,2940,9764,2776,2483
ae-2-8-8-2-2:9187,2482,9191,9200,2940,2776,2483
ae-2-8-8-2-3:9012,9013,2482,2940,2776,2483
ae-2-8-8-2-4:9190,2482,2940,2776,2483
ae-2-8-8-2-5:2482,9305,9306,2940,2776,2483
ae-2-8-8-2-6:2482,9244,9307,9308,9309,2940,2776,2483
ae-2-8-8-2-7:2482,9464,2940,2776,2483
ae-2-8-8-15:50,9386,2940,2776,9911
ae-2-8-8-3:2484,9569,9571,9572,9573,9574,2485,2940,2776,2914,5685
ae-2-8-8-3-1:2484,9572,9573,9574,2485,2940,2776
ae-2-8-8-3-2:2484,9572,9573,9574,2485,2940,2776
ae-2-8-8-3-3:2484,9572,9573,9574,2485,2940,2776
ae-2-8-8-3-5:2484,9569,9571,9572,9573,9574,2485,2940,2776,2914,5685
ae-2-8-8-3-6:2484,9569,9571,9572,9573,9574,2485,2940,2776,2914,5685
ae-2-8-8-3-4:2484,9572,9573,9574,2485,2940,2776,10043,10044
ae-2-8-8-4:1,2940,3
ae-2-8-8-4-1:1,2940,3,10554
ae-2-8-8-4-2:1,2940,3
ae-2-8-8-4-3:1,2940,3
ae-2-8-8-4-4:1,2940,3,10406
ae-2-8-8-5:9703,9705,9706,9709,2940,9911
ae-2-8-8-5-1:9022,9023,9024,9025,9703,9705,9706,9709,2940,9911
ae-2-8-8-5-2:9229,9703,9705,9706,9709,2940,9911
ae-2-8-8-5-3:9703,9705,9706,9709,2940,9911
ae-2-8-8-5-4:9385,9703,9704,9705,9706,9707,9709,2940,9911
ae-2-8-8-5-5:9703,9705,9706,9709,2940,9911,9971,9972
ae-2-8-8-5-6:9703,9705,9706,9708,9709,9710,9711,2940,9911
ae-2-8-8-5-7:9703,9705,9706,9709,2940,9911
ae-2-8-8-6:50,2940,9781
ae-2-8-8-6-1:50,2940,9781,9782,9783
ae-2-8-8-6-2:50,2940,9781
ae-2-8-8-7:1,2940,9873,2487,3
ae-2-8-8-7-1:1,2940,9871,9872,9873,9874,9876,2487,3
ae-2-8-8-7-2:1,2940,9869,9870,9873,9875,2487,3
ae-2-8-8-8:2940,2488,10057
ae-2-8-8-8-1:2940,2488,10057
ae-2-8-8-8-2:2940,2488,10007,10057
ae-2-8-8-8-3:2940,2488,10057
ae-2-8-8-9:2940,2489
ae-2-8-8-9-1:2940,2489
ae-2-8-8-9-2:2940,2489,9964
ae-2-8-8-10:2940,2490
ae-2-8-8-10-1:2940,9968,2490
ae-2-8-8-10-2:2940,9969,2490
ae-2-8-8-10-3:2940,9967,9970,2490
ae-2-8-8-11:2940,2491,10140,10142,10144,10145
ae-2-8-8-11-1:2940,2491,10138,10139,10140,10141,10144,10145
ae-2-8-8-11-2:9026,9027,9028,2940,10136,2491,10140,10144,10145
ae-2-8-8-11-3:2940,10135,2491,10140,10144,10145
ae-2-8-8-11-4:9761,2940,10134,2491,10140,10144,10145
ae-2-8-8-11-5:2940,2491,10140,10144,10145
ae-2-8-8-11-6:2940,10059,2491,10140,10143,10144,10145
ae-2-8-8-11-7:2940,2491,10140,10144,10145,10407
ae-2-8-8-12:2492,2940,2776,9800,9926,10189,10197,2465
ae-2-8-8-12-1:2492,2940,2776,9800,9926,10189,10191,10192,10194,10197,2465
ae-2-8-8-12-2:2492,2940,2776,9800,9926,10189,10197,2465
ae-2-8-8-12-3:2492,9739,9742,2940,2776,9800,9926,10189,10190,10193,10196,10197,2465
ae-2-8-8-12-4:2492,2940,2776,9800,9926,10189,10197,10286,2465
ae-2-8-8-12-5:2492,2940,2776,9800,9926,10189,10197,10408,10409,2465
ae-2-8-8-13:1,2940,3,10443
ae-2-8-8-13-1:1,2940,3,10443
ae-2-8-8-13-2:1,2940,3,10441,10442,10443
ae-2-8-8-13-3:1,2940,3,10443
ae-2-8-8-13-4:1,2940,3,10443,10526
ae-2-8-8-13-5:1,2940,3,10443
ae-2-8-8-14:50,2940,2488
ae-2-8-8-14-1:50,2940,2488,10450
ae-2-8-8-14-2:50,2940,2488,10451
ae-3:1,3
ae-3-1:1,3
ae-3-1-1:844,1,2493,4,3
ae-3-1-2:1,2494,5686,3,5682
ae-3-1-3:2496,9094,1,9563,1,5686,3,1445,1338,5682,1339,2497,1214,1446
ae-3-1-3-1:2496,9075,9094,1,9563,5686,3,5682,2497
ae-3-1-3-2:2496,9094,1,9563,9832,3,10084,2497
ae-3-1-3-3:2496,9094,1,9563,5686,3,5682,2497
ae-3-1-3-4:2496,9094,1,9563,5686,3,5682,10174,10175,2497
ae-3-1-3-5:2496,9094,1,9563,5686,3,5682,2497,10361
ae-3-1-3-6:2496,9094,1,9563,3,2497,10471
ae-3-1-5:1,4,3
ae-3-1-5-1:50,2784,1,2502,4,3
ae-3-1-5-2:50,9101,1,5678,2927,9624,9625,9626,2781,2914,4,3,73
ae-3-1-5-3:1,5678,4,3,73,5685
ae-3-1-5-4:50,1,4,3
ae-3-1-5-5:1,2927,4,3,10558,10559
ae-3-1-6:1682,1571,2234,2320,1,2493,5686,3,2504,5682
ae-3-1-6-2:1682,1571,2234,2320,1,2927,9756,2493,4,3,2504,10127,134
ae-3-1-6-3:2234,2320,1,2493,3,2504
ae-3-1-6-4:2234,2320,2493,2504
ae-3-2:2320,1,4,3
ae-3-2-1:8956,2234,2493
ae-3-2-2:8994,2505,8995,1682,1571,2320,1,3
ae-3-2-3:50,8993,2506,2320,1,9259,4,3
ae-3-2-4:2507,9008,9010,1682,1571,2320,1,3
ae-3-2-5:2508,3293,1,3
ae-3-2-6:9168,9169,1,2777,3
ae-3-2-6-1:9168,9169,1,2777,3
ae-3-2-6-2:9168,9169,1,2777,3
ae-3-2-6-3:9168,9169,1,2777,3,10183
ae-3-2-6-4:9168,9169,1,2777,3
ae-3-2-7:2509,2956,1,9389,3
ae-3-2-7-1:2509,2956,9216,1,9389,2387,9617,3
ae-3-2-7-2:2509,2956,9217,1,9389,9925,3
ae-3-2-7-3:2509,2956,9218,9219,1,9389,3
ae-3-2-7-4:2509,2956,1,9389,3
ae-3-2-7-5:2509,2956,9220,1,9389,3
ae-3-2-8:1,9299,2927,5686,3,5682,73
ae-3-2-9:50,1,2782,3
ae-3-2-10:2510,2511,2512
ae-3-2-11:50,1,2927,2914,4,3,2513,5685
ae-3-2-12:2514,4,73
ae-3-2-13:2320,2493,2234,2515
ae-3-2-14:50,2516
ae-3-2-14-1:50,2516
ae-3-2-14-2:50,9549,9550,9551,2516
ae-3-2-14-3:50,9552,9553,2516
ae-3-2-15:2782,9745,9746
ae-3-2-16:2517,2320,2927,2518,9776,2493
ae-3-2-17:1,4,3
ae-3-2-17-1:1,4,9907,3
ae-3-2-17-2:1,4,3
ae-3-2-17-3:1,4,3
ae-3-2-17-4:1,4,10012,10013,3
ae-3-2-17-5:1682,1571,1,4,3,10527,10528
ae-3-2-18:2320,1,2914,4,10010,3,134,5685
ae-3-2-19:30,1,2511,10011,3
ae-3-2-20:30,1,9715,3
ae-3-2-21:1,3
ae-3-2-21-1:1,3
ae-3-2-21-2:1,3
ae-3-2-21-3:1,9582,3
ae-3-2-21-4:1,9604,9605,9606,3
ae-3-2-21-5:1,5678,2927,2781,5686,3,5682
ae-3-2-22:2320,1,4,3
ae-3-2-23:50,2320,4,2519,10040,10041,10042
ae-3-2-24:1795,2520,2320,5678,2927,2781,4,10061
ae-3-2-25:2521,2320,4,10062,10063
ae-3-2-26:2521,2320,10153
ae-3-2-27:50,10299
ae-3-2-28:9149,2320,2493,4,8590
ae-3-2-29:50,2320,1,3,10323,10324,10325,10326,10327,10328
ae-3-3:1,3
ae-3-3-1:50,9387,9388,1333,4,1205,1221,10149
ae-3-3-2:1682,1571,2522,2523
ae-3-3-3:1682,1571,2524,2028,1221
ae-3-3-3-1:2524,2028,9392,9587,9831,1221
ae-3-3-3-2:2524,2028,1221,10296,10300
ae-3-3-3-3:2524,2028,1221,10440
ae-3-3-4:2524,9830,2117,4,1205,10301
ae-3-3-5:1682,1571,9281,1,3,1205,1221,2523
ae-3-3-5-1:9281,9646,9647,1,3,1205,1221,2523,1283
ae-3-3-5-3:1682,1571,9281,1,3,1205,1221,2523
ae-3-3-5-2:9281,9817,1,3,1205,9977,1221,2523
ae-3-3-5-4:9281,1,3,1205,1221,2523
ae-3-3-5-5:9281,1,3,1205,1221,2523
ae-3-4:8977,8978,8979,2525
ae-3-4-1:8977,2526,8978,2525,9165,9166,9581,2914,5685
ae-3-4-2:8977,8978,2525,5678,2927,2781,4
ae-3-4-2-1:8977,8978,2525,4,10052,10055
ae-3-4-2-2:8977,8978,2525,5678,2927,2781,4
ae-3-4-2-3:8977,8978,2525,5678,2927,2781,4,9865,9868
ae-3-4-2-4:8977,8978,2525,4,9866,9867,10162
ae-3-4-3:8977,8978,2525,8980,2914,4,5685
ae-3-4-4:50,8977,8978,2525,1,3
ae-3-4-4-1:50,8977,8978,2525,8981,8982,8983,8984,1,3
ae-3-4-4-2:50,8977,8978,2525,1,3,10176
ae-3-4-5:50,8977,8978,2525,1682,1571,5678,2927,2527,2781,4,2528
bt-1:1,1715,1385,4,3
bt-1-1:1,1715,4,3,1716
bt-1-1-1:1,1715,4,3,1716
bt-1-1-2:1,1715,4,3,1716
bt-1-1-3:1,1715,4,3,1716
bt-1-1-4:1,1715,4,3,1716
bt-1-1-5:1,1715,4,3,1716
bt-1-2:1,1715,4,3
bt-1-2-1:1,1715,4,3
bt-2:1717,2336,1,1718,1715,4,3,1719,837
bt-3:1715
bt-3-1:1720,1,1721,1715,4,3
bt-3-2:1,1715,4,3
bt-3-3:2336,80,1,4,3,1261
bt-3-4:4,1722
bt-3-5:1,1715,4,1723,3
bt-3-5-1:1,5678,2927,1715,2781,4,1723,3
bt-3-5-2:50,1,1715,4,1723,3
bt-4:1715,4,1716
bt-4-1:1,4,3
bt-4-1-1:1,1724,4,3,1725
bt-4-1-2:1,4,3,1725
bt-4-1-3:1,1726,4,3,1725
bt-4-1-4:1,4,3,1725
bt-4-1-5:1,4,3,1725
bt-4-2:4
bt-4-2-1:1,1727,1726,3,1725
bt-4-2-2:1,1727,1726,4,1728,3,1725
bt-4-2-3:1,1727,1726,1729,3,1725
bt-4-3:3026,1272,1730,1731
bt-4-3-1:3026,1272,1730,1731
bt-4-3-2:3026,1272,1730,1731
bt-4-3-3:3026,1272,1730,1731
bt-4-4:4
bt-4-4-1:80,1,1715,4,3
bt-4-4-2:80,1,1715,4,3
bt-4-4-3:80,1,1715,4,3
bt-4-5:1,1726,4,3,1725
bt-4-5-1:1,1726,4,3,1725
bt-4-5-2:1,1726,4,3,1725
bt-4-5-3:1,1726,4,3,1725
bt-4-5-4:1,1726,4,3,1725
bt-4-5-5:1,1726,4,3,1725
bt-4-6:1,4,3,1732
bt-4-6-1:1,4,3,1732
bt-4-6-2:1,4,3,1732
bt-5:3029,2336,1,1715,4,3,1716
bt-5-1:1,3,2896
bt-5-1-1:1,3027,1715,1733,3,1261,2896
bt-5-1-2:1,3027,1715,1733,3,1261,2896
bt-5-1-3:1,3027,1715,1733,3,1261,2896
bt-5-1-4:1,3027,1715,1733,3,1261,2896
bt-5-1-5:1682,1571,1,3027,1715,1733,3,1261,2896
bt-5-2:1,1715,3,2896
bt-5-2-1:1,3027,1715,3,1261,2896
bt-5-2-2:1682,1571,1,3027,1715,3,1261,2896
bt-5-2-3:1682,1571,1,3027,1715,4,3,1261,2758,2896
bt-5-2-4:1682,1571,1,3027,1715,4,3,1261,2896
bt-5-3:1,3,2896
bt-5-3-1:3029,1,3027,1715,1734,3,1634,1261,2896
bt-5-3-2:3029,1,3027,1715,1734,3,1634,1261,2896
bt-5-4:1,3,2896
bt-5-4-1:1,3027,1715,1734,3,1634,1261,2896
bt-5-4-2:1682,1571,1,3027,1715,1734,3,1634,1261,2896
bt-5-5:2896
bt-5-5-1:1,3027,1736,3,1261,2896
bt-5-5-2:1,3027,1736,3,1261,2896
bt-5-5-3:1682,1571,1,3027,1736,3,1261,2896
bt-5-6:2896
bt-5-6-1:1737,1,3027,1715,1738,1739,3,1261,2896
bt-5-6-2:1737,1,3027,1715,1738,1739,3,1261,2896
bt-5-6-3:1737,1,3027,1715,1738,1739,3,1261,2896
bt-5-7:1,3,2896
bt-5-7-1:1737,1682,1571,1,1715,1740,2982,3,1221,1261,1741,2896
bt-5-7-2:1737,1682,1571,1,5678,3027,2927,1715,2781,1740,3,1221,1261,1741,2896
bt-5-7-3:1737,1682,1571,1,3027,1715,1740,3,1221,1261,1741,2896
bt-5-8:2896
bt-5-8-1:1,3027,1715,3,1634,1261,2896
bt-5-8-2:1,3027,1715,3,1634,1261,2896
bt-5-9:1,3
bt-5-9-1:1,3027,3,3294,1634,1261,2896
bt-5-9-2:1,3027,1715,3,3294,1634,1261,2896
bt-5-10:1,3027,1715,3,3294,3295,1634,1261,2896
bt-5-11:1,3027,1715,3,1261,2896
bt-5-12:1,3027,1715,3,1261,2896
bt-6:12755,2336,1,1715,4,3,1716
bt-6-1:1,3
bt-6-1-1:3029,1742,1743,1,1715,3
bt-6-1-2:1742,1743,1,1744,1715,3,2990,1745
bt-6-1-3:3029,1682,1571,1742,1743,1,1715,3
bt-6-1-4:3029,1682,1571,1742,1743,1,1715,3
bt-6-2:1,3
bt-6-2-1:1746,80,1,1715,4,3
bt-6-2-2:1746,80,1,1715,4,3
bt-6-2-3:1746,80,1,5678,2927,1715,2781,4,3
bt-6-2-4:1746,80,1,1715,4,3
bt-6-2-5:1746,80,1,1715,4,3
bt-6-3:1,3
bt-6-3-1:1,1744,1715,3,2990,1745
bt-6-3-2:1,1747,1744,1715,3,2990,1745
bt-6-3-3:1,1744,1715,3,2990,1745
bt-6-3-4:1,1744,1715,3,2990,1745
bt-6-3-5:1,1744,1715,3,2990,1745
bt-6-3-6:1,1744,1715,3,2990,1745
bt-7:2336,1,1715,4,3
bt-7-1:1,3
bt-7-1-1:2336,1,1748,3012,2777,3
bt-7-1-2:1682,1571,2336,1,1748,3012,2777,3
bt-7-1-3:1682,1571,2336,1,1748,4,3
bt-7-1-4:2336,1,1748,4,3
bt-7-1-5:2336,1,1748,4,3
bt-7-1-6:2958,3006,2784,3258,2336,2226,1,1748,3
bt-7-2:1,3
bt-7-2-1:2336,1,1749,3012,2777,3
bt-7-2-2:2336,1,1749,3012,2777,3
bt-7-2-3:2336,1,1749,3012,2777,3
bt-7-2-4:2958,3006,2784,3258,2336,2226,1,1749,3
bt-7-2-5:2336,1,1749,2777,3
bt-7-2-6:2336,1,1749,2777,3
bt-7-3:1,3
bt-7-3-1:2336,1,1750,4,3
bt-7-3-2:2336,1,1750,2777,3
bt-7-3-3:2336,1,1750,4,3
bt-7-3-4:2336,1,1750,4,3
bt-7-3-5:2336,1,1750,3012,2777,3
bt-7-3-6:2336,1,1750,2777,3
bt-7-3-7:2958,3006,2784,3258,2336,2226,1,1750,3
bt-7-4:2336,1,1751,2777,2972,3
bt-7-5:2336,1,1752,3012,2777,3
bt-8:1,4,3
bt-9:2336,1715,1385,4
bt-9-1:1,3,3032
bt-9-1-1:1,3,1221,3032
bt-9-1-2:1,3,1221,3032
bt-9-1-3:1,3,1221,3032
bt-9-2:1,3
bt-9-2-1:50,1,4,3,1722,1753
bt-9-2-2:50,1,4,3,1722,1753
bt-9-2-3:50,1,4,3,1722,1753
bt-9-3:1,3
bt-9-3-1:2336,1,3012,2777,3
bt-9-3-2:2336,1,3012,2777,3
bt-9-3-3:2336,1,3012,2777,3
bt-9-4:3035,1,3
bt-9-4-1:3035,1,3
bt-9-4-2:3035,1,3
bt-9-4-3:2336,1,3
bt-9-5:1,3
bt-9-5-1:1,1754,3037,4,3
bt-9-5-2:1,1754,3037,4,3
bt-9-5-3:1,1754,3037,4,3
bt-9-6:1,3
bt-9-6-1:2336,1,2972,4,3
bt-9-6-2:1,2972,4,3
bt-9-6-3:1,2972,4,3
bt-9-7:1,3
bt-9-7-1:1,3037,4,3
bt-9-7-2:1,3037,4,3
bt-9-7-3:1,3037,4,3
bt-9-7-4:1,3037,4,3
bt-9-8:1,3
bt-9-8-1:1,2994,2950,3
bt-9-8-2:1,3
bt-9-8-3:2336,1,2777,2972,3,843
bt-9-8-4:1,2994,3,2950
bt-9-9:1,3
bt-9-9-1:1,4,3,3039
bt-9-9-3:1,4,3,3039
bt-9-10:1384,1755,1385,1261,2991,1756
bt-9-10-1:1384,1755,1385,1261,2991,1756
bt-9-10-2:1384,1755,1385,1261,2991,1756
bt-9-10-3:1384,1755,1385,1261,2991,1756
bt-9-10-4:1384,1755,1385,1261,2991,1756
bt-9-11:80,1,2784,3,2994
bt-9-11-2:2958,3258,2336,2226,80,1,2784,3,2994
bt-9-11-3:2958,3258,2336,2226,80,1,2784,3,2994
bt-9-12:1757
bt-9-12-1:2336,1,2972,1757,4,3
bt-9-12-2:1,2972,1757,3
bt-9-12-3:2336,1,2972,1757,3,843
bt-9-12-4:2336,1,2972,1757,3,843
bt-9-12-5:2336,1,2972,1757,3,843
bt-10:1451,2336,1,1715,1385,4,3
bt-10-1-1:1452,1484,1715
bt-10-1-2:1715
bt-10-1-2-1:1759,1758,1715
bt-10-1-2-2:1759,1758,1715
bt-10-1-3:1758,1715
bt-10-1-4:1760
bt-10-1-4-1:1761,1760
bt-10-1-4-2:1761,1760
bt-10-1-4-3:1761,1760
bt-10-1-4-4:1761,1760
bt-10-1-5:1762,1763,1452,1715
bt-10-1-6:1758,1452,1715
bt-10-4:1,1248,3,1221,3042
bt-10-4-1:1,1248,3,1221,3042
bt-10-4-2:1,1248,3,1221,3042
bt-10-6:3044
bt-10-6-1:1,1764,3
bt-10-6-1-1:3044,1779,1,1764,1772,1773,3,1774
bt-10-6-1-2:1682,1571,3044,1779,1,1764,1772,1773,3,1774
bt-10-6-2-1:3044,1779,1,3,1775,1776
bt-10-6-2-2:3044,1779,1,3,1775,1776
bt-10-6-2-3:3044,1779,1,3,1775,1776
bt-10-7:80,1,4,3,1777,843
bt-10-8:1,4,3
bt-10-8-2:2784,1,2914,3,5685
bt-10-8-3:2792,1,3
bt-10-8-4:1,4,3
bt-10-8-5:1,2777,3
bt-10-8-6:1,4,3
bt-10-8-7:1,4,3
bt-10-9:1779,1,3,1778
bt-10-9-1:1779,1,3,1634,1221,1778,1780,1781
bt-10-9-2:1682,1571,1779,1,3,1634,1221,1778,1780,1781
bt-10-9-3:1779,1,3,1778
bt-10-10:2336,80,1,4,3
bt-10-16:1779,1,4,3,1261
bt-10-16-5:4
bt-10-16-5-1:1,1764,4,3,843
bt-10-16-5-2:1,4,3
bt-10-16-5-2-1:1,1764,1765,4,1767,3,1766
bt-10-16-5-2-2:1,1764,1765,4,1767,3,1766
bt-10-16-5-2-3:1,1764,1765,4,1767,3,1766
bt-10-16-6-1:1768,2956,1,1765,1769,1770,3,1261
bt-10-16-6-2:1768,2956,1,1765,1769,1770,3,1261
bt-10-16-6-3:1768,2956,1,1765,1769,1770,3,1261
bt-10-16-7:1771,2336,80,1,3012,4,3
bt-10-16-1:1779,1,4,3,1261
bt-10-16-3:1779,1,2914,4,3,1261,5685
bt-10-16-2:1779,1,4,3,1261
bt-10-16-4:1779,1,4,3,1261
bt-10-16-8:1779,1,1786,4,3,1261,1787
bt-10-11:80,1,2777,1782,3
bt-10-12:4,1783
bt-10-12-3:1,4,3
bt-10-12-1:4,1783
bt-10-12-2:4,1783
bt-10-13:1,1784,2777,3
bt-10-14:1,1514,4,2902,3
bt-11:1715,4,1716
bt-11-1:1,4,3,1788
bt-11-2:1,4,3,1789
bt-11-3:1,4,3,1788
bt-12:2336,1,1715,4,3
bt-12-1:1,4,3
bt-12-2:80,1,4,3
bi:1,3
bi-1:1,3
bi-1-1:1,2262,1383,2290,2234,3
bi-1-2:1,2989,4,3
bi-1-2-1:1,2989,4,3
bi-1-2-2:1,2989,4,3
bi-1-2-3:1,2989,4,3
bi-1-2-4:1,2989,4,3
bi-1-3:1,1272,2548,1334,1248,1859,3,1214
bi-1-3-1:1,1272,2548,1334,1248,1859,3,1214,3046
bi-1-3-2:1,2548,2989,3,1214
bi-1-3-3:1,1272,2548,1334,1248,1859,3,1214,3046
bi-1-3-4:1682,1571,1,1272,2548,1334,1248,1859,3,1214,3046
bi-1-3-6:1,1272,2548,1334,1248,1859,3,1214,3046
bi-1-3-7:1,1272,2548,1334,1248,1859,3,1214,3046
bi-1-3-8:1,1272,2548,1334,1248,1859,3,1214,3046
bi-1-3-9:1,1272,2548,1334,1248,1859,3,1214,3046
bi-1-3-10:1,1272,2548,1334,1248,1859,3,1214,3046
bi-1-3-11:1,2548,3,1214,3046
bi-1-3-12:1682,1571,1,2548,3,1214
bi-1-3-13:1,1272,2548,1334,1248,1859,3,1214,2549,3046
bi-1-3-14:1,2548,2989,3,1214
bi-2:1,3
bi-2-2-1:1,4,3
bi-2-2-1-3:1,4,3
bi-2-2-1-1:1,4,3
bi-2-2-1-4:1,4,3
bi-2-2-1-2:1,4,3
bi-2-2-1-5:1,4,3
bi-2-2-1-6:1,4,3
bi-2-2-1-7:1220,2189,1251,1,4,3
bi-2-1:1,3
bi-2-1-5:1,4,3
bi-2-1-5-1:4
bi-2-1-5-3-1:50,1,2843,3,3057,837
bi-2-1-5-3-2:4
bi-2-1-1:1,3296,3297,3,1221,3298
bi-2-1-6-3:1,4,3
bi-2-1-6-2:1,4,3
bi-2-1-6-1:1,4,3
bi-2-1-2:2550,1,2551,3
bi-2-1-2-1:2550,1,1569,2551,3
bi-2-1-2-2:2550,2552,1,1569,2551,3
bi-2-1-2-3:2550,1,1569,2551,3
bi-2-1-2-4:2550,1,1569,2551,3
bi-2-1-2-5:2550,1,1569,2551,3,2553
bi-2-1-3:1308,1,4,3
bi-2-1-3-1:1308,1,2914,4,3,5685
bi-2-1-3-2:1308,1,4,3
bi-2-1-4:50,1308,1,4,3,2554
bi-2-1-7-2:1272
bi-2-1-7-3:1272
bi-2-1-7-1:1272
bi-3:1,3
bi-3-1:1,2555,2556,3,1221
bi-3-1-2:1,2555,2556,3,1221
bi-3-1-4:1,2555,2556,3,1221
bi-3-1-5:1,2555,2556,3,1221
bi-3-1-9:1,2555,2556,3,2557,1221
bi-3-1-7:1,2555,2556,3,1221
bi-3-2:1,2558,2559,3
bi-4:1,3
bi-4-3:1,3
bi-4-1:1,1272,2989,3,3299
bi-4-1-1:1,1272,2989,3,3299
bi-4-1-2:1,1272,2989,3,3299
bi-4-1-4:1,1272,2989,3,3299
bi-4-2:1,4,3,3047
bi-4-2-1:1,4,3,3047
bi-4-2-2:1,4,3,3047
bi-5:1,3
bi-5-1:1,3
bi-5-1-1:1,3
bi-5-1-2:1,3
bi-5-1-3:1,3
bi-5-1-5:1,3
bi-5-2:1,4,3
bi-5-2-1:50,1,4,3
bi-5-2-2:1,4,2560,3,73
bi-5-2-3:1,2561,4,3
bi-5-2-4:1267,1,4,3,2562
bi-5-2-5:1267,1,4,3
bi-5-3:1,2563,2186,1456,3
bi-6:1,4,3
bi-6-1:50,1,2564,2777,3
bi-6-2:1,4,3,2564,1214
bi-6-3:1,4,3,1214
bi-6-3-1:1,4,3,1214
bi-6-3-2:1,2786,3,1214
bi-6-3-3:1,4,3,1214
bi-7:1,3
bi-7-1:2566,1,2364,4,3
bi-8:1,3
bi-8-1:1,4,3
bi-8-2:1,4,3
bi-8-3:1,4,3
bi-8-4:1,4,3
bi-8-5:1,4,3
bi-8-6:1,4,3
bi-8-6-1:1,4,3
bi-8-7:1,2950,3
bi-8-7-1:1,2950,3,73
bi-8-7-2:1,2950,3
bi-8-7-3:1,2950,2914,3,5685
bi-8-7-3-1:1,2950,3
bi-8-7-3-2:1,2950,2914,3,5685
bi-8-7-3-3:1,2950,2914,3,5685
bi-8-7-4:1,2950,3,73
bi-8-8:2798,1,3,73
bi-8-9:1,2786,3,73,1,2567,3
bi-8-10:1,3
bi-8-11:1,3,1221
bi-8-12:1,4,3
bi-8-13:1,3,1221
bi-8-14:1,4,3
bi-8-15:1,4,3
bi-8-16:2811,2811,1,2811,3,1221
bi-8-17:1,3,1221
bi-8-17-1:1,3,1221
bi-8-17-2:1,3,1221
bi-8-17-3:1,3,1221
bi-9:1,3
bi-9-1:1,4,3
bi-9-1-1:1,4,3
bi-9-2:1,2843,3
bi-9-2-1:1,2843,3,87,837
bi-9-2-2:50,1,2843,3
bi-9-2-3:50,1,2843,3
bi-9-2-4:50,1,2780,3
bi-9-2-5:50,1,2843,3
bi-9-3:1,1295,3
bi-9-3-1:1388,1,1295,3
bi-9-3-2:1,1295,3,1388
bi-9-3-3:1,1295,3,1388
bi-10:1,12756,3
bi-10-1:30,2336,1,3012,2777,3
bi-10-2:3049,1,3,2797
bi-10-3:3049,1,3,2797
bi-10-3-1:3049,1,3,2797
bi-10-3-2:3049,1,3,2797
bi-10-3-3:3049,1,3,2797
bi-10-3-4:3049,1,3,2797
bi-11:1,3
bi-11-1:1,3
bi-11-2:2573,1,3
bi-11-3:3049,2574,1,3,1221
bi-11-20:1,2680,4,3
bi-11-18:1,2680,4,3
bi-11-18-6:1,2680,4,3
bi-11-18-3:1,2680,4,3
bi-11-18-4:1,2680,4,3
bi-11-18-5:1,2680,4,3
bi-11-18-1:1,2680,4,3
bi-11-18-2:1,2680,4,3
bi-11-4:1,3
bi-11-5:1,2575,3
bi-11-19:1,2680,4,3
bi-11-6:1,3
bi-11-6-1:1,3
bi-11-6-2:1,3
bi-11-6-3:1,3
bi-11-6-4:1,3
bi-11-7:1,2576,3
bi-11-7-1:1,2576,3
bi-11-7-2:1,2576,3
bi-11-7-3:1,2576,3
bi-11-7-4:1,2576,3
bi-11-7-5:1,2576,3
bi-11-17:1,3
bi-11-17-1:1,2680,4,3
bi-11-17-4:1,2680,4,3
bi-11-17-7:1,2680,4,3
bi-11-17-2:1,2680,4,3
bi-11-17-3:1,2680,4,3
bi-11-17-6:1,2680,4,3
bi-11-17-5:1,2680,4,3
bi-11-8:1,3
bi-11-9:1,3
bi-11-9-1:1,3
bi-11-9-2:1,3
bi-11-10:1,3
bi-11-10-1:1,3
bi-11-10-2:1,3
bi-11-10-3:1,3
bi-11-11:1,3
bi-11-12:1,2576,3
bi-11-12-1:1,2694,2177,2680,3,3362
bi-11-12-2:1,2576,2694,2177,2680,3,3362
bi-11-12-6:1,2576,2694,2177,2680,3,3362
bi-11-12-5:1,2576,2694,2177,2680,3,3362
bi-11-12-3:1,2576,2694,2177,2680,3,3362
bi-11-12-8:1,2576,2694,2177,2680,3,3362
bi-11-12-4:1,2576,2694,2177,2680,3,3362
bi-11-12-7:1,2576,2694,2177,2680,3,3362
bi-11-13:1,3
bi-11-13-1:1,3
bi-11-13-2:1,3
bi-11-14:1,3
bi-11-15:1,3
bi-11-15-1:1,3
bi-11-15-2:1,3
bi-11-15-3:1,3
bi-11-16:1,3,1433
bi-12:1,3
bi-12-1:1,4,3
bi-12-1-1:1,2577,4,3
bi-12-1-2:1,4,3
bi-12-1-2-1:1,4,3
bi-12-1-2-2:1,3,2578
bi-12-1-2-3:1,4,3
bi-12-1-2-4:1,4,1205,3
bi-12-1-2-5:1,4,3
bi-12-2:1,3
bi-12-2-1:2579,2580,1,2790,3
bi-12-3:1,4,3
bi-12-3-1:1,2577,4,3
bi-13:1,3
bi-13-1:1,1236,4,3
bi-13-2:1,2786,3,1,2567,3
bi-13-3:1,4,3
bi-13-4:1,1236,4,3
bi-14:1,4,3
bi-14-1:1,4,3
bi-14-2:1,4,3
bi-14-3:1,4,3
bi-15:1,4,3
bi-15-1:1,4,3
bi-15-2:1,4,3
bi-15-4:1,4,3
bi-16:1,3
bi-16-1:1,2581,4,3
bi-16-1-1:1,2581,4,3
bi-16-1-2:1,2581,4,3
bi-16-1-3:1,2581,4,3
bi-16-1-4:1,2581,4,3
bi-16-1-5:1,2581,4,3
bi-16-2:1,2582,3300,3050,3,1221
bi-16-2-1:1682,1571,1,2582,3300,3050,3,1221
bi-16-2-2:1682,1571,1,2582,3300,3050,3,1221
bi-16-2-3:1,2582,3300,3050,3,1221
bi-17:1,3
bi-17-1:2583,1,3
bi-17-1-1:2583,1,3
bi-17-1-2:2583,1,3
bi-17-1-3:2583,1,3
bi-17-1-4:2583,1,3
bi-17-1-5:2583,1,3
bi-18:1,3
bi-18-1:1,3
bi-18-1-1:1,2584,3
bi-18-1-2:1,2584,3
bi-18-1-4:1,3,2585
bi-18-1-5:1,2584,3
bi-18-1-3:1,3
bi-18-2:1,3,1221
bi-18-2-1:1,3,1221
bi-18-2-1-1:1,3,1221
bi-18-2-1-2:1,3,1221
bi-18-2-1-3:1,3,1221
bi-18-2-1-4:1,3,1221
bi-18-2-1-5:1,3,1221
bi-18-2-2:1,3,1221
bi-18-2-2-1:1,3,1221
bi-18-2-2-2:1,3,1221
bi-18-2-2-3:1682,1571,1,3,1221
bi-18-2-2-4:1,3,1221
bi-18-2-3:1,4,3,1221,2586
bi-18-2-3-1:1,4,3,1221,2586
bi-18-2-3-2:1,4,3,1221,2586
bi-18-2-3-3:1,4,3,1221,2586
bi-18-2-3-4:1,4,3,1221,2586
bi-18-2-3-5:1,4,3,1221,2586
bi-18-2-3-6:1,4,3,1221,2586
bi-18-2-4:1,3
bi-18-2-4-2:1,3
bi-18-2-4-3:1,3
bi-18-2-4-4:1,3
bi-18-2-4-5:1,3
bi-18-2-5:1682,1571,1,3,1221
bi-18-3:1,4,3
bi-18-3-1:1,4,3
bi-18-3-2:1,4,3
bi-18-3-3:1,4,3
bi-18-3-4:1,4,3
bi-19:1,3
bi-19-1:1,4,3
bi-19-2:1,4,3
bi-19-2-1:1,4,3
bi-19-2-2:1,4,3
bi-19-3:1259,1,4,3
bi-19-4:1,3
bi-19-4-1:1,3051,2587,3
bi-19-4-2:1,2777,3
bi-19-4-3:1,5678,2927,2781,3
bi-19-4-3-1:1,3
bi-19-4-3-2:1,3
bi-19-4-3-5:1,3
bi-19-4-3-3:1,3,2588,2589
bi-19-4-4:1,4,3
bi-19-4-4-2:1,2590,4,3,2591
bi-19-4-4-4:1,2590,4,3,2591
bi-19-4-5:1,1205,3,1221
bi-19-4-6:1,3,1221
bi-19-4-6-2:1,2590,2215,3,1221
bi-19-4-6-3:1,2590,2215,3,1221
bi-19-4-6-4:1,2590,2215,3,1221
bi-19-4-7:1,3,2593,2594
bi-19-4-7-1:1,3,2593,2594
bi-19-4-8:1,3
bi-19-4-8-1:1,3
bi-19-4-8-2:1,3
bi-19-4-8-3:1,3
bi-19-4-8-4:1682,1571,1,3
bi-19-4-9:1,3,1221
bi-19-4-9-1:1,3,1221
bi-19-4-9-2:1,3,1221
bi-19-4-9-3:1,3,1221
bi-19-5:1,3
bi-19-5-1:1,2786,3
bi-19-5-1-3:2596,1,2786,3
bi-19-5-1-4:2596,1,2786,3
bi-19-5-2:1,2590,2786,3
bi-19-5-2-1:1,2590,2786,3
bi-19-5-2-1-2:1,2590,2786,3
bi-19-5-2-1-4:1,2590,2786,3
bi-19-5-2-2:1,2590,2786,3
bi-19-5-2-2-1:1,2590,2786,3
bi-19-5-2-2-2:1,2590,2786,3
bi-19-5-3:1259,1,3
bi-19-5-3-2:1259,1,2590,3
bi-19-5-3-3:1259,1,2590,3
bi-19-5-3-4:1259,1,3
bi-19-5-4:1,2786,1205,3
bi-19-5-4-1:1,2786,1205,3
bi-19-5-4-2:1,2786,1205,3
bi-19-5-5:1,2786,3
bi-19-5-5-1:1,2786,3
bi-19-5-5-1-1:1,2786,3
bi-19-5-5-1-2:1,2786,3
bi-19-5-5-1-3:1,2786,3
bi-19-5-5-1-4:1,2786,3
bi-19-5-5-2:2597,1,2786,3
bi-19-5-6:1,2590,3,1221
bi-19-5-6-2:1,2590,3,1221
bi-19-5-6-3:1,2590,3,1221
bi-19-6:1,3
bi-19-6-1:1,4,3
bi-19-6-1-1:1,4,3
bi-19-6-1-2:1,4,3
bi-19-6-1-3:1,4,3
bi-19-6-1-4:1,4,3
bi-19-6-2:1,3,1566,1388,2599,3053,843
bi-19-6-3:1,3,1566,1388,2599,3053,2600,843
bi-19-6-4:1,3
bi-19-6-4-1:1,3
bi-19-6-4-1-1:1,3
bi-19-6-4-1-2:1,3
bi-19-6-4-1-3:1,3
bi-19-6-4-2:1,3
bi-19-6-4-2-1:1,3
bi-19-6-4-2-2:1,3
bi-19-7:1,3
bi-19-7-1:50,1,3054,2780,3
bi-19-7-2:50,1,4,3
bi-19-7-3:1,2601,2602,2956,3,2603,843
bi-19-7-3-1:1,2601,2602,2956,3,2603,843
bi-19-7-3-2:1,2601,2602,2956,3,2603,843
bi-19-7-3-3:1,2601,2602,2956,3,2603,843
bi-19-7-4:50,1,3
bi-19-7-4-1:50,1,3
bi-19-7-4-2:50,1,3
bi-19-7-4-3:50,1,3
bi-19-7-4-4:50,1,3
bi-19-7-5:30,1,4,3
bi-19-8:1,3
bi-19-8-1:30,1,3
bi-19-8-1-3:30,1,3
bi-19-8-1-1:30,1,3
bi-19-8-1-2:30,1,3
bi-19-8-1-4:30,1,3
bi-19-8-2:1,4,3
bi-19-8-2-2:1,4,3
bi-19-8-2-3:1,4,3
bi-19-8-2-4:4,5688,5687,1615
bi-19-8-2-1:4,5688,5687,1615
bi-19-8-3:4,5688,5687,1615
bi-19-8-4:4,5688,5687,1615
bi-19-8-5:4,5688,5687,1615
bi-19-9:1,4,3
bi-19-11:50,1,4,3,1566
bi-20:1,3
bi-20-1:1,3,1221
bi-20-1-1:1,3,1221
bi-20-1-1-1:1,3,1221
bi-20-1-1-2:1,3,1221
bi-20-1-1-3:1,3,1221
bi-20-1-1-4:1,3,1221
bi-20-1-2:1,2604,2605,3,1221
bi-20-2:1,4,3
bi-21:1,3
bi-21-1:1,4,3
bi-21-1-1:1,5678,2927,2781,2602,1545,3
bi-21-1-1-1:1,2602,1545,3
bi-21-1-1-2:1,4,2602,3
bi-21-2:1,3
bi-21-2-1:1,4,3
bi-21-2-2:1,3
bi-21-2-3:1682,1571,1,4,3,1221
bi-21-2-3-1:1,4,3,1221
bi-21-2-3-2:1682,1571,1,4,3,1221
bi-21-2-3-3:1,4,3,1221
bi-21-2-4:1,2602,1545,3
bi-21-2-4-1:1,2602,1545,3
bi-21-2-4-2:1,2602,1545,3
bi-21-2-4-3:1,2602,1545,3
bi-21-2-4-4:1,2602,1545,3
bi-22:1,3
bi-22-1:1,4,3
bi-22-1-1:1,4,3
bi-22-1-2:1,4,3
bi-22-1-3:1,4,3
bi-22-1-4:1,4,3
bi-22-2:1,4,3,837
bi-22-2-1:1,4,3,837
bi-22-2-2:1,4,3,837
bi-22-2-3:1,4,3,837
bi-22-2-4:1,4,3,837
bi-22-3:1,4,3
bi-22-3-1:1,4,3
bi-22-3-2:1,4,3
bi-22-3-3:1,4,3
bi-22-3-4:1,4,3
bi-22-4:1,3
bi-22-4-1:1,1791,3,1634,1221,2607
bi-22-4-2:1682,1571,1,3
bi-22-4-2-1:1,4,3,1634
bi-22-4-2-1-2:1,4,3,1634
bi-22-4-2-1-3:1,4,3,1634
bi-22-4-2-2:1682,1571,1,1272,1205,3
bi-22-4-2-3:1,1272,1334,1248,2608,3,1634
bi-22-4-3:1,3
bi-22-4-3-1:1,1272,3,2609
bi-22-4-3-2:1,1205,1859,3
bi-22-4-4:1,2610,3,1221
bi-22-4-5:1,2610,1248,2786,1205,3
bi-22-4-6:2784,1,3,843
bi-22-4-7:1,2610,3
bi-22-5:50,1,3,2950
bi-22-5-1:50,1,3,2950
bi-22-5-2:50,1,3,2950
bi-22-5-3:50,1,3,2950
bi-22-5-4:50,1,3,2950
bi-22-6:1,3
bi-22-7:2784,1,2982,1205,3
bi-22-8:1,4,3
bi-23:1,3
bi-23-1:2611,2612,1,3
bi-23-1-1:2611,2612,1,3
bi-23-1-2:2611,2612,1,3
bi-23-1-3:2611,2612,1,3
bi-23-2:1,3
bi-23-2-1:1,3
bi-23-2-2:1,3
bi-23-3:2611,2612,1,3
bi-23-3-1:2611,2612,1,3
bi-23-3-2:2611,2612,1,3
bi-23-3-3:2611,2612,1,3
bi-23-3-4:2611,2612,1,3
bi-23-4:1,3
bi-23-4-1:2613,1,3
bi-23-4-2:1,1205,3
bi-23-4-3:1,1205,3
bi-23-4-4:1,1205,3
bi-23-4-5:2614,1,3
bi-23-4-6:1,2615,3
bi-23-4-7:1,4,3
bi-23-4-7-1:1,4,3
bi-23-4-7-2:1,4,3
bi-23-4-7-3:1,4,3
bi-23-4-7-4:1,4,3
bi-23-4-8:1,4,3
bi-23-4-9:1,3
bi-23-4-9-1:1,3
bi-23-4-9-2:1,3
bi-23-4-9-3:1,3
bi-23-4-10:1,3
bi-23-4-10-1:1998,1,3
bi-23-4-10-2:1,2946,2616,3
bi-23-4-10-2-1:1,2946,2616,3
bi-23-4-10-2-2:1,2946,2616,3
bi-23-4-10-2-3:1,2946,2616,3
bi-23-4-10-2-4:1,2946,2616,3
bi-23-4-10-3:1,2616,2617,2618,3
bi-23-4-10-3-1:1,3301,2616,2617,2618,3
bi-23-4-10-3-2:1,3301,2616,2617,2618,3
bi-23-4-10-3-3:1,3301,2616,2617,2618,3
bi-23-4-10-4:1333,1,3
bi-23-4-10-5:1,2957,3
bi-23-4-10-5-1:1,2957,3
bi-23-4-10-5-2:1,2957,3
bi-23-4-10-5-3:1,2957,3
bi-23-4-10-5-4:1,2957,3
bi-23-4-11:1,2620,2616,2617,2988,3
bi-23-4-11-2:1682,1571,1,2620,2616,2617,2988,3
bi-23-4-11-3:1,2620,2616,2617,2988,3
bi-23-4-11-4:1,2620,2616,2617,2988,3
bi-23-4-12:1,3
bi-23-4-12-1:1,3
bi-23-4-12-2:1,3
bi-23-4-12-3:1,3
bi-23-4-13:1,3
bi-23-4-13-1:1,3
bi-23-4-13-2:1,3
bi-23-4-14:1,3
bi-23-4-14-1:1,3
bi-23-4-14-2:1,3
bi-23-4-14-3:1,3
bi-23-4-14-4:1,3
bi-23-5:1,3,2621
bi-23-6:1,4,3
bi-23-6-1:1,4,3
bi-23-6-2:1,4,3
bi-23-6-3:1,4,3
bi-23-6-3-1:1,4,3
bi-23-6-3-2:1,4,3
bi-23-6-3-3:1,4,3
bi-23-6-3-4:1,4,3
bi-23-6-4:1,4,3
bi-23-6-5:1,4,3
bi-23-6-5-1:1,4,3
bi-23-6-5-2:1,4,3
bi-23-6-5-3:1,4,3
bi-23-6-6:1,2786,3
bi-23-6-7:1,4,3
bi-23-6-8:1,4,3
bi-24:1,3
bi-24-1:50,1,1248,4,1205,3,1634,1214
bi-24-2:1,1272,1334,1248,3,1634,1214
bi-24-3:1,2622,1248,3,1634,1221,1214
bi-24-3-1:1682,1571,1,2622,1248,3,1634,1221,1214
bi-24-3-2:1682,1571,1,2622,1248,3,1634,1221,1214
bi-24-4:1,1248,2623,3056,3,1634,1221,1214
bi-24-5:1,1248,2625,4,1205,3,1634,1214
bi-24-6:1,1248,4,1205,2626,3,1634,1214
bi-24-7:1,4,1205,2627,3,1214
bi-24-8:1,4,1205,3,2628,1214
bi-24-9:1,1248,4,1205,3,1634,2629,1214
bi-24-10:1,4,1205,3,2630,1214
bi-24-11:1,2623,4,1205,3,2631
bi-24-12:1,2623,4,1205,3,2631
bi-24-13:1,4,1205,3,2629,1214
bi-25:1,3,837
bi-25-1:50,2632,1,2843,3
bi-25-2:1,2633,3
bi-25-2-1:1,2633,3
bi-25-2-2:1,2633,3
bi-25-2-3:1,2633,3
bi-25-3:1,2843,2634,3,2635
bi-25-4:50,1,2843,2636,3
bi-25-14:1,3,837
bi-25-5:50,1,2843,3
bi-25-5-1:50,1,2843,3
bi-25-5-2:50,1,2843,3
bi-25-5-3:50,1,2843,3
bi-25-6:1,3,1,3,3057
bi-25-6-1:1,3,1,3,3057
bi-25-6-2:1,3,1,3,3057
bi-25-6-3:1,3,1,3,3057
bi-25-7:50,1,2843,3,3302,3058,843
bi-25-7-1:50,1,2638,2633,2843,3,3058,843
bi-25-7-2:50,1,4,3,3302,3058,843
bi-25-7-3:50,1,2843,3,3302,3058,843
bi-25-7-4:50,1,2843,3,3302,3058,843
bi-25-13:30,2336,80,1,2783,128,3,3009,846,87,837,847
bi-25-8:50,1,2780,3
bi-25-8-1:50,1,2780,3
bi-25-8-2:50,1,2780,3
bi-25-8-3:50,1,2780,3
bi-25-8-4:50,1,2780,3
bi-25-9:50,1267,1,2843,3
bi-25-10:1,2639,3,2640,2641,3059
bi-25-11:50,1,2843,3
bi-25-11-1:50,1,2843,3
bi-25-11-2:50,1,2843,3
bi-25-11-3:50,1,2843,3
bi-25-12:1,2843,3
bi-25-12-1:1,2843,3
bi-25-12-2:1,2843,3
bi-25-12-3:1,2843,3
co-1:1,4,3
co-1-1:2908,1,3
co-1-1-1:2908,1,3
co-1-1-2:2908,1,3
co-1-1-3:2908,1,3
co-1-2:2957,1979,1,3,1980
co-1-2-1:2957,1979,1,1981,1982,3,1980
co-1-2-2:2957,1979,1,3,1980
co-1-2-3:2957,1979,1,3,1980
co-1-3:1,4,3
co-1-3-1:1,4,3
co-1-3-2:50,2958,3006,2784,3258,2336,2226,1984,1,3303,3
co-1-3-3:1,1985,4,3
co-1-3-4:1,1986,4,3
co-1-3-5:1,1987,1988,4,3
co-1-3-6:1,4,3
co-1-4:1,4,3
co-1-4-1:1,4,3
co-1-4-2:2958,3006,2784,3258,2336,2226,1,3
co-1-4-2-1:2958,3006,2784,3258,2336,2226,1,3
co-1-4-2-2:2958,3006,2784,3258,2336,2226,1,3
co-1-4-2-3:2958,3006,2784,3258,2336,2226,1,3
co-1-4-2-4:2958,3006,2784,3258,2336,2226,1,3
co-1-4-2-5:2958,3006,2784,3258,2336,2226,1,3
co-1-4-2-6:2958,3006,2784,3258,2336,2226,1,3
co-1-4-2-7:2958,3006,2784,3258,2336,2226,1,3
co-1-4-2-8:2958,3006,2784,3258,2336,2226,1,3
co-1-4-2-9:2958,3006,2784,3258,2336,2226,1,3
co-1-4-3:1,4,3
co-1-4-4:1,4,3
co-1-4-5:1,1989,1990,1991,1992,3
co-1-4-5-1:1,1989,1990,1991,1992,3
co-1-4-5-2:1,1989,1990,1991,1992,3
co-1-4-5-3:1,1989,1990,1991,1992,3
co-1-4-5-4:1,1989,1990,1991,1992,3
co-1-4-5-5:1,1989,1990,1991,1992,3
co-1-4-5-6:1,1989,1990,1991,1992,3
co-1-4-6:1682,1571,1,4,3
co-1-4-7:1682,1571,1,1993,1994,4,3
co-1-4-8:1995,1,1996,4,3
co-1-4-9:1997,1995,1,4,3
co-1-4-10:1995,1,4,3
co-1-4-10-1:1995,1,4,3
co-1-4-10-2:1995,1,4,3
co-1-4-10-3:1995,1,4,3
co-1-4-10-4:1995,1,4,3
co-1-4-10-5:1995,1,4,3
co-1-4-10-6:1995,1,4,3
co-1-4-10-7:1682,1571,1995,1,4,3
co-1-4-11:1998,1,1999,4,3
co-1-4-12:1979,1,4,3
co-1-4-12-1:1979,1,4,3
co-1-4-12-2:1979,1,4,3
co-1-4-12-3:1979,1,4,3
co-1-4-12-4:1979,1,4,3
co-1-4-12-5:1979,1,4,3
co-1-4-13:1682,1571,2000,1,4,3,1221,2001
co-1-4-14:2002,1,4,3
co-1-4-15:1,4,3,2003
co-1-4-16:1,4,3,2004
co-1-4-17:1,4,3
co-1-4-18:1,4,3,2005
co-1-4-18-1:1,4,3,2005
co-1-4-18-2:1,4,3,2005
co-1-4-18-3:1,4,3,2005
co-1-4-18-4:1,4,3,2005
co-1-4-18-5:1,4,3,2005
co-1-4-18-6:1,4,3,2005
co-1-4-18-7:1,4,3,2005
co-1-4-18-8:1,4,3,2005
co-1-4-19:2006,1,4,3
co-1-4-20:1,4,3
co-1-4-21:1,1334,4,2007,3,1221
co-1-4-22:1,4,3,1214
co-1-4-23:1,4,3
co-1-4-24:1682,1571,1,4,3
co-1-4-25:1995,1,2008,2982,4,3,1221
co-1-5:1,4,3
co-1-5-1:1,4,3
co-1-5-2:50,2958,3006,2784,3258,2336,2226,1,3
co-1-5-2-1:50,2958,3006,2784,3258,1682,1571,2336,2226,1,3
co-1-5-2-2:50,2958,3006,2784,3258,2336,2226,1,3
co-1-5-2-4:50,2958,3006,2784,3258,2336,2226,1,3
co-1-5-2-5:50,2958,3006,2784,3258,2336,2226,1,3
co-1-5-2-6:50,2958,3006,2784,3258,2336,2226,1,3
co-1-5-2-7:50,2958,3006,2784,3258,2336,2226,1,3
co-1-5-2-8:50,2958,3006,2784,3258,2336,2226,1,3
co-1-5-2-9:50,2958,3006,2784,3258,2336,2226,1,3
co-1-5-2-10:50,2958,3006,2784,3258,2336,2226,1,3
co-1-5-3:1,4,3
co-1-5-4:1,4,3
co-1-5-5:1,4,3
co-1-5-6:1,4,3
co-1-5-7:1682,1571,1,4,3
co-1-6:1,4,3
co-1-6-1:2958,3006,2784,3258,2336,2226,1,3
co-1-6-2:1,4,3,3060,2009
co-1-6-3:2011,2012,1,2789,3023,3
co-1-6-4:1,1295,3,3061
co-1-6-5:1,4,3,2014
co-1-7:1,1851,1852,1853,4,3023,3
co-1-7-1:1,1851,1852,1853,4,3023,3
co-1-7-2:1,1851,1852,1853,4,3023,3
co-1-7-3:1,1851,1852,1853,4,3023,3
co-1-7-4:1,1851,1852,1853,4,3023,3
co-1-7-5:1,1851,1852,1853,4,3023,3
co-1-7-6:1,1851,1852,1853,4,3023,3
co-1-7-7:1,1851,1852,1853,4,3023,3
co-1-7-9:1,1851,1852,1853,4,3023,3
co-1-7-10:1,1851,1852,1853,4,3023,3
co-2:3062,1,1272,4,3,1716
co-2-1:2015,3062,1,1272,4,3,1221
co-2-2:2016,2018,2017,3062,1998,1,2019,1272,1993,1981,1982,2020,1999,2021,2022,3,2023,2024,2025
co-2-2-1:2016,2018,2017,3062,1998,1,2019,1272,1993,1981,1982,2020,1999,2021,2022,3,2023,2024,2025
co-2-2-2:2016,2018,2017,3062,1998,1,2019,1272,1993,1981,1982,2020,1999,2021,2022,3,2023,2024,2025
co-2-2-4:2016,1682,1571,2018,2017,3062,1998,1,2019,1272,1993,1981,1982,2020,1999,2021,2022,3,2023,2024,2025
co-2-2-5:2016,2018,2017,3062,1998,1,2019,1272,1993,1981,1982,2020,1999,2021,2022,3,2023,2024,2025
co-2-2-6:2016,2018,2017,3062,1998,1,2019,1272,1993,1981,1982,2020,1999,2021,2022,3,2023,2024,2025
co-2-2-7:2016,1682,1571,2018,2017,3062,1998,1,2019,1272,1993,1981,1982,2020,1999,2021,2022,3,2023,2024,2025
co-2-2-8:2016,1682,1571,2018,2017,3062,1998,1,2019,1272,1993,1981,1982,2020,1999,2021,2022,3,2023,2024,2025
co-2-2-9:2016,2018,2017,3062,1998,1,2019,1272,1993,1981,1982,2020,1999,2021,2022,3,2023,2024,2025
co-2-3:3062,1,1272,4,3
co-2-4:3062,1,1272,2026,2027,3
co-2-4-1:3062,1,1272,2026,2027,3
co-2-4-2:3062,1,1272,2026,1991,2027,3
co-2-4-3:1682,1571,3062,1,1272,2026,2027,3
co-2-4-4:3062,1,1272,2026,2027,3
co-2-4-5:3062,1,1272,2026,2027,3
co-2-4-6:3062,1,1272,2026,2027,3
co-2-5:3062,1998,1,2028,1272,4,3,1221,2029,2030
co-2-6:3062,1,2028,1272,4,2031,3,1221,2032
co-2-7:2018,3062,1998,1,2019,1272,4,2031,3,1221
co-2-7-1:2018,3062,1998,1,2019,1272,4,2031,3,1221
co-2-7-2:1682,1571,2018,3062,1998,1,2019,1272,4,2031,3,1221
co-2-7-4:1682,1571,2018,3062,1998,1,2019,1272,4,2031,3,1221
co-2-7-5:2018,3062,1998,1,2019,1272,4,2031,3,1221
co-2-7-6:1682,1571,2018,3062,1998,1,2019,1272,4,2031,3,1221
co-2-7-7:1682,1571,2018,3062,1998,1,2019,1272,4,2031,3,1221
co-2-8:2018,3062,1995,1,1272,4,3,2033
co-3:1,2957,2616,4,3
co-3-1:2959,1,2616,4,3
co-3-2:1,2616,4,2959,3
co-3-3:1,2616,4,3
co-3-4:1,2616,4,3,3304,3305
co-3-4-1:1,2616,4,3,3304,3305
co-3-4-2:1,2616,4,3,3306,3307
co-3-4-2-1:1,2616,4,3,3306,3307
co-3-4-2-2:1,2616,4,3,3306,3307
co-3-4-2-3:1,2616,4,3,3306,3307
co-3-4-2-4:1,2616,4,3,3306,3307
co-3-4-2-5:1,2616,4,3,3306,3307
co-3-4-2-6:1,2616,4,3,3306,3307
co-3-4-3:1682,1571,1,2616,4,3,3308,2036,2037,3063,2038
co-4:1,4,3
co-4-1:1,4,3
co-4-1-1:1,4,3
co-4-1-1-1:1,4,3
co-4-1-1-2:50,1,4,3
co-4-1-1-3:1,4,3,2039
co-4-1-1-4:1,4,3
co-4-1-1-4-1:1,3
co-4-1-1-4-2:1,3
co-4-1-1-4-3:1,4,3
co-4-1-1-4-4:1,4,3
co-4-1-1-4-5:1,4,3
co-4-1-1-4-6:1,4,3
co-4-1-1-5:1,4,3
co-4-1-2:1,4,3
co-4-1-2-1:1,4,3
co-4-1-2-2:1,4,3,1221,2040,3042
co-4-1-2-3:1995,1,4,3
co-4-1-2-4:1,4,3
co-4-1-2-5:1,2041,1333,4,3
co-4-1-3:1,2042,3,2043
co-4-1-3-1:1,2042,3,2043
co-4-1-3-2:1,2042,3,2043
co-4-1-3-3:1,2042,3,2043
co-4-1-3-4:1,2042,3,2043
co-4-1-3-5:1,2042,3,2043
co-4-1-3-6:1,2042,3,2043
co-4-1-3-7:1,2042,3,2043
co-4-1-3-8:1,2042,3,2043
co-4-1-3-9:1,2042,3,2043
co-4-1-3-10:1,2042,3,2043
co-4-1-4:1,4,3,2044,2045
co-4-1-5:1682,1571,1,1333,4,3,1221
co-4-2:1,2982,4,3
co-4-2-1:1,4,3
co-4-2-2:1,2046,4,3023,3,1221
co-4-2-3:50,2047,1,4,3023,3
co-4-2-4:1682,1571,1,4,3
co-4-2-5:1,4,3023,3,1221
co-4-2-5-1:1,2048,4,3023,3,1221
co-4-2-5-2:1,4,3023,3,1221,2049
co-4-2-5-3:1,2050,2982,4,3,1221,2051
co-4-2-5-4:1,4,3023,3,1221,2052,2053
co-4-2-6:1682,1571,1,2982,4,3,1221
co-4-2-7:1,4,3023,3
co-4-2-8:1,2789,3023,3
co-4-2-8-1:1,4,3023,3
co-4-2-8-2:1,4,3023,3
co-4-2-8-3:1,4,3023,3
co-4-2-8-4:1,2789,3023,3
co-4-2-8-5:1,4,3023,3
co-4-2-8-6:1,4,3023,3
co-4-2-8-7:1,4,3023,3
co-4-2-8-8:1,4,3023,3
co-4-2-8-9:1,4,3023,3
co-4-2-8-10:1,2789,3023,3
co-4-3:1,4,3
co-4-4:1,4,2054,3
el:1,3,1716
el-1:12755,1,3,5334,1221,134
el-1-1:5329,1206,1790,1,1248,2786,2404,3,5334,1221
el-1-7:1,3,5334,1221,134
el-1-8:1,3,5334,1221,134
el-1-9:1,3,5334,1221,134
el-1-10:1,3,5334,1221,134
el-1-11:1,3,5334,1221,134
el-1-2:1,5330,4,3,1221,134
el-1-2-8:1,5330,4,3,1221,134
el-1-2-6:1,5330,4,3,1221,134
el-1-2-7:1,5330,4,3,1221,134
el-1-2-9:1,5330,4,1221
el-1-2-10:1,5330,4,3,1221,134
el-1-2-13:1,5330,4,3,1221,134
el-1-2-2:2057,1,5330,4,1456,3,2279
el-1-2-3:1,5330,2707,3111,4,3,5331,134
el-1-2-4:1,5330,2062,4,3
el-1-2-14:1,5330,3,1221,134
el-1-2-5:1,5330,5678,2927,2781,4,3
el-1-2-11:1,5330,4,3,134
el-1-2-12:1,5330,4,3,134
el-1-3:1790,1,2786,3,5334,5332,5333,1221,134
el-1-12:1,3,5334,1221,134
el-1-4:1,2786,3,5334,1221,3170
el-1-5:1790,1,1811,2062,4,3,1221,134
el-1-5-6:1790,1,2062,4,3,134
el-1-5-1:1790,1,1811,1791,2610,2365,5335,2062,2466,4,1205,3,1221
el-1-5-1-1:1790,1,1811,1791,2610,2365,5335,2062,2466,4,1205,3,1221
el-1-5-1-2:1790,1,1811,1791,2610,2365,5335,2062,2466,4,1205,3,1221
el-1-5-1-3:1790,1,1811,1791,2610,2365,5335,2062,2466,4,1205,3,1221
el-1-5-7:1790,1,1811,2062,4,3,1221,134
el-1-5-2:1790,1,1811,2062,4,1205,3,1221
el-1-5-2-1:1790,1,1811,2062,4,1205,3,1221
el-1-5-2-2:1790,1,1811,2062,4,1205,3,1221
el-1-5-8:1790,1,1811,2062,4,3,1221,134
el-1-5-8-1:1790,1,1811,2062,4,3,1221,134
el-1-5-8-2:1790,1,1811,2062,4,3,1221,134
el-1-5-8-3:1790,1,1811,2062,4,3,1221,134
el-1-5-8-4:1790,1,1811,2062,4,3,1221,134
el-1-5-8-5:1790,1,1811,2062,4,3,1221,134
el-1-5-3:1790,1,1811,2062,5336,4,3,1221,5337
el-1-5-4:2374,1790,1,1811,2062,1333,5338,4,3,1221,5339,134
el-1-5-5:5342,1790,1,1811,2062,3056,4,5343,3,1221,5340,73,5341
el-1-5-9:1790,1,2062,4,3,134
el-1-5-10:1790,1,2062,4,3,134
el-1-5-11:1790,1,1811,2062,4,3,5334,1221,134
el-1-6:1790,1,1272,1331,1248,2786,3,5334,1221,134
el-2:1,1272,1370,4,3,1221
el-2-1:1,1930,1272,4,3,1221
el-2-1-1:1,1930,1272,4,1205,3,1221
el-2-1-1-1:1,1930,1272,4,1205,3,5423
el-2-1-1-3:1,1930,1272,4,1205,3
el-2-1-1-2:5424,1822,1682,1571,1,1930,1272,4,1205,3,1221,5028,1792
el-2-1-1-4:1,1930,1272,4,1205,3
el-2-1-10:1,1930,1272,4,3,1221
el-2-1-11:1,1930,1272,4,3,1221
el-2-1-2:1682,1571,1,1930,1272,5425,1807,4,3
el-2-1-2-3:2784,1682,1571,2226,1798,80,1,1930,1272,3111,5425,1807,5010,4,3,1221
el-2-1-2-3-1:2784,2226,1798,80,1,1930,3111,5425,5010,4,3
el-2-1-2-3-2:2784,2226,1798,80,1,1930,3111,5425,5010,4,3
el-2-1-2-6:1,1930,4,3
el-2-1-2-4:1,1930,5425,5426,4,3
el-2-1-2-4-1:1,1930,5425,5426,4,3,73
el-2-1-2-4-2:1,1930,5425,5427,5426,4,3,2778
el-2-1-2-7:1,1930,1272,5425,1807,4,3,1221
el-2-1-2-8:1,1930,5425,4,3
el-2-1-2-5:1,1930,1272,1807,4,3023,1205,3
el-2-1-3:1,1930,1272,4,3,1221
el-2-1-3-1:2784,3258,1984,1,1930,1272,4,3,1221
el-2-1-3-2:1,1930,1272,1733,4,1793,3,1221
el-2-1-3-3:1,1930,1272,4,3,1221
el-2-1-3-4:1,1930,1272,4,3,1221
el-2-1-6:1,1930,1272,4,3,1221
el-2-1-6-1:1,1930,1272,1797,4,5429,5015,3,1221
el-2-1-6-3:1,1930,1272,4,3,1221
el-2-1-6-2:2784,3258,2226,5001,1798,80,1,1930,1272,3012,5010,4,3
el-2-1-6-4:1,1930,1272,4,3,1221
el-2-1-6-5:1,1930,1272,4,3,1221
el-2-1-6-6:1,1930,1272,4,3
el-2-1-6-7:1,1930,1272,4,3
el-2-1-12:1,1930,1272,4,3,1221
el-2-1-4:1737,1682,1571,1,1930,1272,4,3,1221
el-2-1-4-4:1737,1,1930,1272,4,3
el-2-1-4-5:1737,1,1930,1272,4,3
el-2-1-4-1:1737,1,1930,1794,1272,4,3023,1205,3
el-2-1-4-2:1737,1,1930,1272,4,5017,3,73
el-2-1-4-3:1737,1,1930,1272,4,5428,3
el-2-1-5:1795,1,1930,1272,2404,4,1796,3023,3
el-2-1-5-1:1795,1,1930,1272,2404,4,1796,3023,3
el-2-1-5-2:1795,1,1930,1272,2404,4,1796,3023,3
el-2-1-7:1828,1,1930,5470,1272,4,3,1221
el-2-1-7-2:1828,1,1930,5470,1272,4,3,1221
el-2-1-7-3:1828,1,1930,5470,1272,4,3,1221
el-2-1-7-4:1828,1,1930,5470,1272,4,3,1221
el-2-1-7-1:2319,1828,1737,1,1930,5470,1272,4,3023,5430,1205,3,1221,5431
el-2-1-7-5:1828,1,1930,5470,1272,4,3,1221
el-2-1-7-6:1828,1,1930,5470,1272,4,3,1221
el-2-1-8:1,1930,1272,4,3,1221
el-2-1-8-1:2958,3365,3006,2784,1984,1,1930,1272,4,3
el-2-1-8-2:1,1930,1272,1350,4,3,1221
el-2-1-8-2-1:1,1930,1272,1350,4,3,1221
el-2-1-8-2-2:1,1930,1272,1350,4,3,1221
el-2-1-8-2-3:1,1930,1272,1350,4,3,1221
el-2-1-8-2-4:1,1930,1272,1350,4,3
el-2-1-8-2-5:1,1930,1272,1350,4,3
el-2-1-8-6:1,1930,1272,4,3
el-2-1-8-3:2222,3006,2784,80,1,1930,1272,4,3
el-2-1-8-4:1795,1682,1571,1,1930,1272,2404,2914,4,2789,3023,1205,3,5685
el-2-1-8-7:1,1930,1272,4,3
el-2-1-8-5:1,1930,1272,4,1205,3
el-2-1-9:1682,1571,1,1272,4,3,1221
el-2-1-9-1:5432,5433,1825,1,1272,4,3
el-2-1-9-5:1,1272,4,3
el-2-1-9-2:2792,1,1272,4,3,5434
el-2-1-9-2-1:2792,1,1272,4,3,5434
el-2-1-9-2-2:2792,1,1272,4,3,5434
el-2-1-9-2-3:2792,1,1272,4,3,5434
el-2-1-9-2-4:2792,1,1272,4,3,5434
el-2-1-9-6:1,1272,4,3,1221
el-2-1-9-7:1,1272,4,3
el-2-1-9-8:1,1272,4,3
el-2-1-9-9:1,1272,4,3
el-2-1-9-3:1,1272,4,3
el-2-1-9-4:1,1272,4,3,2824
el-2-1-9-10:1,1272,4,3
el-2-1-9-11:1,1272,4,3,1221
el-2-1-9-12:1,1272,4,3
el-2-2:5435,1,1272,845,4,5544,3,1221
el-2-2-1:5435,1813,1803,1682,1571,1,5439,1272,845,1248,5436,1959,4,5544,3,1221,5438,1805,5437
el-2-2-2:1800,1806,5435,1801,1682,1571,1,1272,845,2914,4,5544,3,1221,5685
el-2-2-2-1:1800,1806,5435,1801,1,1272,845,1807,4,5544,3,1221
el-2-2-2-3:1800,1806,5435,1801,1,1272,845,4,5544,3,1221
el-2-2-2-2:1800,1808,1806,5435,1801,1,1272,1872,845,4,5544,1205,3,1221,1214
el-2-2-12:5435,1,1272,845,4,5544,3,1221
el-2-2-3:5435,3309,1682,1571,1,1272,845,1809,5441,4,5544,1205,3,1221
el-2-2-4:1822,5435,1802,1682,1571,1,1272,845,4,5544,1810,3,1221
el-2-2-4-1:1822,5435,1813,1802,1682,1571,5442,1,1811,1272,845,4,5544,1810,3,1221
el-2-2-4-2:1822,5435,1802,1,1811,1272,845,5443,1804,4,5544,1810,3,1221,1812,5028
el-2-2-4-2-1:1822,5435,1802,1,1811,1272,845,5443,1804,4,5544,1810,3,1221,1812,5028
el-2-2-5:5435,1801,1,1272,845,4,5544,1205,3,1221,5444,5445,5446
el-2-2-6:5435,1801,1,1272,845,5447,4,5544,1205,3,1221
el-2-2-7:5435,1813,1682,1571,5002,1,1272,845,3064,5448,1814,5010,4,5544,1815,5449,3,1221
el-2-2-7-1:5435,1813,1682,1571,5002,1,1272,845,3064,5448,1814,5010,4,5544,1815,5449,3,1221
el-2-2-7-1-1:5435,1682,1571,5002,1,1272,845,3064,5448,5010,4,5544,1815,5449,3,1221
el-2-2-7-1-2:5435,1813,5002,1,1272,845,3064,5448,1814,5010,4,5544,1815,5449,3,1221
el-2-2-7-1-3:5435,1813,1682,1571,5002,1,1272,845,5450,3064,5448,1814,5010,4,5544,1815,5449,3,1221
el-2-2-7-1-4:5435,1813,1682,1571,5002,1,1272,845,3064,5448,1814,5010,4,5544,1815,5449,3,1221
el-2-2-7-1-5:5435,1813,1682,1571,5002,1,1272,845,3064,5448,1814,5010,4,5544,1815,5449,3,1221
el-2-2-7-2:5435,1813,1682,1571,5002,1,1272,845,3064,5448,1814,5010,5451,4,5544,1815,5449,3,1221
el-2-2-7-2-1:5435,1813,5002,1,1272,845,3064,5448,1814,5010,5451,4,5544,1815,5449,3,1221
el-2-2-7-2-2:5435,1813,5002,1,1272,845,3064,5448,1814,5010,5451,4,5544,1815,5449,3,1221
el-2-2-7-2-3:5435,1813,5002,1,1272,845,3064,5448,1814,5010,5451,4,5544,1815,5449,3,1221
el-2-2-7-2-4:5435,1813,5002,1,1272,845,3064,5448,1814,5010,5451,4,5544,1815,5449,3,1221
el-2-2-8:5435,1682,1571,1,1272,845,4,5544,3425,1796,3,1816,1221
el-2-2-9:5435,1801,1682,1571,1,1272,845,1809,4,5544,1205,3,1221,1817
el-2-2-9-1:5435,1801,1,1272,845,1809,5452,5487,4,5544,1205,3,1221,1817
el-2-2-9-1-1:5435,1801,1272,845,1809,5452,5487,4,5544,1221
el-2-2-9-1-2:5435,1801,1272,845,1809,5452,5487,4,5544,1221
el-2-2-9-2:5454,5435,1801,1682,1571,1,1272,845,1809,5453,2419,4,5544,1205,3,1221,1817
el-2-2-9-3:5435,1801,1682,1571,1,1272,845,1809,5455,4,5544,1205,3,1221,1817
el-2-2-9-4:5435,1801,1,1272,5456,845,1809,4,5544,1205,3,1221,1817
el-2-2-9-5:5435,1801,1,1272,845,1809,4,5544,5457,1205,3,1221,1817,5446
el-2-2-9-6:5454,5435,1801,1,5458,1272,845,1809,5459,4,5544,1205,3,1221,1817
el-2-2-9-7:5435,1801,1825,1,1272,845,1809,4,5544,1205,3,1221,1817,5460
el-2-2-10:5435,1801,1818,1682,1571,1,5439,1272,845,4,5544,1205,3,1221,1819,5440,3065,1820
el-2-2-10-1:5435,1801,1818,1,5439,1272,845,4,5544,1205,3,1221,1819,5440,3065,1820
el-2-2-10-2:5435,1801,1818,1,5439,1272,845,4,5544,1205,3,1221,1819,5440,3065,1820
el-2-2-10-3:5435,1801,1818,1,5439,1272,845,4,5544,1205,3,1221,1819,5440,3065,1820
el-2-2-10-4:5435,1801,1818,1,5439,1272,845,4,5544,1205,3,1221,1819,5440,3065,1820
el-2-2-10-5:5435,1801,1818,1,5439,1272,845,4,5544,1205,3,1221,1819,5440,3065,1820
el-2-2-10-6:5435,1801,1818,1,5439,1272,845,4,5544,1205,3,1221,1819,5440,3065,1820
el-2-2-10-7:5435,1801,1818,1,5439,1272,845,4,5544,1205,3,1221,1819,5440,3065,1820
el-2-2-11:5435,1,1272,845,4,5544,1815,3,1221,1821
el-2-3:1822,1801,3066,1,1272,4,1823,3,1221
el-2-3-1:1822,1801,3066,1682,1571,5461,1,1272,1804,5010,4,1823,3,1221,1812
el-2-3-12:1822,1801,3066,1,1272,4,1823,3,1221
el-2-3-2:1822,1801,3066,1682,1856,1571,1,2019,1272,5010,4,1823,3,1221
el-2-3-2-2:1822,1801,3066,1856,1,2019,1272,5010,4,1823,3,1221
el-2-3-2-1:1822,1801,3066,1856,1,2019,1272,5010,4,1823,3,1221
el-2-3-2-3:1822,1801,3066,1856,1,2019,1272,5010,4,1823,3,1221
el-2-3-2-4:1822,1801,3066,1856,1,2019,1272,5010,4,1823,3,1221
el-2-3-2-5:1822,1801,3066,1856,1,2019,1272,5010,4,1823,3,1221
el-2-3-3:1822,1801,3066,1803,1,5439,1272,845,1804,4,1823,3,1221,5466,5467
el-2-3-13:1822,1801,3066,1,1272,4,1823,3,1221
el-2-3-4:1822,1801,3066,1,1272,4,1823,3,5334,5463,1221
el-2-3-5:1822,1801,3066,1682,1571,1,1272,1824,1740,4,1823,1815,3,1221
el-2-3-6:1822,1801,3066,1,1272,1804,2419,4,5544,1823,2031,1815,3,1221
el-2-3-14:1822,1801,3066,1,1272,4,1823,3,1221
el-2-3-7:1822,1801,1682,1571,5469,1,1272,2046,1804,5010,4,1823,1810,3,1221,3066,1812
el-2-3-7-1:1822,1801,1682,1571,5002,5469,1,1272,2046,1804,5010,4,1823,1810,3,1221,3066,1812
el-2-3-7-1-1:1822,1801,1682,5002,5469,1,1272,2046,1804,5010,4,1823,1810,3,1221,3066,1812
el-2-3-7-1-2:1822,1801,1682,5002,5469,1,1272,2046,1804,5010,4,1823,1810,3,1221,3066,1812
el-2-3-7-2:1822,1801,1682,5469,1,1272,2046,1804,5010,4,1823,1810,3,1221,3066,1812
el-2-3-7-7:1822,1801,1682,1571,5469,1,1272,2046,1804,5010,4,1823,1810,3,1221,3066,1812
el-2-3-7-3:1822,1801,1682,5469,1,5439,1272,2046,1804,5010,5468,4,1823,1810,3,1221,3066,1812,1940,1847
el-2-3-7-4:1828,1822,1813,1801,1682,5469,1,5470,1272,2046,1804,5010,4,1823,1205,1810,3,1221,3066,1812,2705
el-2-3-7-5:1828,1822,1801,1682,5469,1,1272,2046,1804,5010,4,1823,1867,1810,3,1221,3066,1812
el-2-3-7-6:1362,1822,1801,1682,1856,1571,5002,5469,1,1272,2046,1804,5010,4,1823,1810,3,1221,3066,1812,5471
el-2-3-8:1822,1801,3066,1682,1571,1,1272,1804,4,5472,1823,5473,3,1221,5475,5474
el-2-3-9:1822,1801,3066,1,5439,1272,845,1804,4,1823,3,1221,5476
el-2-3-10:1822,1801,3066,1682,1571,1825,1,1272,1804,4,1823,2587,3,5463,1826,1221,1799,5462
el-2-3-10-1:1822,1801,3066,1825,1,1272,1804,4,1823,2587,3,5463,1826,1221,1799,5462
el-2-3-10-2:1822,1801,3066,1825,1,1272,1804,4,1823,2587,3,5463,1826,1221,1799,5462
el-2-3-11:1822,1801,3066,1682,1571,1,2019,1272,1804,4,1823,1815,3,1221,5465,2246,5464
el-2-4:1682,1571,3068,1,1272,5010,4,3,1221
el-2-5:1801,1,1272,3069,3310,845,4,3,1221
el-2-5-8:1,3069,4,3
el-2-5-8-1:1,3069,4,3
el-2-5-8-2:1,3069,4,3
el-2-5-3:1801,1,1272,3069,3310,845,4,3,1221
el-2-5-1:1822,1801,1,1272,3069,3310,845,4,3,1221,2431,5477
el-2-5-4:1801,1,1272,3069,3310,845,4,3,1221
el-2-5-5:1801,1,1272,3069,3310,845,4,3,1221
el-2-5-6:1,4,3
el-2-5-7:1,4,3
el-2-5-2:1813,1801,1682,1571,1,1272,3069,3310,845,2419,4,1827,3,1221
el-2-6:1800,1801,1,1272,845,5010,4,1205,3,1221,1820
el-2-6-1:1800,1801,1,1272,845,5010,4,1205,3,1221,1820
el-2-6-2:1800,1801,1,1272,845,5010,4,1205,3,1221,1820
el-2-6-3:1800,1801,1,1272,845,5010,4,1205,3,1221,1820
el-2-7:1828,1801,1,1272,845,1804,4,1205,3,1221
el-2-7-2:1828,1801,1,1272,845,1804,4,1205,3,1221
el-2-7-3:1828,1801,1,1272,845,1804,4,1205,3,1221
el-2-7-4:1828,1801,1,1272,845,1804,4,1205,3,1221
el-2-7-5:1828,1801,1,1272,845,1804,4,1205,3,1221
el-2-7-6:1828,1801,1,1272,845,1804,4,1205,3,1221
el-2-7-7:1828,1801,1,1272,845,1804,4,1205,3,1221
el-2-7-8:1828,1801,1,1272,845,1804,4,1205,3,1221
el-2-7-9:1828,1801,1,1272,845,1804,4,1205,3,1221
el-2-7-1:1828,1801,1682,1571,1,1811,1272,1804,4,1867,1205,3,5478
el-3:1,1829,3
el-3-1:1,5479,4,3,1261
el-3-1-1:5001,1,1872,5010,4,3,1261
el-3-1-4:1,5479,4,3,1261
el-3-1-5:1,5479,4,3,1261
el-3-1-2:1,5479,1872,4,3,1845,1261,73
el-3-1-3:2908,1,5481,1830,5480,3,1261,2903
el-3-1-6:1,5479,4,3,1261
el-3-2:1,5479,1831,1829,5482,5483,3,1261
el-3-2-1:1,5479,1831,1829,5482,5483,3,1261
el-3-2-2:1,5479,1831,1829,5482,5483,3,1261
el-3-2-3:1,5479,1831,1829,5482,5483,3,1261
el-3-2-4:1,5479,1831,1829,5482,5483,3,1261
el-3-2-5:1,5479,1831,1829,5482,5483,3,1261
el-3-2-6:1,5479,1831,1829,5482,5483,3,1261
el-3-9:1,5479,1829,3,1261
el-3-3:1,5479,1829,5485,5484,3311,3,1261
el-3-3-1:5486,1,5479,1829,5485,5484,4,3311,3,1261
el-3-3-2:1,5479,1829,5485,5484,3311,3,1261
el-3-3-3:1,5479,1829,5485,5484,3311,3,1261
el-3-3-4:1,5479,1829,5485,5484,3311,3,1261
el-3-3-6:1,5479,1829,5485,5484,3311,3,1261
el-3-3-5:1,5479,1829,5485,5484,3311,3,1261
el-3-4:1,5479,1829,1832,3,1261,1833
el-3-4-1:1,5479,1829,1832,3,1261,1833
el-3-4-2:1,5479,1829,1832,3,1261,1833
el-3-4-3:1,5479,1829,1832,3,1261,1833
el-3-4-6:1,5479,1829,1832,3,1261,1833
el-3-4-7:1,5479,1829,1832,3,1261,1833
el-3-4-4:1,5479,1829,1811,5487,1832,3,1261,1833
el-3-4-5:1,5479,1829,1811,5487,1832,3,1261,1833
el-3-8:1,5479,1829,3,1261
el-3-5:1,5479,1829,5488,3,1261
el-3-5-5:1,5479,1829,5488,3,1261
el-3-5-1:5490,5492,5489,1,5479,1829,5491,1834,3,1261
el-3-5-2:1,5479,1829,5488,1835,3,1261
el-3-5-2-1:1,5479,1829,5488,1835,3,1261
el-3-5-2-2:1,5479,1829,5488,1835,3,1261
el-3-5-2-3:1,5479,1829,5488,1835,3,1261
el-3-5-6:5479,5488,1261
el-3-5-3:1682,1571,1,5479,1829,5493,4,3,1261
el-3-5-3-1:1,5479,1829,5493,4,3,1261
el-3-5-3-2:1,5479,1829,5493,4,3,1261
el-3-5-3-3:1,5479,1829,5493,4,3,1261
el-3-5-7:1,5479,1829,5488,3,1261
el-3-5-4:1,5479,1829,3,1261,5494
el-3-5-4-1:1,5479,1829,3,1261,5494
el-3-5-4-2:1,5479,1829,3,1261,5494
el-3-5-4-3:1,5479,1829,3,1261,5494
el-3-5-4-4:1,5479,1829,3,1261,5494
el-3-5-4-5:1,5479,1829,3,1261,5494
el-3-5-8:1,5479,1829,5488,3,1261
el-3-6:3070,1,5479,4,5495,3311,3,1261
el-3-6-1:3070,1,5479,5496,2466,4,5495,3311,3,1261
el-3-6-2:3070,1,1930,5479,4,5495,3311,3,1261,5028
el-3-6-2-1:3070,1,1930,5479,4,5495,3311,3,1261,5028
el-3-6-2-2:3070,1,1930,5479,3314,4,5495,3311,3,1261,1920,5028
el-3-6-2-4:3070,1,1930,5479,4,5495,3311,3,1261,5028
el-3-6-2-3:1836,3070,1,1930,1837,5479,1838,4,1840,1841,1842,3071,1843,5495,3311,1844,3,5497,1845,1261,1846,5028,1792,1847
el-3-6-3:3070,1,5479,1272,4,1840,5495,3311,3,1869,1845,1261,5028,1847
el-3-6-4:3070,1,5499,5479,5498,4,5495,3311,3,1261
el-3-6-5:5501,5500,3070,1,5479,4,5495,3311,3,1261
el-3-6-5-1:5501,5500,3070,1,5479,4,5495,3311,3,1261
el-3-6-5-2:5501,5500,3070,1,5479,4,5495,3311,3,1261
el-3-6-5-3:5501,5500,3070,1,5479,4,5495,3311,3,1261
el-3-6-5-4:5501,5500,3070,1,5479,4,5495,3311,3,1261
el-3-6-5-5:5501,5500,3070,1,5479,4,5495,3311,3,1261
el-3-6-5-6:5501,5500,3070,1,5479,4,5495,3311,3,1261
el-3-6-5-7:5501,5500,3070,1,5479,4,5495,3311,3,1261
el-3-6-10:3070,1,5479,4,5495,3311,3,1261
el-3-6-6:3070,1,5502,5479,4,5495,3311,3,1261
el-3-6-7:3070,1,5479,5496,2680,4,5495,3311,3,1261,1948
el-3-6-8:3070,1,5479,4,5495,3311,3,1261
el-3-6-9:3070,1,5479,4,5495,3311,3,1261,5503
el-3-6-9-1:3070,1,5479,4,5495,3311,3,1261,5503
el-3-6-9-2:3070,1,5479,4,5495,3311,3,1261,5503
el-3-6-9-3:3070,1,5479,4,5495,3311,3,1261,5503
el-3-6-9-4:3070,1,5479,4,5495,3311,3,1261,5503
el-3-6-9-5:3070,1,5479,4,5495,3311,3,1261,5503
el-3-7:1,5479,1831,1829,3,5505,1261,5504
el-3-7-1:1,5479,1831,1829,3,5505,1261,5504
el-3-7-1-1:1,5479,1831,1829,3,5505,1261,5504
el-3-7-1-2:1,5479,1831,1829,3,5505,1261,5504
el-3-7-1-3:1,5479,1831,1829,3,5505,1261,5504
el-3-7-1-4:1,5479,1831,1829,3,5505,1261,5504
el-3-7-1-5:1,5479,1831,1829,3,5505,1261,5504
el-3-7-1-6:1,5479,1831,1829,3,5505,1261,5504
el-3-7-1-7:1,5479,1831,1829,3,5505,1261,5504
el-3-7-2:1,5479,1831,1829,5483,5506,3,1261,5504
el-3-7-2-1:1,5479,1831,1829,5483,5506,3,1261,5504
el-3-7-2-2:1,5479,1831,1829,5483,5506,3,1261,5504
el-3-7-2-3:1,5479,1831,1829,5483,5506,3,1261,5504
el-3-7-2-4:1,5479,1831,1829,5483,5506,3,1261,5504
el-3-7-2-5:1,5479,1831,1829,5483,5506,3,1261,5504
el-3-7-3:5507,1,5479,1831,1829,1899,3,1901,1261,5504
el-3-7-5:1,5479,1831,1829,3,5505,1261,5504
el-3-7-6:1,5479,1831,1829,3,5505,1261,5504
el-3-7-7:1,5479,1831,1829,3,5505,1261,5504
el-3-7-8:1,5479,1831,1829,3,5505,1261,5504
el-3-7-4:1,5479,1831,1829,3,5505,1261,5504
el-3-7-4-1:1,5479,1831,1829,3,5505,1261,5504
el-3-7-4-2:1,5479,1831,1829,3,5505,1261,5504
el-3-7-4-3:1,5479,1831,1829,3,5505,1261,5504
el-3-7-4-4:1,5479,1831,1829,3,5505,1261,5504
el-3-7-4-5:1,5479,1831,1829,3,5505,1261,5504
el-3-10:1,5479,1829,3,1261
el-4:1,1272,3,1221
el-4-1:1,3072,1272,3,1221
el-4-2:1,3072,1272,1248,3,1221
el-4-3:1,1272,3,1221
el-4-3-1:1813,1682,1571,1,1272,5678,5509,3064,2927,1814,5009,2781,1815,3,1221
el-4-3-2:2784,2226,80,1,5010,3,1848
el-4-3-2-1:2784,2226,80,1,5010,3
el-4-3-2-2:2784,2226,80,1,5010,3
el-4-3-2-3:2784,2226,80,1,5010,3
el-4-4:1828,1,1272,1804,5010,1867,3,1221,3066
el-4-4-1:5511,1828,1,1272,1804,5010,1867,3,1221,3066,5510
el-4-4-1-1:5511,1828,1,1272,1804,5010,1867,3,1221,3066,5510
el-4-4-1-2:1,1272,1804,5010,1867,3,1221,3066,5510
el-4-4-2:5511,1828,1682,1571,1,1272,1804,5010,1867,3,1221,3066,5510
el-4-4-3:1828,1682,1,1272,1248,1804,5010,1867,3,1221,3066,5512
el-4-4-4:1828,1682,1571,1,1272,1804,5010,1867,3,1221,3066,5510
el-4-4-4-1:1828,1,1272,1804,5010,1867,3,1221,3066,5510
el-4-4-4-2:1828,1,1272,1804,5010,1867,3,1221,3066,5510
el-4-4-4-3:1828,1,1272,1804,5010,1867,3,1221,3066,5510
el-4-11:1,1272,5007,3,1221
el-4-5:1,1272,1830,3111,5010,4,3,1221
el-4-5-2:1,1272,1830,3111,5010,4,3,1221
el-4-5-3:1,1272,1830,3111,5010,4,3,1221
el-4-5-4:1,1272,1830,3111,5010,4,3,1221
el-4-5-5:1,1272,1830,3111,5010,4,3,1221
el-4-5-1:1801,1,1272,1830,845,3111,5010,5513,4,1205,3,1221,3065,1820
el-4-6:1,3072,1272,1334,5010,5514,1205,3,1221
el-4-6-1:1,3072,1272,1334,5010,5514,1205,3,1221
el-4-6-2:1,3072,1272,1334,5010,5514,1205,3,1221
el-4-12:1,1272,3,1221
el-4-7:1362,1682,1571,1,1272,1248,1804,5515,3,1221
el-4-10:1272,5010,1221,1865,5508,1866
el-4-8:1,1811,1272,3,1221
el-4-8-1:1822,5516,1,3072,1811,1272,5517,1334,1248,1936,5010,1941,3,1943,1221,1939,3065,5027,5028,1942,1847
el-4-8-2:4996,1,3072,1811,1272,5005,1730,1849,5009,5518,1205,3,1943,1221,1896,1850,1942
el-4-8-2-1:4996,5519,5520,1,3072,1811,1272,5005,1730,5009,5518,1205,3,1943,1221,1896,1942
el-4-8-2-3:4996,1,3072,1811,1272,5005,1730,1849,5009,5518,1205,3,1943,1221,1896,1850,1942
el-4-8-2-2:4996,1,1811,1272,5005,1730,5009,5518,1205,3,1943,1221,1896,1942
el-4-8-3:4996,1682,1856,1571,1,3072,1811,1272,5003,1849,5010,1205,3,1221,1850,1942
el-4-8-8:4996,1,1811,1272,5005,5010,4,1205,3,1221
el-4-8-4:1737,1682,1571,1,1811,1272,5678,2927,2781,4,3,1221,134
el-4-8-4-8:80,1,1930,1811,1272,2062,5010,5014,4,3,1221,134
el-4-8-4-1:1737,1995,1,1930,1811,1272,845,2062,5014,4,5521,3,1221,134
el-4-8-4-1-5:1737,1995,1,1930,1811,1272,2062,5008,5014,4,5521,3,1221,134
el-4-8-4-1-6:1737,1995,1,1930,1811,1272,2062,5014,4,3023,5017,5521,3,1221,134,3060
el-4-8-4-1-7:1737,1995,1,1930,1811,1272,2062,1693,1987,1988,5014,4,5521,5522,3,1221,134
el-4-8-4-1-9:1737,1995,1,1930,1811,1272,845,2062,5014,4,5521,3,1221,134
el-4-8-4-1-8:2319,1737,1995,1,1930,1811,1272,2062,5031,5030,5013,5014,4,5521,3,134
el-4-8-4-1-1:4998,1737,1682,1571,1979,1995,1,1930,1811,1272,845,2062,1693,1988,5012,2957,5014,2616,4,5521,3,134
el-4-8-4-1-2:1737,1682,1571,1995,5002,1,1930,1811,1272,1331,2062,2008,1244,2982,5014,4,5521,3,1221,2001,134
el-4-8-4-1-3:1737,1682,1571,1995,5002,1,1930,1811,1272,845,3111,2062,5014,4,5521,1859,1810,3,1221,5021,5022,2001,134
el-4-8-4-1-10:1737,1995,1,1930,1811,1272,845,2062,5014,4,5521,3,1221,134
el-4-8-4-1-4:1883,1737,1682,1571,1995,1,1930,1811,1272,845,3111,1851,2062,5008,1852,1853,2982,5014,4,3023,5017,5521,3,1221,5021,2001,5024,134
el-4-8-4-9:1737,1,1930,1811,1272,2062,5014,4,5017,3,1221,134,5431,5029
el-4-8-4-2:1737,844,2784,1682,1571,5001,1798,80,1,1930,1811,1272,2062,1208,5010,5011,5014,4,3073,3,1719,1221,1261,5526,1356,134,3005
el-4-8-4-2-1:1737,844,1856,5001,5002,80,1,1930,1811,1272,2062,5010,5011,5014,4,3,1719,1221,5526,1356,134,3005,5029
el-4-8-4-3:1737,1267,1682,1571,1984,108,1,1930,1811,1272,5678,2927,2062,2081,2781,5014,4,3,5019,134
el-4-8-4-3-1:1737,1267,1984,108,1,1930,1811,1272,2062,2081,5014,4,3,5019,1221,134
el-4-8-4-3-2:1737,1267,1984,108,1,1930,1811,1272,2062,2081,5014,4,3,5019,1221,5527,134
el-4-8-4-10:1737,1,1930,1811,1272,2062,5523,5014,4,3023,3,134
el-4-8-4-4:1737,1,1811,1272,2659,1791,1858,5004,4,3,5020,1221,1855,2364,5026,843
el-4-8-4-4-1:4997,1737,1,1811,1272,2364,2659,1791,1858,5004,2365,2062,4,3,5018,5020,1221,1855,1866,2364,134,5026,843
el-4-8-4-4-2:1737,1,1811,1272,2659,1791,1858,1858,5004,2062,5528,4,3,5020,1221,1855,1864,2364,134,5026,843
el-4-8-4-4-3:4997,1737,1811,1272,2659,1858,5004,4,5018,5020,1221,1855,2364,5529,5026,843
el-4-8-4-11:1737,1,1811,1272,2062,4,3,1221,134,2216,2215
el-4-8-4-11-1:1737,1,1811,1272,2062,4,3,1221,134,2216,2215
el-4-8-4-11-2:1737,1,1811,1272,2062,4,3,1221,134,2216,2215
el-4-8-4-11-3:1737,1,1811,1272,2062,4,3,1221,134,2216,2215
el-4-8-4-5:1737,1682,1571,1,1811,1272,2062,5530,2680,2681,4,5015,3,1221,1218
el-4-8-4-5-1:5531,2319,1737,1,1811,1272,2062,1625,5530,2680,2681,4,3,1218,134
el-4-8-4-5-2:1737,1,1811,1272,2062,5530,2680,2681,4,5015,3,1221,1218,134
el-4-8-4-5-3:1737,1,1811,1272,2062,5530,2680,2681,4,3,1221,1218,134
el-4-8-4-5-4:1737,1,1811,1272,2062,1999,5530,2680,2681,4,5015,3,5532,1221,1218,134
el-4-8-4-5-5:1737,1,1811,1272,2062,5530,2680,2681,4,5015,3,1221,1218,134
el-4-8-4-5-6:1737,1,1811,1272,2062,5530,2680,5014,2681,4,5015,3,1218,134
el-4-8-4-5-7:1737,1,1811,1272,2062,5530,2680,2681,4,5015,3,1221,1218,1855,134
el-4-8-4-5-9:1737,1,2019,1811,1272,5530,2680,2681,4,3,1221,1218,1861,1855,134
el-4-8-4-5-8:1737,1,1811,1272,1334,1248,2062,5530,2680,2681,4,5015,3,1221,1218,5533,134,1882
el-4-8-4-5-10:1737,1,1811,1272,2062,5530,2680,2681,4,5015,3,1221,1218
el-4-8-4-12:1737,1,1930,1811,1272,2062,5031,5014,4,3,5524,5566,5565,134
el-4-8-4-13:2319,1737,1,1930,1811,1272,2062,5014,4,3,5525,134
el-4-8-4-6:1883,1737,1682,1571,1,1930,1811,1272,2062,2914,5014,4,3023,1205,3,1221,134,5029,5685
el-4-8-4-7:1737,1267,1,1811,1272,2062,4,3,1221,134
el-4-8-5:1682,1856,1571,4999,5002,1,1272,1857,1858,1334,1248,1807,5010,5016,1859,3,1221,1860,1861,1855,1855,1864,5029
el-4-8-5-1:4999,5002,1,1272,1858,1248,1807,5010,5016,3,1221,1861,1855,5029
el-4-8-5-2:4999,5002,1,1272,1248,1807,5010,5016,3,1221,1901,1869,1847,5029
el-4-8-9:1,1272,1205,5538,1941,3,1943,1221,1942
el-4-8-9-1:1,1272,1205,5538,1941,3,1943,1221,1942
el-4-8-9-2:1,1272,1205,5538,1941,3,1943,1221,1942
el-4-8-10:1,1272,3,1221
el-4-8-10-2:1,1272,3,1221
el-4-8-10-3:1,1272,3,1221
el-4-8-10-4:1,1272,3
el-4-8-10-5:1,1272,3,1221
el-4-8-10-1:4997,1,1272,2659,1791,1858,5004,3,5020,1221,1855,2364,5026,843
el-4-8-10-1-2:4997,1,1272,2659,1791,1858,5004,3,5020,1221,1855,2364,5026,843
el-4-8-10-1-3:4997,1,1272,2659,1791,1858,5004,3,5020,1221,1855,2364,5026,843
el-4-8-10-1-1:4997,1,1272,2659,1791,1858,5004,3,5020,1221,1855,2364,5026,843
el-4-8-6:1828,5002,1,3072,1811,1272,1858,5010,1859,3,1221,1861,1855,1865,5023,1866,1864
el-4-8-7:1,1272,1205,3,1221,1896,5025
el-4-8-7-2:5535,5536,1,1272,5006,1205,1941,3,1943,1221,1896,5025
el-4-8-7-3:1,1272,1830,5006,5537,1205,3,1943,1221,1896,5025
el-4-8-7-1:4997,5000,5534,1,1272,2364,2659,1791,1858,2365,1205,3,5018,1221,1896,5025,134
el-4-8-7-1-1:4997,5000,5534,1,1272,2364,2659,1791,1858,2365,1205,3,5018,1221,1896,5025,134
el-4-8-7-1-2:4997,5000,5534,1,1272,2364,2659,1791,1858,2365,1205,3,5018,1221,1896,5025,134
el-4-8-7-4:1,1272,1205,3,1221,1896,5025
el-4-8-7-5:1,1272,1205,3,1221,1896,5025
el-4-8-7-6:1,1272,1205,3,1221,1896,5025
el-4-8-7-7:1,1272,1205,3,1221,1896,5025
el-4-8-7-8:1,1272,1205,3,1221,1896,5025
el-4-9:1,3072,1272,1334,1815,1205,3,1221,5027
el-4-9-1:1,3072,1272,1334,1815,1205,3,1221,5027
el-4-9-2:1,3072,1272,1334,1815,1205,3,1221,5027
el-4-13:1,1272,3,1221
el-4-14:1,1272,3,1221
el-5:1,1831,1829,1272,845,5010,1205,3
el-5-1:1,1831,1829,1272,845,5010,1205,3,1221
el-5-6:1,1831,1829,1272,845,5010,1205,3,1221
el-5-2:3074,1,1831,1829,1272,5539,845,5010,5540,1205,5541,3,1221,1805,5411
el-5-2-1:1806,1822,5545,3074,1801,1,1831,1829,1272,5539,845,5010,5540,5543,5544,1205,5541,5542,3,1221,1805,5411
el-5-2-3:3074,1,1831,1829,1272,5539,845,5010,1205,3,1221,1805,5411
el-5-2-2:1,1831,1829,1272,5539,845,5010,5546,1205,5547,3,1221,3074,1805,5411
el-5-2-4:3074,1,1831,1829,1272,5539,845,5010,1205,3,1221,1805,5411
el-5-3:1,1831,1829,1272,5550,1830,5549,5551,845,5010,4,1205,3,1221,5548
el-5-4:1,1831,1829,1272,845,5010,1867,1205,3,1221,5552,1805
el-5-7:1,1831,1829,1272,845,5010,1205,3,1221
el-5-5:1,1831,1829,1272,1830,845,5010,1205,3,1221,1868
el-5-5-1:1,1831,1829,1272,1830,845,5010,1205,3,1868
el-5-5-2:1,1831,1829,1272,1830,845,5010,1205,3,1868
el-5-5-3:1,1831,1829,1272,1830,845,5010,1205,3,1868
el-6:1,1871,3077,1370,1873,1840,1859,3,1221,1901,1869,1922
el-6-12:1,1871,3077,1370,1873,1840,1859,3,1221,1901,1869,1922
el-6-1:1870,1,1871,3077,1872,1838,1873,1874,1875,1840,1841,1842,1859,3,1221,1901,1869,1845,1846,1922,1876,5028,1847
el-6-2:1870,1,1871,3078,1872,1838,1873,1874,1875,1840,1859,3,1221,1901,1869,1845,1920,1922,1876,5553
el-6-3:1,1871,3077,1872,1857,1873,1874,1875,1840,1859,1877,3,1221,5554,1901,1869,1860,1922,1876
el-6-11:1,1871,3077,1872,1857,1873,1874,1875,1840,1859,1877,3,1221,5554,1901,1869,1860,1922,1876
el-6-11-1:1,1871,3077,1872,1857,1873,1874,1875,1840,1859,1877,3,1901,1869,1860,1922,1876
el-6-11-2:1,1871,3077,1872,1857,1873,1874,1875,1840,1859,1877,3,1901,1869,1860,1922,1876
el-6-4:1,1871,1858,1334,1248,1370,1873,5010,1840,1859,3,1221,1901,1869,1860,1922,1882,1847
el-6-4-1:1903,1,1871,1858,1334,1248,1370,1873,5010,1840,1859,3,1221,1901,1869,1860,1904,1922,5555,1882,1847
el-6-4-2:1682,1571,5002,1,2019,1871,1858,1730,1334,1248,1878,2904,1370,1873,5010,1859,3,1221,1901,1869,1922,5555,1882,1847
el-6-4-3:1,1871,1858,1334,1248,1370,1873,5010,1840,1859,3,1221,1901,1869,1860,1922,5555,1882,1847
el-6-5:1,1871,1334,1370,1873,1875,1840,1205,1859,1383,3,1221,1901,1869,1922,1881,1882
el-6-6:1,1871,3077,1857,1334,1248,1873,1911,1879,1840,1859,1877,3,1221,1901,1869,1860,1922,1876
el-6-7:1,1871,1857,1370,3257,2842,2841,1873,5010,5557,77,1694,1840,1859,3,1221,1901,1869,5556,1922
el-6-8:1856,5558,1,1871,1857,1858,1334,1248,1370,1873,1840,1859,3,1221,1901,1869,1855,1922,5559,1864
el-6-9:1813,1,1871,1872,1370,1936,1873,1840,1859,3,1221,1901,1869,1922,5028,1880,1916,1847
el-6-9-1:1813,1,1871,1872,1370,1936,1873,1840,1859,3,1221,1901,1869,1922,5028,1880,1916,1847
el-6-9-2:1813,1,1968,1871,1872,1370,1936,1873,1840,1859,3,1221,1901,1869,1922,5028,1792,1880,1916,1847
el-6-10:1,1871,3077,1334,1248,1370,1873,1840,1859,3,1221,1901,1869,1922,1881,1882
el-7:1,1830,4,3,1221
el-7-1:1,1830,5551,4,3,1221
el-7-1-1:5562,1,5561,5560,1830,5551,845,4,3,1221,1805
el-7-1-2:1,2019,1830,5551,1919,4,1875,3,1221,1792
el-7-1-3:1682,1571,1,1830,5551,4,3,1221,1792
el-7-2:1828,1,1830,4,1205,3,1221
el-7-2-4:1828,1,1830,4,1205,3,1221
el-7-2-5:1828,1,1830,4,1205,3,1221
el-7-2-1:5511,1828,1,1830,3111,4,3023,1205,3,1221
el-7-2-2:1883,1828,1,1830,4,1205,3,1221,1884
el-7-2-6:1828,1,1830,4,1205,3,1221
el-7-2-7:1828,1,1830,4,1205,3,1221
el-7-2-8:1828,1,1830,4,1205,3,1221
el-7-2-9:1828,1,1830,4,1205,3,1221
el-7-2-3:1828,1,1830,5010,1885,1886,4,1205,3,1887,1221
el-7-2-10:1828,1,1830,4,1205,3,1221
el-7-3:5587,1828,1,1830,845,1804,5010,4,1205,3,1887,1221
el-7-3-1:5587,1,1830,845,1804,5010,4,1205,3,1887,1221
el-7-3-2:5587,1828,1,1830,845,1804,5010,4,1205,3,1887,1221
el-7-3-3:5587,1828,1,1830,845,1804,5010,4,1205,3,1887,1221
el-7-3-4:5587,1828,1,1830,845,1804,5010,4,1205,3,1887,1221
el-7-3-5:5587,1828,1,1830,845,1804,5010,4,1205,3,1887,1221
el-7-3-6:5587,1828,1,1830,845,1804,5010,4,1205,3,1887,1221
el-7-4:1822,1,1888,1830,4,3,1221,3079,1889,1805
el-7-4-4:1822,1,1888,1830,4,3,1221,1868,3079,1889,1805
el-7-4-4-1:1822,1,1888,1830,4,3,1221,1868,3079,1889,1805
el-7-4-4-2:1822,1,1888,1830,4,3,1221,1868,3079,1889,1805
el-7-4-10:1822,1,1888,1830,4,3,1221,1868,3079,1889,1805
el-7-4-10-1:1822,1,1888,1830,4,3,1221,1868,3079,1889,1805
el-7-4-10-2:1822,1,1888,1830,4,3,1221,1868,3079,1889,1805
el-7-4-5:1822,1,1888,1830,4,3,1221,1868,3079,1889,1805
el-7-4-5-1:1822,1,1888,1830,4,3,1221,1868,3079,1889,1805
el-7-4-5-2:1822,1,1888,1830,4,3,1221,1868,3079,1889,1805
el-7-4-1:1822,1,1888,1830,5588,4,1205,3,1221,1868,3079,5589,1889,1805
el-7-4-1-1:1822,1,1888,1830,5588,4,1205,3,1221,1868,3079,5589,1889,1805
el-7-4-1-2:1822,1,1888,1830,5588,4,1205,3,1221,1868,3079,5589,1889,1805
el-7-4-6:1822,1,1888,1830,4,3,1221,1868,3079,1889,1805
el-7-4-6-1:1822,1,1888,1830,4,3,1221,1868,3079,1889,1805
el-7-4-6-2:1822,1,1888,1830,4,3,1221,1868,3079,1889,1805
el-7-4-2:1822,5591,1,1888,1830,5590,1959,4,3,1221,1868,3079,1889,1805
el-7-4-2-1:1822,5591,1,1888,1830,5590,1959,4,3,1221,1868,3079,1889,1805
el-7-4-2-2:1822,5591,1,1888,1830,5590,1959,4,3,1221,1868,3079,1889,1805
el-7-4-7:1822,1,1888,1830,4,3,1221,1868,3079,1889,1805
el-7-4-7-1:1822,1,1888,1830,4,3,1221,1868,3079,1889,1805
el-7-4-7-2:1822,1,1888,1830,4,3,1221,1868,3079,1889,1805
el-7-4-8:1822,1,1888,1830,4,3,1221,1868,3079,1889,1805
el-7-4-8-1:1822,1,1888,1830,4,3,1221,1868,3079,1889,1805
el-7-4-8-2:1822,1,1888,1830,4,3,1221,1868,3079,1889,1805
el-7-4-9:1822,1,1888,1830,4,3,1221,1868,3079,1889,1805
el-7-4-9-1:1822,1,1888,1830,4,3,1221,1868,3079,1889,1805
el-7-4-9-2:1822,1,1888,1830,4,3,1221,1868,3079,1889,1805
el-7-4-3:1822,1,1888,1830,4,3,1221,1868,3079,1889,1916,1805
el-7-4-3-1:1822,1,1888,1830,4,3,1221,1868,3079,1889,1916,1805
el-7-4-3-2:1822,1,1888,1830,4,3,1221,1868,3079,1889,1916,1805
el-7-5:5592,1,1830,4,5594,5593,3,1221,1918
el-7-5-1:5592,1,1830,4,1823,5594,5593,3,1221,1918
el-7-5-2:5592,1,1830,4,1823,5594,5593,3,1221,1918
el-7-5-3:5592,1,1830,4,1823,5594,5593,3,1221,1918
el-7-5-4:5592,1,1830,4,1823,5594,5593,3,1221,1918
el-7-5-5:5592,1,1830,4,1823,5594,5593,3,1221,1918
el-7-5-6:5592,1,1830,4,1823,5594,5593,3,1221,1918
el-7-6:1,1830,5010,4,3,1221,843
el-7-6-1:2319,1,1830,5010,4,1205,3,1221,843
el-7-6-8:1,1830,5010,4,3,1221,843
el-7-6-9:1,1830,5010,4,3,1221,843
el-7-6-10:1,1830,5010,4,3,1221,843
el-7-6-11:1,1830,5010,4,3,1221,843
el-7-6-12:1,1830,5010,4,3,1221,843
el-7-6-2:1,5596,5010,4,5595,3,1221,843
el-7-6-13:1,1830,5010,4,3,1221,843
el-7-6-3:5597,1,1830,5010,4,1205,3,1221,1261,843
el-7-6-4:1892,1,1830,5010,4,1890,1891,3,1221,843
el-7-6-4-1:1892,1,1830,5010,4,1890,1891,3,1221,843
el-7-6-4-2:1892,1,1830,5010,4,1890,1891,3,1221,843
el-7-6-4-3:1892,1,1830,5010,4,1890,1891,3,1221,843
el-7-6-4-4:1892,1,1830,5010,4,1890,1891,3,1221,843
el-7-6-5:1737,1,1830,3111,5010,5598,5599,5600,4,3,1221,843
el-7-6-5-1:1737,1,1830,3111,5010,5598,5599,5600,4,3,1221,843
el-7-6-5-2:1737,1,1830,3111,5010,5598,5599,5600,4,3,1221,843
el-7-6-6:80,1,1830,5602,5010,4,3,1221,5601,843
el-7-6-7:5603,1,1830,3111,5010,4,3,1221,843
el-7-7:2908,1892,1,1830,845,4,3
el-7-7-1:5604,5605,2908,1892,1,5550,1830,5551,845,4,3,1221
el-7-7-1-1:1813,5607,5604,5605,5606,2908,1892,1,5550,1830,5551,4,3,1221
el-7-7-1-6:5604,5605,2908,1892,1,5550,1830,5551,845,4,3,1221
el-7-7-1-5:5604,5605,2908,1892,1,5550,1830,5551,845,4,3,1221
el-7-7-1-2:5604,5605,2908,1892,1,1968,5550,1830,5551,845,4,3,1221
el-7-7-1-7:5604,5605,2908,1892,1,5550,1830,5551,845,4,3,1221
el-7-7-1-8:5604,5605,2908,5550,1830,5551,4,1221
el-7-7-1-9:5604,5605,2908,1892,1,5550,1830,5551,845,4,3,1221
el-7-7-1-10:5604,5605,2908,1892,1,5550,1830,5551,845,4,3,1221
el-7-7-1-3:5604,5605,2908,1892,1,5550,1830,5551,845,4,3,1221
el-7-7-1-4:5604,5605,2908,1892,1,5550,1830,5551,845,4,845,3,1221,5608
el-7-7-2:2908,1892,1,1830,845,4,3,1221
el-7-7-3:2908,1892,1,1830,1914,4,3,1221,1792,1916
el-7-7-4:2908,5610,1892,1,1830,5609,4,1895,3,1221
el-7-7-4-1:2908,5610,1892,5611,1,5561,5560,1830,845,5609,4,3,1221
el-7-7-4-2:2908,5610,1892,1,1830,5609,4,1895,3,1221,2903
el-7-7-4-3:2908,5610,1892,1,1830,5609,4,1895,3,1221
el-7-7-5:2908,1892,1,1830,845,4,3,1221,1792
el-7-7-5-1:2908,1892,1,5561,5560,1830,845,5612,4,3,1221,1792
el-7-7-5-3:2908,1892,1,1830,845,4,3,1221,1792
el-7-7-5-4:2908,1892,1,1830,845,4,3,1221,1792
el-7-7-5-5:2908,1892,1,1830,845,4,3,1221,1792
el-7-7-5-6:2908,1892,1,1830,845,4,3,1221,1792
el-7-7-5-2:2908,1892,5613,1,1830,4,3,1221,1792
el-7-7-6:2908,1892,1,1830,4,3,1221,5614,5615
el-7-7-6-1:2908,1892,1,1830,4,3,1221,5614,5615
el-7-7-6-2:2908,1892,1,1830,4,3,1221,5614,5615
el-7-7-7:2908,1892,1,1830,4,3,1221,1896,5616,5025
el-7-8:1,1930,1830,4,3,1221
el-7-8-1:5617,1,1930,1897,1272,1830,1911,4,3,1221
el-7-8-2:5001,80,1,1930,1830,3111,2062,4,3,1221
el-7-8-2-1:5001,80,1,1930,1830,3111,2062,4,3,1221
el-7-8-2-2:5001,80,1,1930,1830,3111,2062,4,3,1221
el-7-8-2-3:5001,80,1,1930,1830,3111,2062,4,3,1221
el-7-8-2-4:5001,80,1,1930,1830,3111,2062,4,3,1221
el-7-8-2-5:5001,80,1,1930,1830,3111,2062,4,3,1221
el-7-8-3:1883,1,1930,1830,2989,4,3,1221,5390,5029
el-7-8-3-1:1883,1,1930,1830,2989,4,3,1221,5390,5029
el-7-8-3-2:1883,1,1930,1830,2989,4,3,1221,5390,5029
el-7-8-3-3:1883,1,1930,1830,2989,4,3,1221,5390,5029
el-7-8-3-4:1883,1,1930,1830,2989,4,3,1221,5390,5029
el-7-8-3-5:1883,1,1930,1830,2989,4,3,1221,5390,5029
el-7-8-12:1,1930,1830,4,3,1221
el-7-8-4:1682,1571,1798,80,1,1830,5010,4,3,1221,5618
el-7-8-4-1:1737,1798,80,1,1830,2062,5010,4,3,1221,5618,134,5028
el-7-8-4-1-1:1737,3006,2784,1798,80,1,1830,2062,5010,5011,4,3,1221,5618,134,5028
el-7-8-4-1-2:1737,1798,80,1,1830,2062,5010,4,3,1221,5618,134,5028
el-7-8-4-1-3:1737,1798,80,1,1830,2062,5010,4,3,1221,5618,134,5028
el-7-8-4-1-4:1737,1798,80,1,1830,2062,5010,4,3,1221,5618,134,5028
el-7-8-4-1-5:1737,1798,80,1,1830,2062,5010,4,3,1221,5618,134,5028
el-7-8-4-1-6:1737,1798,80,1,1830,2062,5010,4,3,1221,5618,134,5028
el-7-8-4-1-7:1737,1798,80,1,1830,2062,5010,4,3,1221,5618,134,5028
el-7-8-4-2:1798,80,1,1830,3111,5010,5011,4,5619,3,1221,5618
el-7-8-4-2-1:2958,3006,2784,2226,1798,80,1,1830,3111,5010,5011,4,5619,3,1221,5620,5618
el-7-8-4-2-2:1798,80,1,1830,3111,5010,5011,4,5619,3,1221,5618
el-7-8-4-2-3:1798,80,1,1830,3111,5010,5011,4,5619,3,1221,5618
el-7-8-4-3:1798,80,1,1830,5010,4,3,1221,5618
el-7-8-5:1682,1571,1,1930,1830,1342,1208,1909,4,3,1221,73,134,5622,5621
el-7-8-13:1,1930,1830,4,3,1221
el-7-8-6:1883,1,1930,1830,2404,4,1205,3,1221
el-7-8-7:1,1930,1830,845,4,3,1221,5028,1805
el-7-8-8:1682,1571,1,1930,1830,5451,4,3080,3,1221,73,2778,2824,134,5621
el-7-8-9:1,1930,1830,2255,4,3,1221,1635,1606
el-7-8-10:844,1682,1571,5002,1,1930,1272,1830,4,3,1221,1635
el-7-8-11:1883,1682,1571,1,1930,1830,845,2404,1726,2914,4,3023,1205,1383,3,1221,5390,5685
el-7-9:1,1830,4,3,1221
el-7-9-1:1870,1,1830,1872,1874,4,3,1221
el-7-9-1-1:1870,1,1830,1872,1874,4,3,1221
el-7-9-1-2:1870,1,1830,1872,1874,4,3,1221
el-7-9-1-3:1870,1,1830,1872,1874,4,3,1221
el-7-9-2:1,1898,1830,2062,2982,4,3,1221
el-7-9-2-1:1,1898,1830,2062,2982,4,3,1221
el-7-9-2-2:1,1898,1830,2062,2982,4,3,1221
el-7-9-2-3:1,1898,1830,2062,2982,4,3,1221
el-7-9-2-4:1,1898,1830,2062,2982,4,3,1221
el-7-9-2-5:1,1898,1830,2062,2982,4,3,1221
el-7-9-2-6:1,1898,1830,2062,2982,4,3,1221
el-7-9-3:5668,1,1830,1370,4,3,1221,5666,5667
el-7-9-4:1,1370,1873,1899,4,1900,1840,3,1221,1901,1869,1845
el-7-9-5:1,1830,1521,4,1205,3,1221,5669,5582
el-7-9-5-1:1,1830,1521,4,1205,3,1221,5669,5582
el-7-9-5-2:1,1830,1521,4,1205,3,1221,5669,5582
el-7-9-5-3:1,1830,1521,4,1205,3,1221,5669,5582
el-7-9-5-4:1,1830,1521,4,1205,3,1221,5669,5582
el-7-9-6:1,5670,1897,1830,4,1842,3,1221,1901,1869,1876
el-7-9-6-1:1,5670,1897,1830,4,1842,3,1221,1901,1869,1876
el-7-9-6-2:1,5670,1897,1830,4,1842,3,1221,1901,1869,1876
el-7-9-7:1,1831,1830,5480,1872,4,3,1221
el-7-9-7-1:1,1831,1830,5480,1872,4,3,1221
el-7-9-7-3:1,1831,1830,5480,1872,4,3,1221
el-7-9-7-2:1,1831,1830,5480,1872,4,3,1221
el-7-9-7-4:1,1831,1830,5480,1872,4,3,1221
el-7-9-7-5:1,1831,1830,5480,1872,4,3,1221
el-7-9-7-6:1,1831,1830,5480,1872,4,3,1221
el-7-9-18:1,1830,4,3,1221
el-7-9-8:1870,1,1898,5584,1830,1838,1236,4,3,1221,5671
el-7-9-9:2374,1,1830,5672,4,3,1221
el-7-9-9-2:2374,1,1830,5672,4,3,1221
el-7-9-9-3:2374,1,1830,5672,4,3,1221
el-7-9-9-4:2374,1,1830,5672,4,3,1221
el-7-9-9-1:2374,1,1830,1334,5672,2904,4,1958,3,1221,5673,1882
el-7-9-10:5623,3312,1,2555,1830,1872,845,1919,4,3,1221
el-7-9-10-1:1801,5623,3312,1,2555,1830,1872,845,1919,4,3,1221
el-7-9-10-2:5623,3312,1,2555,1830,1872,845,1919,4,3,1221
el-7-9-10-2-1:5623,3312,1,2555,1830,1872,845,1919,4,3,1221
el-7-9-10-2-2:5623,3312,1,2555,1830,1872,845,1919,4,3,1221
el-7-9-10-2-3:5623,3312,1,2555,1830,1872,845,1919,4,3,1221
el-7-9-10-2-4:5623,3312,1,2555,1830,1872,845,1919,4,3,1221
el-7-9-10-3:5623,3312,1,2555,1830,1872,845,1919,5451,4,5624,3,5625,1221
el-7-9-10-3-1:5623,3312,1,2555,1830,1872,845,1919,5451,4,5624,3,5625,1221
el-7-9-10-3-2:5623,3312,1,2555,1830,1872,845,1919,5451,4,5624,3,5625,1221
el-7-9-10-3-3:5623,3312,1,2555,1830,1872,845,1919,5451,4,5624,3,5625,1221
el-7-9-10-6:5623,3312,1,2555,1830,1872,845,1919,4,3,1221
el-7-9-10-4:5623,3312,1,2555,1830,1872,845,1919,4,1859,3,1221,5626,1812,1792
el-7-9-10-5:5623,3312,1,2555,1830,1872,845,1873,1919,4,3,1221,1805
el-7-9-10-5-1:5623,3312,1,2555,1830,1872,845,1873,1919,4,3,1221,1805
el-7-9-11:1,1930,1830,4,1205,3,1221
el-7-9-11-1:1,1930,1830,2404,4,3023,1205,3,1221
el-7-9-11-2:1,1930,1830,4,1205,3,1221,3380
el-7-9-11-2-1:2784,3258,1984,80,1,1930,1830,3111,5010,4,1205,3,1221,3380
el-7-9-11-2-4:1,1930,1830,4,1205,3,1221,3380
el-7-9-11-2-2:1,1930,1830,3012,2062,4,1205,3,1221,3380
el-7-9-11-2-5:1,1930,1830,4,1205,3,1221,3380
el-7-9-11-2-3:1,1930,1830,4,1205,3,1221,5627,5628,3380
el-7-9-11-3:1,1830,1912,5631,5630,4,1205,3,1221,5629
el-7-9-11-3-2:1,1830,1912,5631,5630,4,1205,3,1221,5629
el-7-9-11-3-1:1,1830,1912,5631,5630,4,1205,3,1221,5629
el-7-9-11-3-1-1:1,1830,1912,5631,5630,4,1205,3,1221,5629
el-7-9-11-3-1-2:1,1830,1912,5631,5630,4,1205,3,1221,5629
el-7-9-11-7:1,1930,1830,4,1205,3,1221
el-7-9-11-8:1,1930,1830,4,1205,3,1221
el-7-9-11-5:1,1930,1830,4,1205,3,1221
el-7-9-11-4:1682,1571,1,1930,1830,2062,4,1205,3,1221
el-7-9-11-4-1:2958,3006,2784,2226,1798,1,1930,1830,2062,4,1205,3,1221
el-7-9-11-4-2:1795,5632,1,1930,1830,2062,2982,4,1205,3,1221
el-7-9-11-4-4:1,1930,1830,2062,4,1205,3,1221
el-7-9-11-4-5:1,1930,1830,2062,4,1205,3,1221
el-7-9-11-4-6:1,1930,1830,2062,4,1205,3,1221
el-7-9-11-4-7:1,1930,1830,2062,4,1205,3,1221
el-7-9-11-4-3:1,1930,1830,2062,5633,4,1205,3,1221,5634
el-7-9-11-4-8:1,1930,1830,2062,4,1205,3,1221
el-7-9-11-4-9:1,1930,1830,2062,4,1205,3,1221
el-7-9-11-4-10:1,1930,1830,2062,4,1205,3,1221
el-7-9-11-6:1,1930,1830,4,1205,3,1221
el-7-9-12:1682,1571,1,1830,4,1859,3,1221
el-7-9-12-1:5635,1902,1903,1682,1856,1571,1,1830,5010,4,1859,3,1221,1904
el-7-9-12-1-1:5635,1902,1903,1682,1856,1571,1,1830,5010,4,1859,3,1221,1904
el-7-9-12-1-2:5635,1902,1903,1682,1856,1571,1,1830,5010,4,1859,3,1221,1904
el-7-9-12-1-3:5635,1902,1903,1682,1856,1571,1,1830,5010,4,1859,3,1221,1904
el-7-9-12-2:1682,1571,5002,1,1930,1272,1830,845,4,1859,3,1221
el-7-9-12-3:1682,1571,5637,1,1905,2643,1272,1830,845,5010,4,1205,1859,3,1221,1939,5028
el-7-9-12-4:1682,1571,5638,1,1272,1830,1906,4,1859,3,1221,1939,5028,1792
el-7-9-12-5:1682,1571,1,1830,5639,4,1859,3,1221,1969
el-7-9-12-5-6:1682,1571,1,1830,5639,4,1859,3,1221,1969
el-7-9-12-5-7:1682,1571,1,1830,5639,4,1859,3,1221,1969
el-7-9-12-5-8:1682,1571,1,1830,5639,4,1859,3,1221,1969
el-7-9-12-5-9:1682,1571,1,1830,5639,4,1859,3,1221,1969
el-7-9-12-5-1:1883,1682,1571,1,1272,1830,5640,5639,4,1205,1859,3,1221,1969,5641
el-7-9-12-5-2:1682,1571,1,1830,5639,4,1859,3,1221,1969
el-7-9-12-5-3:1682,1571,1,1272,1830,5639,5642,5451,4,1859,3,1221,1969
el-7-9-12-5-4:1682,1571,1,1272,1830,1208,5639,5642,2982,4,1859,3,1221,1969
el-7-9-12-5-5:1682,1571,1,1272,1830,5639,1908,4,1859,3,1221,1969
el-7-9-12-5-10:1682,1571,1,1830,5639,4,1859,3,1221,1969
el-7-9-12-5-11:1682,1571,1,1830,5639,4,1859,3,1221,1969
el-7-9-12-6:1682,1571,1,1830,1208,4,1859,3,1221,1332
el-7-9-12-6-1:1682,1571,1,1830,1208,4,1859,3,1221,1332
el-7-9-12-6-2:1682,1571,1,1830,1208,4,1859,3,1221,1332
el-7-9-12-6-3:1682,1571,1,1830,1208,4,1859,3,1221,1332
el-7-9-12-14:1682,1571,1,1830,4,1859,3,1221
el-7-9-12-7:1682,1571,1,1272,1830,1334,3313,3081,4,1859,3,1221,5643
el-7-9-12-7-1:1682,1571,1,1272,1830,1334,3313,3081,4,1859,3,1221,5643
el-7-9-12-7-2:1682,1571,1,1272,1830,1334,3313,3081,4,1859,3,1221,5643
el-7-9-12-16:1682,1571,1,1830,4,1859,3,1221
el-7-9-12-9:1813,1682,1571,1,1272,1830,845,1914,4,1205,1915,1859,3,1221,1889,1792,1916
el-7-9-12-15:1682,1571,1,1830,4,1859,3,1221
el-7-9-12-8:1682,1571,1,1830,5644,1909,2536,1911,5645,3082,1912,1879,5646,4,1859,3,1913,1221
el-7-9-12-8-1:1682,1571,1,1830,5644,1909,2536,1911,5645,3082,1912,1879,5646,4,1859,3,1913,1221
el-7-9-12-8-2:1682,1571,1,1830,5644,1909,2536,1911,5645,3082,1912,1879,5646,4,1859,3,1913,1221
el-7-9-12-17:1682,1571,1,1830,4,1859,3,1221
el-7-9-12-10:1682,1571,1,1272,1830,845,4,1205,1859,3,1221,1860,5028,1792
el-7-9-12-11:1682,1571,1,1830,1208,4,1917,3083,1859,3,1221
el-7-9-12-12:5617,1682,1571,1,1272,1830,1335,4,1859,3,1221
el-7-9-12-13:1682,1571,1,1272,1830,4,1859,3,1221,1881,5636,1882,5028
el-7-9-13:2374,1682,1571,1,1830,2680,4,3,1221
el-7-9-13-9:2374,1,1830,2680,4,3,1221
el-7-9-13-1:2374,1,1830,1208,2680,4,3,1221
el-7-9-13-2:2374,1682,1571,1,1830,2062,2680,1911,5647,4,3,1221
el-7-9-13-10:2374,1,1830,2680,4,3,1221
el-7-9-13-3:2374,1892,1,1830,2680,5648,4,3,1221
el-7-9-13-4:2374,1,1830,2680,5649,2536,1911,3082,1879,4,3,1913,1221
el-7-9-13-5:2374,1,1830,5650,5480,1334,1248,2680,4,1958,3,1221,3085,5673
el-7-9-13-6:2374,1,2360,1830,2680,4,3,1221,5651,1820
el-7-9-13-8:2374,1830,2680,4,1221
el-7-9-13-7:2374,1,1830,5653,1334,1248,2680,4,1958,3,1221,1881,1882,5652
el-7-9-17:1,1830,4,3,1221
el-7-9-14:1682,1571,1,1830,845,2914,4,3,1221,1920,1921,5685
el-7-9-14-1:1,1830,845,5654,4,3,1221,1918,1860,1920,1846,1921
el-7-9-14-1-1:1,1830,845,5654,4,1877,3,1221,1918,1860,1920,1846,1921
el-7-9-14-1-2:1,1830,845,5654,1874,4,3,1221,1918,1860,1920,1846,1921
el-7-9-14-1-4:1,1830,845,5654,4,3,1221,1918,1860,1920,1846,1921
el-7-9-14-1-3:1,1830,5654,4,3,1221,1918,1860,1920,1846,1921,5656,5655,5028,1792
el-7-9-14-2:1,1830,1872,3111,1874,4,3,1221,1920,1921
el-7-9-14-2-4:1,1830,1872,3111,1874,4,3,1221,1920,1921
el-7-9-14-2-1:2958,2784,2226,1798,1,1830,1872,3012,3111,3314,5010,1874,4,3,1221,1920,1921
el-7-9-14-2-2:1,1830,1872,845,3111,3086,1919,1874,4,3,1221,5658,1860,1920,1846,1921
el-7-9-14-2-3:1682,1571,1,1830,1872,3111,3086,1919,1874,1236,5657,4,3,1221,1920,1846,1921
el-7-9-14-2-3-1:1,1830,1872,3111,3086,1919,1874,1236,5657,4,3,1221,1920,1846,1921
el-7-9-14-2-3-2:1,1830,1872,3111,3086,1919,1874,1236,5657,4,3,1221,1920,1846,1921
el-7-9-14-2-3-3:1,1830,1872,3111,3086,1919,1874,1236,5657,4,3,1221,1920,1846,1921
el-7-9-14-3:1870,1,1830,845,3086,1919,1874,4,3,1221,5658,1920,1846,1921,1876
el-7-9-14-3-1:1870,1,1830,845,3086,1919,1874,4,3,1221,5658,1920,1846,1921,1876
el-7-9-14-3-2:1870,1,1830,845,3086,1919,1874,4,3,1221,5658,1920,1846,1921,1876
el-7-9-14-4:1682,1571,1,1830,845,3086,3314,3315,4,1840,3,1221,1920,1922,1921,1792
el-7-9-14-5:1870,1,1830,1872,845,1936,4,1937,1859,3,1221,1869,5658,1920,1846,1922,1921,1876
el-7-9-14-6:1,1830,845,4,5660,5659,1877,3,1964,1221,1918,1920,1921
el-7-9-14-6-1:1,1830,845,4,5659,1877,3,1964,1221,1918,1920,1921
el-7-9-14-6-2:1,1830,845,4,5659,1877,3,1964,1221,1918,1920,1921
el-7-9-14-9:1,1830,845,4,3,1221,1920
el-7-9-14-7:1,1830,845,5661,4,1205,3,1221,1918,1939,1920,1921,5663,5662
el-7-9-14-8:1682,1571,1,1830,4,3,1221,1920,1921,5028,1792
el-7-9-15:1682,1571,1,1830,4,3,1221
el-7-9-15-4:1,1830,4,3,1221
el-7-9-15-5:1,1830,4,3,1221
el-7-9-15-6:1,1830,4,3,1221
el-7-9-15-1:2374,1,1830,2062,2680,4,3,1221
el-7-9-15-1-1:2374,1,1830,2062,2680,4,3,1221
el-7-9-15-1-2:2374,1,1830,2062,2680,4,3,1221
el-7-9-15-1-3:2374,1,1830,2062,2680,4,3,1221
el-7-9-15-7:1,1830,4,3,1221
el-7-9-15-2:1,1830,1208,4,3,1221,1820
el-7-9-15-3:1682,1571,1,1830,5664,1334,1248,4,3,1221,5673,1882
el-7-9-15-3-1:1,1830,5664,1334,1248,4,3,1221,5673,1882
el-7-9-15-3-2:1,1830,5664,1334,1248,4,3,1221,5673,1882
el-7-9-15-3-3:1,1830,5664,1334,1248,4,3,1221,5673,1882
el-7-9-16:1,1830,845,5665,5612,1919,4,3,1221,5028,1792
el-7-19:1,1830,4,3,1221
el-7-10:1,1830,4,3,1221
el-7-11:1737,1,1930,1830,4,3,5563
el-7-11-1:1737,1,1930,1830,3012,4,3,5563
el-7-11-2:2319,1737,1,1930,1830,2062,5014,4,3,5563,134
el-7-11-6:1737,1,1930,1830,4,3,5563
el-7-11-3:1737,2336,5001,1,1930,1830,1909,1911,4,3,5563
el-7-11-7:1737,1,1930,1830,4,3,5563
el-7-11-4:1737,1,1930,1830,2062,5031,4,3085,1958,3,5564,5563
el-7-11-4-1:1737,1,1930,1830,2062,5031,4,3085,1958,3,5564,5563
el-7-11-4-2:1737,1,1930,1830,2062,5031,4,3085,1958,3,5564,5563
el-7-11-4-3:1737,1,1930,1830,2062,5031,4,3085,1958,3,5564,5563
el-7-11-4-4:1737,1,1930,1830,2062,5031,4,3085,1958,3,5564,5563
el-7-11-5:1737,1,1930,1830,2062,5031,4,3,5566,5565,5563
el-7-11-5-1:1737,1,1930,1830,2062,5031,4,3,5566,5565,5563
el-7-11-5-2:1737,1,1930,1830,2062,5031,4,3,5566,5565,5563
el-7-11-5-3:1737,1,1930,1830,2062,5031,4,3,5566,5565,5563
el-7-12:1,1830,4,1875,5567,1840,3,1221
el-7-12-1:5568,1,1829,1830,4,1875,5567,1840,3,1221
el-7-12-2:1,1829,1830,845,3111,5569,4,1875,5567,2031,1840,3,1221,1918
el-7-12-2-1:1682,1571,1,1829,1830,845,3111,5569,4,1875,5567,2031,1840,3,1221,1918
el-7-12-3:1682,1571,1,1830,5571,4,1875,5567,1840,5570,3,1221
el-7-12-4:1,1829,1830,4,1875,5567,1840,3,1221
el-7-12-5:1,1830,4,1875,5567,1840,3,1221
el-7-13:1,2019,1830,5010,4,3,1221,1860
el-7-13-2:1,2019,1830,5010,4,3,1221,1860
el-7-13-1:2958,3006,2784,1,2019,1830,5010,4,3,1221,1860
el-7-13-1-1:2958,3006,2784,1,2019,1830,5010,4,3,1221,1860
el-7-13-3:1,2019,1830,5010,4,3,1221,1860
el-7-14:1,1930,1830,1851,1852,1853,5014,4,3,1221,5021,2001,5024,2009
el-7-15:1,1830,4,3,1925,1221
el-7-15-1:3087,1682,1856,1571,1,1924,1830,5480,4,3,1925,1261
el-7-15-1-1:3087,5572,1682,1856,1571,1,1830,5480,4,3,1925,1261
el-7-15-1-2:3087,1682,1856,1571,1,1830,5480,4,3,1925,1261
el-7-15-1-13:3087,1682,1856,1571,1,1924,1830,5480,4,3,1925,1261
el-7-15-1-3:3087,1682,1856,1571,1,1830,5480,4,3,1925,1261
el-7-15-1-4:5574,3087,1682,1856,1571,1,1830,5480,4,3,1925,1261
el-7-15-1-5:3087,1682,1856,1571,1,1830,5480,4,3,1925,1261
el-7-15-1-7:3087,1682,1856,1571,1,1930,1830,5480,4,3,1925,1261
el-7-15-1-6:3087,1682,1856,1571,1,1830,5480,2680,2681,4,3,1925,1261
el-7-15-1-8:5574,3087,1682,1856,1571,1,1830,5480,5575,4,3,1925,1261
el-7-15-1-9:3087,1682,1856,1571,1,1830,5480,2681,4,3,1925,1261
el-7-15-1-10:3087,1682,1856,5573,1571,1,1830,5480,5010,4,3,1925,1261
el-7-15-1-11:3087,1682,1856,1571,1,1830,5480,4,3,1925,1261
el-7-15-1-12:3087,1682,1856,1571,1,1930,1830,5480,4,3,1925,1261
el-7-15-1-15:3087,1682,1856,1571,1,1924,1830,5480,4,3,1925,1261
el-7-15-2:5574,1682,1571,1,1682,1924,1930,1830,4,3,1925,1221
el-7-15-2-1:5577,5574,1682,1571,1,1682,1924,1930,1830,5010,4,3,1925,1221
el-7-15-2-6:5574,1,1682,1924,1930,1830,4,3,1925,1221
el-7-15-2-2:5574,1,1682,1924,1930,1830,5578,4,1205,3,1925,1221
el-7-15-2-7:5574,1,1682,1924,1930,1830,4,3,1925,1221
el-7-15-2-8:5574,1,1682,1924,1930,1830,4,3,1925,1221
el-7-15-2-3:5574,2714,5002,1,1682,1924,1930,1830,4,3,1925,1221
el-7-15-2-4:5574,1682,1571,2714,5002,1,1682,1924,1930,1830,5010,4,3,1925,1221
el-7-15-2-5:5574,1,1682,1924,1930,1272,1830,2046,4,5579,3,1925,1221,2988
el-7-15-3:1926,1,1830,1927,4,3,1925,1221,1928
el-7-15-4:1682,1571,1,1930,1830,4,3,1925,1221
el-7-15-4-1:1,1930,1830,4,3,1925,1221
el-7-15-4-3:1,1930,1830,4,3,1925,1221
el-7-15-4-4:1,1930,1830,4,3,1925,1221
el-7-15-4-2:2908,1892,1,1930,1830,4,3,1925,1221,5028
el-7-15-4-2-1:2908,1892,1,1930,1830,4,3,1925,1221,5028
el-7-15-4-2-2:2908,1892,1,1930,1830,4,3,1925,1221,5028
el-7-15-4-2-3:2908,1892,1,1930,1830,4,3,1925,1221,5028
el-7-15-5:1682,1571,1,1830,4,3,1925,5580,1221,5028
el-7-15-5-4:1,1830,4,3,1925,5580,1221,5028
el-7-15-5-5:1,1830,4,3,1925,5580,1221,5028
el-7-15-5-1:1682,1571,1272,1,1930,1830,4,3,1925,5580,1221,5028
el-7-15-5-3:1,1830,4,3,1925,5580,1221,5028
el-7-15-5-6:1,1830,4,3,1925,5580,1221,5028
el-7-15-5-2:1682,1571,5581,5002,1,1930,1830,5014,4,1205,3,1925,5580,1221,5028,5029
el-7-15-6:1682,1571,1,1830,5010,4,1205,1931,3,2557,1925,1221
el-7-15-6-1:1,1830,5010,4,1205,1931,3,2557,1925,1221
el-7-15-6-2:1,1830,5010,4,1205,1931,3,2557,1925,1221
el-7-15-14:1830,4,1925,1221
el-7-15-7:1682,1856,1571,1,1830,5010,4,1931,3,1925,1634,1221,1261
el-7-15-8:1682,1571,1,1830,4,1205,1931,3,1925,1221
el-7-15-9:5001,1,5584,1830,5010,1236,4,1205,5583,3,1925,1221,5582
el-7-15-10:1,1830,5010,4,1205,1931,3,1925,1221
el-7-15-11:1,1830,4,3,1925,1925,1925,1221
el-7-15-11-1:1,1830,4,3,1925,1925,1925,1221
el-7-15-11-2:1,1830,4,3,1925,1925,1925,1221
el-7-15-12:1682,1856,1571,1870,1,1272,1830,4,1931,1835,3,1925,1221,5576,1792
el-7-15-13:1,1830,4,3,2557,1925,1221
el-7-15-13-2:1,1830,4,3,2557,1925,1221
el-7-15-13-3:1,1830,4,3,2557,1925,1221
el-7-15-13-4:1,1830,4,3,2557,1925,1221
el-7-15-13-5:1,1830,4,3,2557,1925,1221
el-7-15-13-1:1,1830,4,3,2557,1925,1221,5669
el-7-15-15:1,1830,4,3,1925,1221
el-7-20:1,1830,1248,1953,4,3,1221,1954
el-7-16:1682,1,1930,1272,1830,4,3,1221
el-7-16-1:1682,1,1930,1272,1830,4,3,1221
el-7-16-2:1682,1,1930,1272,1830,4,3,1221
el-7-16-3:1682,1,1930,1272,1830,4,3,1221
el-7-16-4:1682,1,1930,1272,1830,4,3,1221
el-7-16-5:1682,1,1930,1272,1830,4,3,1221
el-7-16-6:1682,1,1930,1272,1830,4,3,1221
el-7-17:1808,1828,1,1830,1858,1804,4,3,1221,5585,1214
el-7-17-1:1808,1828,1,1830,1858,1804,4,3,1221,5585,1214
el-7-17-2:1808,1828,1,1830,1858,1804,4,3,1221,5585,1214
el-7-17-3:1808,1828,1,1830,1858,1804,4,3,1221,5585,1214
el-7-17-4:1808,1828,1,1830,1858,1804,4,3,1221,5585,1214
el-7-17-5:1808,1828,1,1830,1858,1804,4,3,1221,5585,1214
el-7-18:1828,1,1830,1804,4,1205,3,1221
el-7-18-4:1828,1,1830,1804,4,1205,3,1221
el-7-18-1:1828,1,1830,1804,4,1205,3,1221
el-7-18-5:1828,1,1830,1804,4,1205,3,1221
el-7-18-2:1828,5586,1,1272,1830,1872,1858,1804,4,1205,3,1221
el-7-18-3:5587,1828,1,1830,1804,5010,4,1205,3,1221
el-7-18-6:1828,1,1830,1804,4,1205,3,1221
el-7-18-7:1828,1,1830,1804,4,1205,3,1221
el-8:1,5010,4,3
el-8-1:1267,3006,2784,2226,1798,80,1,1930,5010,4,3
el-8-3:1,5010,4,3
el-8-2:1,2660,5010,4,5675,5674,3
el-9:41,1,2659,1334,1370,3088,3374,5010,5676,1205,3,1221,5023
el-9-1:41,1,2659,1334,3088,3374,5010,5676,1205,3,1221,5023
el-9-2:41,1,2659,1334,3088,3374,5010,5676,1205,3,1221,5023
el-20:1,3
el-10:1,1272,845,5010,1205,3,1221,1716,5023,1864,5344,1934,2661
el-10-1:1,1272,845,5010,1205,3,1221,5023,1864,5344,1934,2661
el-10-2:1,1272,845,5010,1205,3,1221,5023,1864,5344,1934,2661
el-11:1856,41,1,1272,845,1334,5010,1205,3,1221
el-11-14:1856,41,1,1272,845,1334,5010,1205,3,1221
el-11-7:1856,41,1,1272,845,1334,5010,1205,3,1221
el-11-7-1:1856,41,1,1272,845,1334,5010,1205,3,1221
el-11-7-2:1856,41,1,1272,845,1334,5010,1205,3,1221
el-11-1:1856,1,1272,845,1334,5010,3089,1205,3,1221,5023,5345,1935,1707
el-11-8:1856,41,1,1272,845,1334,5010,1205,3,1221
el-11-9:1856,41,1,1272,845,1334,5010,1205,3,1221
el-11-2:1822,1801,1856,41,1,1272,5347,845,1334,5010,1205,3,1221,5346,1812
el-11-10:1856,41,1,1272,845,1334,5010,1205,3,1221
el-11-11:1856,41,1,1272,845,1334,5010,1205,3,1221
el-11-3:1856,41,1,1272,2659,845,1334,3374,5010,3089,1205,3,1221,5023
el-11-3-1:1856,41,1,1272,2659,845,1334,3374,5010,3089,1205,3,1221,5023
el-11-12:1856,41,1,1272,845,1334,5010,1205,3,1221
el-11-13:1856,41,1,1272,845,1334,5010,1205,3,1221
el-11-4:1856,41,1,1272,845,1334,5010,3089,1205,3,1221,3316
el-11-4-1:1856,41,1,1272,845,1334,5010,3089,1205,3,1221,3316
el-11-4-2:1856,41,1,1272,845,1334,5010,3089,1205,3,1221,3316
el-11-4-3:1856,41,1,1272,845,1334,5010,3089,1205,3,1221,3316
el-11-5:1856,41,1,1272,845,1334,5010,1205,3,1221,3066
el-11-15:1856,41,1,1272,845,1334,5010,1205,3,1221
el-11-6:1856,41,1,1272,845,1334,5348,5010,5349,1205,3,1221,1819,3065,1820
el-11-6-1:1856,41,1,1272,845,1334,5348,5010,5349,1205,3,1221,1819,3065,1820
el-11-6-2:1856,41,1,1272,845,1334,5348,5010,5349,1205,3,1221,1819,3065,1820
el-11-6-3:1856,41,1,1272,845,1334,5348,5010,5349,1205,3,1221,1819,3065,1820
el-12:1,3,1221
el-12-1:1828,3090,1,1936,1205,1937,1938,3,1943,1221,1939,1940,1847
el-12-1-5:1828,3090,1,1936,1205,1937,1938,3,1943,1221,1939,1940,1847
el-12-1-6:1828,3090,1,1936,1205,1937,1938,3,1943,1221,1939,1940,1847
el-12-1-1:1828,3090,1,1936,5010,5350,1205,1937,1938,3,1943,1221,1939,1940,1847
el-12-1-2:1828,3090,1,1858,1936,1205,1937,1938,1941,3,1943,1221,1939,1942,1940,1847
el-12-1-7:1828,3090,1,1936,1205,1937,1938,3,1943,1221,1939,1940,1847
el-12-1-3:1828,3090,1,1936,5010,5351,1205,1937,1938,3,1943,1221,1939,1940,1847
el-12-1-4:1828,1682,1571,3090,1,1858,1936,5352,1205,1937,1938,3,1943,1221,1861,1939,5028,5353,1940,1847
el-12-2:1,1936,1205,5355,1895,1937,1938,3,1221
el-12-3:1,1936,3317,1205,1937,3,1943,1221
el-12-3-10:1,1936,3317,1205,1937,3,1943,1221
el-12-3-1:1,1936,3317,1205,1937,3,1943,1221,5356
el-12-3-2:1,1936,3317,1205,1937,3,1943,1221
el-12-3-3:1,1936,3317,1205,1937,3,1943,1221,5356,5357
el-12-3-4:1,1936,3317,1205,1937,3,1943,1221,5358
el-12-3-11:1,1936,3317,1205,1937,3,1943,1221
el-12-3-5:1,1936,3317,1205,1937,3,1943,1221
el-12-3-5-1:1,1936,3317,1205,1937,3,1943,1221
el-12-3-5-2:1,1936,3317,1205,1937,3,1943,1221
el-12-3-5-3:1,1936,3317,1205,1937,3,1943,1221
el-12-3-5-4:1,1936,3317,1205,1937,3,1943,1221
el-12-3-6:1,1936,3317,1205,1937,3,1943,1221,5356
el-12-3-7:1,1936,3317,1205,5359,1937,3,1943,1221
el-12-3-8:1,1936,3317,1205,1937,3,1943,1221,5356
el-12-3-9:1,1872,1936,3317,1205,1937,3,1943,1221
el-12-4:1,5480,5006,4,1205,1895,3,1221,1896,1940
el-12-5:1,5362,1858,1919,5360,5361,1937,3,1221
el-12-5-1:1,5362,1858,1919,5360,5361,1937,3,1221
el-12-5-2:1,5362,1858,1919,5360,5361,1937,3,1221
el-12-5-3:1,5362,1858,1919,5360,5361,1937,3,1221
el-12-6:1828,3312,1,1919,1937,3,1221,5028,1940,1847
el-12-6-1:1828,3312,1,1919,1937,3,1221,5028,1940,1847
el-12-6-2:1828,3312,1,1919,1937,3,1221,5028,1940,1847
el-12-6-3:1828,3312,1,1919,1937,3,1221,5028,1940,1847
el-12-6-4:1828,3312,1,1919,1937,3,1221,5028,1940,1847
el-12-7:1870,1,1936,1937,3,1943,1221,1939
el-12-8:1,1205,3,1943,1221
el-12-8-1:1,1205,3,1943,1221
el-12-8-2:1,1205,3,1943,1221
el-12-8-3:1,1205,3,1943,1221
el-12-8-4:1,1205,3,1943,1221
el-12-9:1,1936,1937,1938,3,1221,5363,5364,5028,1792,1940,1847
el-12-10:1,1895,1938,3,1221,5354,1940,1847
el-12-10-1:1,1895,1938,3,1221,5354,1940,1847
el-12-10-2:1,1895,1938,3,1221,5354,1940,1847
el-12-10-3:1,1895,1938,3,1221,5354,1940,1847
el-13:1,1370,3,1221,1952
el-13-1:1,4,3,1946,1952
el-13-1-9:1,4,3,1946,1952
el-13-1-1:5365,3365,2226,1,3111,4,3,1946,1952
el-13-1-2:5366,1,4,3,1946,1952
el-13-1-2-1:5366,1,4,3,1946,1952
el-13-1-2-2:5366,1,4,3,1946,1952
el-13-1-2-3:5366,1,4,3,1946,1952
el-13-1-10:1,4,3,1946,1952
el-13-1-3:2319,1316,1,1944,4,3,1946,1952
el-13-1-4:1,1944,1290,4,3,1946,1952
el-13-1-11:1,4,3,1946,1952
el-13-1-5:1,1944,2062,4,3,1946,1952
el-13-1-6:1,1944,4,5367,5368,3,1946,1952
el-13-1-7:1,2062,4,3,1946,1952,73,5369
el-13-1-8:5370,1,2062,4,3,1946,1952
el-13-7:1,3,1952
el-13-2:5371,1,1944,5372,1945,1370,2663,1840,3,1946,1952
el-13-3:1,4,3,1952,1948
el-13-3-8:1,4,3,1952,1948
el-13-3-9:1,4,3,1952,1948
el-13-3-1:5679,1682,1571,5373,1,2305,4,3,1946,1952,1949,1948
el-13-3-1-1:5373,1,2305,2681,4,3,1946,1952,1949,1948
el-13-3-1-2:5373,1,2305,4,3,1946,1952,1949,1948
el-13-3-1-2-1:5373,1,5374,2305,4,3,1946,1952,1949,1948,1382
el-13-3-1-2-2:5373,1,2816,5375,2305,4,3,1946,1952,1949,1948
el-13-3-1-2-3:5373,1,2816,2305,4,3,1946,1952,1949,1948
el-13-3-1-2-4:5373,1,2816,2305,4,3,1946,1952,1949,1948
el-13-3-1-3:5373,1,2338,2305,2681,4,3,1946,1947,1952,1949,1948
el-13-3-1-3-1:5373,1,2338,2305,2681,4,3,1946,1947,1952,1949,1948
el-13-3-1-3-2:5373,1,2338,2305,2681,4,3,1946,1947,1952,1949,1948
el-13-3-1-3-3:5373,1,2338,2305,2681,4,3,1946,1947,1952,1949,1948
el-13-3-1-3-4:5373,1,2338,2305,2681,4,3,1946,1947,1952,1949,1948
el-13-3-1-8:5373,1,2305,4,3,1946,1952,1949,1948
el-13-3-1-4:5373,1,2305,4,3,1946,1952,1949,1948
el-13-3-1-5:5373,1,2305,2681,4,3,1946,1952,1949,1948
el-13-3-1-6:5373,1,2305,4,3,1946,1952,1949,1948
el-13-3-1-7:5679,1682,1571,5373,5376,1,2305,2681,4,3,1946,1952,1949,1948
el-13-3-2:1,5377,5378,1950,2680,2681,4,3,1952,1948
el-13-3-3:1,2338,4,1875,1840,3,1952,1948
el-13-3-10:1,4,3,1952,1948
el-13-3-11:1,4,3,1952,1948
el-13-3-4:1,3102,2404,5380,4,5379,3,1952,3282,1948
el-13-3-5:2958,2784,2226,1,2338,3111,4,3,1952,2224,1948
el-13-3-6:5679,1682,1571,2057,5381,1,1380,4,3,1952,1948
el-13-3-7:5679,1682,1571,1,2338,2680,2681,4,3,1952,1948
el-13-3-7-1:1,2338,2680,2681,4,3,1952,1948
el-13-3-7-2:1,2338,2680,2681,4,3,1952,1948
el-13-3-7-3:1,2338,2680,2681,4,3,1952,1948
el-13-3-7-4:1,2338,2680,2681,4,3,1952,1948
el-13-3-7-5:1,2338,2680,2681,4,3,1952,1948
el-13-3-12:1,4,3,1952,1948
el-13-4:1,2234,1248,1950,1370,1840,3,1946,5382,5383,1952,3091
el-13-4-1:1,2234,1248,1950,1370,1840,3,1946,5382,5383,1952,3091
el-13-4-2:1,2234,1248,1950,1370,1840,3,1946,5382,5383,1952,3091
el-13-4-3:1,2234,1248,1950,1370,1840,3,5382,5383,1952,3091
el-13-4-4:1,2234,1248,1950,1370,1840,3,5382,5383,1952,3091
el-13-4-5:1,2234,1248,1950,1370,1840,3,1946,5382,5383,1952,3091
el-13-5:1,4,3
el-13-5-3:1,4,3
el-13-5-4:1,4,3
el-13-5-1:3006,2784,3258,1984,1798,80,1,4,3,5384
el-13-5-2:1,1380,4,3,5385
el-13-5-5:1,4,3
el-13-6:1,5387,2234,1370,1333,1840,3,1221,1952,3092,1904,5386
el-13-6-7:1,5387,2234,1370,1333,1840,3,1221,1952,3092,1904,5386
el-13-6-8:1,5387,2234,1370,1333,1840,3,1221,1952,3092,1904,5386
el-13-6-1:1,5387,2234,1370,1333,1840,3,1221,1952,3092,1904,5386
el-13-6-2:1,5387,2234,1370,1991,1333,1840,3,1221,1952,3092,1904,5386
el-13-6-3:1,5387,2234,1370,1333,1840,3,1221,1952,3092,1904,5386
el-13-6-4:1,5387,2234,1370,1333,1840,3,1221,1952,3092,1904,5386
el-13-6-5:1682,1571,1,5387,2234,1950,1370,2261,2663,1333,1840,3,1221,1952,3092,1904,5386
el-13-6-6:1,5387,2234,1370,1333,1840,3,1221,1952,3092,1904,5386
el-13-6-6-1:1,5387,2234,1370,1333,1840,3,1221,1952,3092,1904,5386,1847
el-13-6-6-2:1,5387,2234,1370,1333,1840,3,1221,1952,3092,1904,5386,1847
el-13-6-6-3:1,5387,2234,1370,1333,1840,3,1221,1952,3092,1904,5386,1847
el-14:1,1272,1248,1953,3,1221,1954,5431
el-15:1,1272,5388,1248,1953,5010,1205,3,1221,1954,3316
el-16:1798,1,1714,1272,845,1205,3,1221
el-17:1,1334,1248,1370,3
el-17-1:5391,1,1962,1955,845,1334,1248,1956,1957,2905,3085,1958,3,5389,5390
el-17-1-1:5391,1,1962,1955,845,1334,1248,1956,1957,2905,3085,1958,3,5389,5390
el-17-11:1,1334,1248,3
el-17-2:1,845,1334,1248,1370,5393,1205,1958,3,2907
el-17-2-4:1,845,1334,1248,1370,5393,1205,1958,3,2907
el-17-2-1:1682,1571,1,845,1334,1248,1370,5393,1205,1958,1859,3,2907
el-17-2-2:1,1955,845,1334,1248,1370,5393,1205,1958,3,2907
el-17-2-3:1,845,1334,1248,1370,1981,5393,1205,1958,3,1221,2907
el-17-3:5394,1,845,1248,1370,3,1221,5395,1805
el-17-3-1:1682,1571,5394,1,1272,845,1248,1370,1859,3,1221,5395,1812,1963,1805,1847
el-17-3-3:5394,1,1370,3,1221
el-17-3-2:1682,1571,5394,1,1272,845,1248,1370,1959,1859,3,1221,5396,5395,1963,1805,1940,1847
el-17-3-4:5394,1,3,1221
el-17-3-5:5394,1,845,1248,3,1221,1805
el-17-4:1803,1,5439,1955,1334,1248,1956,1957,1959,1958,3,1960,2905,3094,1812,5390,1847
el-17-5:1,1930,845,1334,1248,4,1205,3
el-17-5-1:5398,2956,5399,1682,1571,1,1930,1272,5678,845,2927,2842,2841,2781,5397,4,1205,3,1221
el-17-5-2:1682,1571,1,1930,845,4,3,5390
el-17-5-2-2:1,4,3
el-17-5-2-1:5400,1,1962,1930,845,4,1859,3,5401,5028
el-17-5-2-3:1,1930,4,1205,3,5390
el-17-5-2-4:1,1930,4,3
el-17-5-2-5:1,1930,4,3
el-17-5-2-6:1,1930,4,3
el-17-5-2-7:1,1930,4,3
el-17-5-3:1,1930,845,1334,1248,4,1205,3
el-17-5-3-1:2336,1,3111,2777,4,1205,3
el-17-5-3-2:1,4,3023,1205,3
el-17-5-3-3:1682,1571,1,1930,1334,1248,2989,5404,4,1205,1958,3,1424,5403,5402
el-17-5-3-6:1,1930,4,3
el-17-5-3-7:1,1930,4,3
el-17-5-3-8:1,845,4,3
el-17-5-3-4:1883,1,1930,2404,4,3023,1205,3
el-17-5-3-5:1,1930,5406,5405,4,3,2907
el-17-5-4:1,2989,4,1823,1205,3,1221,5407
el-17-5-6:1,1930,845,1334,1248,4,1205,3
el-17-5-5:1,1930,845,1334,1248,4,1205,3,5390
el-17-5-5-1:1,1930,4,3023,1205,3,5390
el-17-5-5-2:1,845,4,3,1221,5396,1916,1805
el-17-5-5-5:1,4,3
el-17-5-5-6:1,4,3
el-17-5-5-7:1,4,3
el-17-5-5-3:1,1333,4,3,5408
el-17-5-5-4:1,4,3,1820,5409
el-17-5-5-8:1,4,3
el-17-5-7:1,1930,845,1334,1248,4,1205,3
el-17-6:1,1248,1205,1859,3,1221,1916,1805
el-17-6-1:1,1248,1205,1859,3,1221,1916,1805
el-17-6-2:1,1248,1205,1859,3,1221,1916,1805
el-17-6-3:1,1248,1205,1859,3,1221,1916,1805
el-17-7:1,845,3,5410,5411
el-17-8:1822,1,1272,845,1370,1823,3,3095,1963
el-17-8-2:1822,1801,1803,1682,1571,1,1272,1370,1823,3,1964,3095,1963,1965,1805,1847
el-17-8-2-1:1822,1801,1803,1,1272,1370,1823,3,1964,3095,1963,1965,1805,1847
el-17-8-3:1822,1,1272,1370,1823,3,1964,3095,1812,1963,1916,1965,1805
el-17-8-9:1822,1,1272,845,1370,1823,3,3095,1963
el-17-8-7:1822,1,1272,845,1370,1823,3,3095,1963
el-17-8-1:1822,1682,1571,1,1272,845,1370,1823,3,3095,1921,1812,1963,5412,1805
el-17-8-8:1822,1,1272,845,1370,1823,3,3095,1963
el-17-8-6:1822,1,1272,845,1370,3,3095,1963
el-17-8-4:1822,1682,1571,1,5439,1272,1370,1959,5413,1859,3,3095,1963,1805,1847
el-17-8-5:1822,5417,5415,1,1272,845,1370,1823,3,3095,5416,5414,1963,1916
el-17-9:1870,1,1966,1936,1859,3,5658,1846,1922,1876
el-17-10:1828,1,845,5392,1804,1205,3,1221,1939,1963,1805,1847
el-17-10-1:1,845,1804,1205,3,1221,1939,1963,1805,1847
el-17-10-2:1828,1,845,5392,1804,1205,3,1221,1939,1963,1805,1847
el-17-10-3:1,845,1804,1205,3,1221,1939,1963,1805,1847
el-17-10-4:1828,1,845,5392,1804,1205,3,1221,1939,1963,1805,1847
el-17-12:1,1334,1248,3
el-18:1,1272,4,3,3380
el-18-1:5002,1,1272,845,4,3,1221,3380,5029
el-18-3:1,1272,4,3,3380
el-18-3-3:1,1272,4,3,3380
el-18-3-4:1,1272,4,3,3380
el-18-3-5:1,1272,4,3,3380
el-18-3-7:1,1272,4,3,3380
el-18-3-8:1,1272,4,3,3380
el-18-3-2:1,1272,2062,4,3,3380
el-18-3-6:1,1272,4,3,3380
el-18-6:1,1272,4,3,3380
el-18-4:1,1272,4,3,3380
el-18-4-1:2958,2784,2226,1798,1,1272,5418,3111,5010,4,3,3380
el-18-4-4:1,1272,4,3,3380
el-18-4-5:1,1272,4,3,3380
el-18-4-6:1,1272,4,3,3380
el-18-4-2:1,1272,4,3,5419,3380
el-18-4-3:2319,1,1272,2062,5420,4,3,1558,134,3380
el-18-4-7:1,1272,4,3,3380
el-18-4-8:1,1272,4,3,3380
el-18-7:1,1272,4,3,3380
el-18-8:1,1272,4,3,3380
el-18-5:1,1272,4,3,3380
el-18-9:1,1272,4,3,3380
el-19:2274,1,1967,1968,5421,1969,5422,1370,3,1221,2676,5028
el-19-1:1,1967,1968,5421,5422,1370,3,1221,2676,5028
el-19-2:1,1967,1968,5421,5422,1370,3,1221,2676,5028
fb:12756
fb-1:2274,1451,1452,3098,1458,1385,12756
fb-1-1:1451,2364,1452,3098
fb-1-1-1:1451,1453,1454,2364,1452,3098,1456
fb-1-1-2:1451,3099,2364,1452,3098
fb-1-1-3:1451,2364,1452,3098,1458
fb-1-1-4:1451,2364,1452,3098,1459
fb-1-1-5:1451,7665,2364,1452,3098,7733
fb-1-1-5-1:7610,1460,1461,1451,2364,1452,3098,7733
fb-1-1-5-12:1451,7665,2364,1452,3098,7733
fb-1-1-5-10:1451,7665,2364,1452,3098,7733
fb-1-1-5-14:1451,7665,2364,1452,3098,7733
fb-1-1-5-11:1451,7665,2364,1452,3098,7733
fb-1-1-5-2:1451,7637,1462,2364,1452,3098,7733
fb-1-1-5-3:1451,2364,1452,3098,7733,1463
fb-1-1-5-4:1451,2364,1452,3098,7733,1458,1464
fb-1-1-5-13:1451,7665,2364,1452,3098,7733
fb-1-1-5-5:1451,2364,1452,3098,7733,1465
fb-1-1-5-6:1451,7626,2364,1452,3098,7733,7941,1466
fb-1-1-5-6-1:1451,7626,2364,1452,3098,7733,7820,7837,7941,7940,1466
fb-1-1-5-6-2:1451,7626,2364,1452,3098,7733,7941,1466
fb-1-1-5-7:7611,1451,7625,2364,1452,3098,7733,1467,1468
fb-1-1-5-8:1451,2364,1452,3098,7733,7763,1458,7991
fb-1-1-5-9:1451,2364,1452,3098,7733,7874,1467,1469,1470
fb-1-1-9:1451,2364,1452,3098
fb-1-1-6:1451,1976,2364,1452,3098
fb-1-1-6-1:1451,7630,1976,2364,1452,3098
fb-1-1-6-2:1451,1471,1976,2364,1452,3098
fb-1-1-6-3:1451,1471,1976,2364,1452,3098
fb-1-1-6-4:1451,1471,1976,7691,2364,1452,3098
fb-1-1-6-5:1451,1471,1976,2364,1452,3098
fb-1-1-6-6:1451,1976,2364,1452,3098
fb-1-1-6-6-1:1451,1976,2364,1452,3098
fb-1-1-6-6-2:1451,1976,2364,1452,3098
fb-1-1-6-6-3:1451,1976,2364,1452,3098
fb-1-1-8:1451,2364,1452,3098
fb-1-1-7:1451,2364,1452,3098,2391,1467,7998,8000,1475,1476
fb-1-2:1451,7649,1452,1458
fb-1-2-3:1451,7649,1452,1458
fb-1-2-2:1451,7649,1452,1458
fb-1-2-1:1451,7649,1452,1458
fb-1-3:1451,3415,7698,7699,7700,1977,1477,2364,1452,3098,1458
fb-1-3-1:1451,3415,7698,1977,1477,2364,7731,1452,3098,1458,1978,3416
fb-1-3-5:1451,3415,7698,7699,7700,1977,1477,2364,1452,3098,1458
fb-1-3-2:1451,3415,7698,1477,7704,2364,1452,3098,1458
fb-1-3-3:1451,3415,7698,1477,2364,1452,3098,1458,7809
fb-1-3-4:1451,3415,7698,1477,2364,1452,3098,1458,7844
fb-1-4:1451,1452,3098,1458,1456,7965
fb-1-4-2:1451,1452,3098,1458,1456,7965
fb-1-4-3:1451,1452,3098,1458,1456,7965
fb-1-4-1:1451,1452,3098,1458,1456,7965
fb-1-5:1451,1452,3098,1458,1456,7981
fb-1-5-1:1451,1452,3098,1458,1456,7981
fb-1-5-2:1451,1452,3098,1458,1456,7981
fb-1-6:1451,1452,3098
fb-1-6-1:1451,7651,7652,7692,7693,1452,3098
fb-1-6-5:1451,1452,3098
fb-1-6-2:1451,1452,3098
fb-1-6-3:1451,1452,3098
fb-1-6-4:1451,1452,3098
fb-1-7:1451,1452,3098,1458,1478,7816,1456,7903
fb-1-7-1:1451,1452,3098,1458,1478,1456
fb-1-7-2:1451,1452,3098,1458,1478,1456
fb-1-7-3:1451,1452,3098,1458,1478,1456
fb-1-8:1451,7661,1452,3098
fb-1-8-1:1451,7661,1452,3098
fb-1-8-2:1451,7661,1452,3098
fb-1-8-3:1451,7661,7690,1452,3098
fb-1-8-4:1451,7661,1452,3098
fb-1-8-8:1451,7661,1452,3098
fb-1-8-5:1451,7661,1452,3098
fb-1-8-5-5:1451,7661,1452,3098
fb-1-8-5-7:1451,7661,1452,3098
fb-1-8-5-3:1451,7661,1452,3098
fb-1-8-5-6:1451,7661,1452,3098
fb-1-8-5-2:1451,7661,1452,3098
fb-1-8-5-1:1451,7661,1452,3098
fb-1-8-5-4:1451,7661,1452,3098
fb-1-8-7:1451,7661,1452,3098
fb-1-8-6:1451,7661,1452,3098,7999
fb-1-9:1451,1452,1479,7846
fb-1-10:1451,7624,1452
fb-1-10-1:1451,7624,1452
fb-1-10-7:1451,7624,1452
fb-1-10-2:1451,7624,1452
fb-1-10-2-3:1451,7624,1452
fb-1-10-2-1:1451,7624,1452
fb-1-10-2-4:1451,7624,1452
fb-1-10-2-2:1451,7624,1452
fb-1-10-3:1451,7624,1452,7774,7857,7972
fb-1-10-6:1451,7624,1452
fb-1-10-4:1451,7624,1452
fb-1-10-5:1451,7624,1452
fb-1-11:1451,1452,1458,7890
fb-1-11-3:1451,1452,1458,7890
fb-1-11-1:1451,1452,1458,7890
fb-1-11-2:1451,1452,1458,7890
fb-1-12:1451,1452,3098,1458,1456,1480
fb-1-13:1451,1976,1452,3098,1456
fb-1-13-1:1451,1976,1452,3098,1458,1456
fb-1-13-2:1451,1976,1452,3098,1456
fb-1-14:1451,3415,1452,3098,1458,1482,7980
fb-1-14-4:1451,3415,1452,3098,1458,1482,7980
fb-1-14-1:1451,3415,1452,3098,1458,7800,1482,7980
fb-1-14-3:1451,7634,3415,1452,3098,1458,7980
fb-1-14-2:1451,3415,1452,3098,1458,1482,7980
fb-1-14-2-7:1451,3415,1452,3098,1458,1482,7980
fb-1-14-2-8:1451,3415,1452,3098,1458,1482,7980
fb-1-14-2-2:1451,3415,1452,3098,1458,1482,7980
fb-1-14-2-1:1451,3415,1452,3098,1458,1482,7980
fb-1-14-2-3:1451,3415,1452,3098,1458,1482,7980
fb-1-14-2-6:1451,3415,1452,3098,1458,1482,7980
fb-1-14-2-5:1451,3415,1452,3098,1458,1482,7980
fb-1-14-2-4:1451,3415,1452,3098,1458,1482,7980
fb-1-15:1451,1452,3098,1458,6201,1483
fb-1-16:1451,7710,1452,3098,1458,1456
fb-1-16-5:1451,7710,1452,3098,1458,1456
fb-1-16-1:1451,7660,7710,1452,3098,1458,1456,7993
fb-1-16-9:1451,7710,1452,3098,1458,1456
fb-1-16-2:1451,7710,1452,3098,7734,1458,1456,7992
fb-1-16-3:1451,7710,1452,3098,1458,1456,7862
fb-1-16-7:1451,7710,1452,3098,1458,1456
fb-1-16-6:1451,7710,1452,3098,1458,1456
fb-1-16-8:1451,7710,1452,3098,1458,1456
fb-1-16-4:1451,7710,1452,3098,1458,1456
fb-4:1456
fb-4-3:1456
fb-4-3-2:1451,1452,1508,3101
fb-4-3-1:5827,1456,1261,6138,1214
fb-4-2:1458,1456,1261
fb-4-4:1,4,1456,3,73
fb-4-1:1458,1456,1261
fb-4-5:1456
fb-4-5-1:1458,1456
fb-4-5-2:1,1458,4,1456,3
fb-4-5-3:1,1458,4,1456,3
fb-4-5-4:1,4,1456,3,1221
fb-2:1451,1452,1458,1978,1385,1716,7962
fb-2-1:1451,1452,1458,1484,7962
fb-2-1-1:1451,7619,1452,1458,1484,7962
fb-2-1-2:1451,3100,1452,1484,7962
fb-2-1-3:1451,7639,1452,1458,1484,7962
fb-2-1-4:1451,1452,1458,1484,7775,7962
fb-2-1-4-1:1451,7655,1452,1458,1484,7775,7962
fb-2-1-4-1-6:1451,7655,1452,1458,1484,7775,7962
fb-2-1-4-1-1:1451,7655,1452,1458,1484,7775,7962
fb-2-1-4-1-5:1451,7655,1452,1458,1484,7775,7962
fb-2-1-4-1-2:1451,7655,1452,1458,1484,7775,7962
fb-2-1-4-1-4:1451,7655,1452,1458,1484,7775,7962
fb-2-1-4-1-3:1451,7655,1452,1458,1484,7775,7962
fb-2-1-4-2:1451,1452,1458,1484,7775,7962
fb-2-1-4-2-2:1451,1452,1458,1484,7775,7962
fb-2-1-4-2-1:1451,1452,1458,1484,7775,7962
fb-2-1-5:1451,7653,7654,1452,1458,1484,7962
fb-2-1-6:1451,7712,1452,7761,1458,1484,7962
fb-2-1-6-5:1451,7712,1452,7761,1458,1484,7962
fb-2-1-6-4:1451,7712,1452,7761,1458,1484,7962
fb-2-1-6-3:1451,7712,1452,7761,1458,1484,7962
fb-2-1-6-1:1451,7712,1452,7761,1458,1484,7962
fb-2-1-6-2:1451,7712,1452,7761,1458,1484,7962
fb-2-1-17:1451,1452,1458,1484,7962
fb-2-1-7:1451,7724,1452,1458,1484,7962
fb-2-1-8:1451,1452,1458,1484,7962,7987
fb-2-1-9:1451,1452,1458,1484,7962
fb-2-1-10:1451,1452,1458,1484,7962
fb-2-1-10-1:1451,1452,1458,1484,7962
fb-2-1-10-3:1451,1452,1458,1484,7962
fb-2-1-10-2:1451,1452,1458,1484,7962
fb-2-1-10-4:1451,1452,1458,1484,7962
fb-2-1-16:1451,1452,1458,1484,7962
fb-2-1-11:1451,1452,1458,1484,7853,7962
fb-2-1-12:1451,1452,1458,1484,7872,7962
fb-2-1-12-3:1451,1452,1458,1484,7872,7962
fb-2-1-12-6:1451,1452,1458,1484,7872,7962
fb-2-1-12-1:1451,1452,1458,1484,7872,7962
fb-2-1-12-8:1451,1452,1458,1484,7872,7962
fb-2-1-12-9:1451,1452,1458,1484,7872,7962
fb-2-1-12-4:1451,1452,1458,1484,7872,7962
fb-2-1-12-2:1451,1452,1458,1484,7872,7962
fb-2-1-12-5:1451,1452,1458,1484,7872,7962
fb-2-1-12-7:1451,1452,1458,1484,7872,7962
fb-2-1-13:1451,1452,1458,1484,7879,5055,7962
fb-2-1-13-2:1451,1452,1458,1484,7879,5055,7962
fb-2-1-13-3:1451,1452,1458,1484,7879,5055,7962
fb-2-1-13-1:1451,1452,1458,1484,7879,5055,7962
fb-2-1-14:1451,1452,1484,7962
fb-2-1-15:1451,1452,1484,7962
fb-2-1-15-2:1451,1452,1484,7962
fb-2-1-15-1:1451,1452,1484,7962
fb-2-1-18:1451,1452,1458,1484,7962
fb-2-2:1451,1452,7782,7962
fb-2-2-1:1451,7657,1452,7782,7962
fb-2-2-2:1451,1452,7782,7962
fb-2-2-3:1451,1452,7782,7962
fb-2-3:1451,1452,1458,7962
fb-2-3-1:1451,7656,1452,1458,7962
fb-2-3-1-4:1451,7656,1452,1458,7962
fb-2-3-1-3:1451,7656,1452,1458,7962
fb-2-3-1-5:1451,7656,1452,1458,7962
fb-2-3-1-2:1451,7656,1452,1458,7962
fb-2-3-1-1:1451,7656,1452,1458,7962
fb-2-3-1-6:1451,7656,1452,1458,7962
fb-2-3-1-7:1451,7656,1452,1458,7962
fb-2-3-2:1451,3412,2364,1452,1458,7962
fb-2-3-2-4:1451,3412,2364,1452,1458,7962
fb-2-3-2-1:1451,3412,2364,1452,1458,7962
fb-2-3-2-6:1451,3412,2364,1452,1458,7962
fb-2-3-2-2:1451,3412,2364,1452,1458,7962
fb-2-3-2-3:1451,3412,2364,1452,1458,7962
fb-2-3-2-5:1451,3412,2364,1452,1458,7962
fb-2-4:1451,1452,1485,7962
fb-2-4-28:1451,1452,1485,7962
fb-2-4-1:1451,1452,7962
fb-2-4-29:1451,1452,1485,7962
fb-2-4-2:1451,7727,1452,1485,7962
fb-2-4-3:1451,1452,1458,7962,7986
fb-2-4-3-4:1451,1452,1458,7962,7986
fb-2-4-3-1:1451,1452,1458,7781,7962,7986
fb-2-4-3-2:1451,1452,1458,7962,7986
fb-2-4-3-3:1451,1452,1458,7962,7986
fb-2-4-4:1451,1452,7962
fb-2-4-5:1451,1452,7962
fb-2-4-6:1451,1452,7801,7802,7803,1456,7962,7989
fb-2-4-7:1451,7708,1452,7962
fb-2-4-8:1451,1452,1485,7926,7962
fb-2-4-9:1451,1452,1456,7962
fb-2-4-10:1451,1452,1485,7908,7962
fb-2-4-11:1451,1452,7962
fb-2-4-27:1451,1452,1485,7962
fb-2-4-12:1451,1452,7962
fb-2-4-13:1451,1452,7860,7893,7962
fb-2-4-13-1:1451,7659,1452,7893,7962
fb-2-4-13-2:1451,7726,1452,7893,7962
fb-2-4-14:1451,1452,1485,7868,7869,7962
fb-2-4-15:1451,1452,7878,7962
fb-2-4-15-2:1451,1452,7878,7962
fb-2-4-15-1:1451,1452,7878,7962
fb-2-4-16:1451,1452,1485,7925,7962
fb-2-4-17:1451,7709,1452,1485,7962
fb-2-4-17-2:1451,7709,1452,1485,7962
fb-2-4-17-1:1451,7709,1452,1485,7962
fb-2-4-18:1451,1452,7920,7962
fb-2-4-19:1451,1452,7962
fb-2-4-20:1451,1452,7758,7948,7962
fb-2-4-21:1451,1452,1485,7811,7962
fb-2-4-22:1451,1452,7962,7974
fb-2-4-23:1451,1452,7935,7936,7962
fb-2-4-24:1451,1452,7962
fb-2-4-25:1451,1452,7927,7962
fb-2-4-25-2:1451,1452,7927,7962
fb-2-4-25-1:1451,1452,7927,7962
fb-2-4-25-3:1451,1452,7927,7962
fb-2-4-26:1451,1452,7962
fb-2-5:1451,1452,7808,7962
fb-2-5-1:1451,7620,1452,7962
fb-2-5-2:1451,7683,1452,7962
fb-2-5-3:1451,1452,1458,7764,7765,7962
fb-2-5-4:1451,1486,1452,7962
fb-2-5-5:1451,1452,7824,7962
fb-2-5-6:1451,1452,7962
fb-2-5-7:1451,1452,7962
fb-2-5-8:1451,7627,1452,7962
fb-2-5-8-3:1451,7627,1452,7962
fb-2-5-8-5:1451,7627,1452,7962
fb-2-5-8-2:1451,7627,1452,7962
fb-2-5-8-4:1451,7627,1452,7962
fb-2-5-8-1:1451,7627,1452,7962
fb-2-5-9:1451,7638,1452,7962
fb-2-5-10:1451,1452,7962
fb-2-5-10-4:1451,1452,7962
fb-2-5-10-1:1451,1452,7962
fb-2-5-10-2:1451,1452,7962
fb-2-5-10-3:1451,1452,7962
fb-2-5-11:1451,1,7711,1452,3,7962
fb-2-5-12:1451,1452,7858,7962
fb-2-5-12-1:1451,1452,7858,7910,7962
fb-2-5-12-2:1451,7696,1452,7858,7962
fb-2-5-12-3:1451,1452,7858,7962
fb-2-5-12-4:1451,1452,7858,7962
fb-2-5-12-5:1451,1452,7858,7962
fb-2-5-12-11:1451,1452,7858,7962
fb-2-5-12-6:1451,1452,7858,7962
fb-2-5-12-7:1451,1452,7858,7937,7962
fb-2-5-12-8:1451,1452,7858,7962
fb-2-5-12-9:1451,1452,7858,7962,7969
fb-2-5-12-10:1451,1452,7858,7962
fb-2-5-13:1451,1452,7955,7956,7962
fb-2-5-14:1451,1487,1452,7962
fb-2-5-15:1451,7715,1452,7899,7962
fb-2-5-16:1451,1452,1484,7825,7896,7962
fb-2-5-16-6:1451,1452,1484,7825,7896,7962
fb-2-5-16-1:1451,1452,7735,1484,7825,7896,7962
fb-2-5-16-2:1451,1452,1484,7810,7825,7896,7962
fb-2-5-16-5:1451,1452,1484,7825,7896,7962
fb-2-5-16-9:1451,1452,1484,7825,7896,7962
fb-2-5-16-7:1451,1452,1484,7825,7896,7962
fb-2-5-16-8:1451,1452,1484,7825,7896,7962
fb-2-5-16-3:1451,7721,1452,1484,7825,7870,7871,7896,7962
fb-2-5-16-4:1451,1452,1484,7825,7896,7962
fb-2-5-17:1451,1,1452,3,7962
fb-2-5-17-2:1451,1,1452,3,7962
fb-2-5-17-3:1451,1,1452,3,7962
fb-2-5-17-4:1451,1,1452,3,7962
fb-2-5-17-1:1451,1,1452,3,7962
fb-2-5-18:1451,1452,7738,7744,7962
fb-2-5-19:1451,1452,7767,7768,7962
fb-2-5-20:1451,1452,7769,7770,1484,7962
fb-2-5-37:1451,1452,7808,7962
fb-2-5-21:1451,1,7703,1452,7772,3,7962
fb-2-5-22:1451,1,1452,3,7962
fb-2-5-22-1:1451,1,1452,3,7962
fb-2-5-22-2:1451,1,1452,3,7962
fb-2-5-22-3:1451,1,1452,3,7962
fb-2-5-38:1451,1452,7808,7962
fb-2-5-23:1451,1452,7815,7962
fb-2-5-39:1451,1452,7808,7962
fb-2-5-24:1451,1,1452,7786,7835,7836,3,7962
fb-2-5-25:1451,1452,7850,7962
fb-2-5-26:1451,1452,7851,7852,7962
fb-2-5-27:1451,1452,7760,7962
fb-2-5-27-2:1451,1452,7760,7962
fb-2-5-27-4:1451,1452,7760,7962
fb-2-5-27-3:1451,1452,7760,7962
fb-2-5-27-1:1451,1452,7760,7962
fb-2-5-40:1451,1452,7808,7962
fb-2-5-28:1451,1452,7752,7805,7962
fb-2-5-28-1:1451,1452,7752,7805,7962
fb-2-5-28-2:1451,1452,7752,7805,7962
fb-2-5-29:1451,1452,7757,7962
fb-2-5-29-2:1451,1452,7757,7962
fb-2-5-29-4:1451,1452,7757,7962
fb-2-5-29-5:1451,1452,7757,7962
fb-2-5-29-1:1451,1452,7757,7962
fb-2-5-29-3:1451,1452,7757,7962
fb-2-5-30:1451,1452,7962
fb-2-5-30-6:1451,1452,7962
fb-2-5-30-5:1451,1452,7962
fb-2-5-30-1:1451,1452,7962,7966,7967
fb-2-5-30-2:1451,7613,1452,7807,7962
fb-2-5-30-3:1451,1452,7962
fb-2-5-30-3-3:1451,1452,7962
fb-2-5-30-3-1:1451,1452,7962
fb-2-5-30-3-2:1451,1452,7962
fb-2-5-30-4:1451,1452,7962,7973
fb-2-5-30-4-2:1451,1452,7962,7973
fb-2-5-30-4-3:1451,1452,7962,7973
fb-2-5-30-4-1:1451,1452,7962,7973
fb-2-5-31:1451,1452,7962
fb-2-5-32:1451,7707,1452,7962
fb-2-5-33:1451,1452,1978,1488,7785,7787,7822,7962
fb-2-5-34:1451,1452,7762,7962,1489
fb-2-5-35:1451,1452,7962
fb-2-5-36:1451,1452,1978,7962,8002
fb-2-5-36-1:1451,1452,1978,7962,8002
fb-2-5-36-2:1451,1452,1978,7962,8002
fb-2-5-36-3:1451,1452,1978,7962,8002
fb-2-6:1451,7633,1452,7847,7962
fb-2-6-1:1451,7633,1452,7753,7962
fb-2-6-1-5:1451,7633,1452,7753,7962
fb-2-6-1-7:1451,7633,1452,7753,7962
fb-2-6-1-6:1451,7633,1452,7753,7962
fb-2-6-1-1:1451,7633,1452,7753,7962
fb-2-6-1-2:1451,7633,1452,7753,1978,7962
fb-2-6-1-3:1451,7633,7648,1452,7753,7845,7962
fb-2-6-1-4:1451,7633,1452,7753,7962
fb-2-6-2:1451,7633,7675,7676,2364,1452,7962
fb-2-6-3:1451,7633,1490,1452,1479,7962
fb-2-6-4:1451,7633,7725,1452,1479,7962
fb-2-6-5:1451,7633,7717,7720,1452,1479,7962
fb-2-6-5-6:1451,7633,7717,7720,1452,1479,7962
fb-2-6-5-5:1451,7633,7717,7720,1452,1479,7962
fb-2-6-5-4:1451,7633,7717,7720,1452,1479,7962
fb-2-6-5-1:1451,7633,7717,7720,1452,1479,7962
fb-2-6-5-7:1451,7633,7717,7720,1452,1479,7962
fb-2-6-5-8:1451,7633,7717,7720,1452,1479,7962
fb-2-6-5-9:1451,7633,7717,7720,1452,1479,7962
fb-2-6-5-3:1451,7633,7717,7720,1452,1479,7962
fb-2-6-5-2:1451,7633,7717,7720,7729,1452,1479,7962
fb-2-6-10:1451,7633,1452,7847,7962
fb-2-6-9:1451,7633,1452,7847,7962
fb-2-6-6:1451,7633,1452,1479,7947,7962
fb-2-6-7:1451,7633,1452,1479,7962,7996,7997
fb-2-6-8:1451,7633,1452,1479,1458,7962,8003
fb-2-7:1451,1452,7951,7962
fb-2-7-1:1451,1452,7951,7962
fb-2-7-2:1451,1452,7951,7962
fb-2-7-3:1451,7718,7719,1452,1458,7951,7962
fb-2-7-11:1451,1452,7951,7962
fb-2-7-12:1451,1452,7951,7962
fb-2-7-4:1451,1452,7951,7962
fb-2-7-5:1451,1452,7804,7951,7962
fb-2-7-6:1451,1452,1458,7813,7951,7952,7962
fb-2-7-7:1451,1452,7856,1491,7951,7962,7971
fb-2-7-13:1451,1452,7951,7962
fb-2-7-8:1451,1452,7951,7962
fb-2-7-9:1451,1452,7951,7962,7977
fb-2-7-10:1451,1452,7951,7962
fb-2-8:1451,1,1452,7771,3,7962
fb-2-8-1:1451,1,1452,7771,3,7962
fb-2-8-2:1451,1,1452,7771,3,7962
fb-2-9:1451,1452,1458,7962
fb-2-9-5:1451,1452,1458,7962
fb-2-9-4:1451,1452,1458,7962
fb-2-9-1:1451,1452,7962
fb-2-9-1-1:1451,1452,7962
fb-2-9-1-2:1451,1452,7962
fb-2-9-1-3:1451,1452,7806,7962
fb-2-9-1-7:1451,1452,7962
fb-2-9-1-6:1451,1452,7962
fb-2-9-1-4:1451,1452,7962
fb-2-9-1-5:1451,1452,7962
fb-2-9-2:1451,1452,7962
fb-2-9-2-5:1451,1452,7962
fb-2-9-2-1:1451,1452,7962
fb-2-9-2-6:1451,1452,7962
fb-2-9-2-2:1451,1452,7962
fb-2-9-2-3:1451,1452,7962
fb-2-9-2-4:1451,1452,7962
fb-2-9-3:1451,1795,1452,7962
fb-2-10:1451,1452,7773,1978,7962
fb-2-10-1:1451,1452,7863,7962
fb-2-10-1-1:1451,1452,7863,7962
fb-2-10-1-2:1451,1452,7863,7962
fb-2-10-2:1451,7728,1452,7962
fb-2-10-2-5:1451,7728,1452,7962
fb-2-10-2-1:1451,7728,1452,7962
fb-2-10-2-2:1451,7728,1452,7962
fb-2-10-2-6:1451,7728,1452,7962
fb-2-10-2-4:1451,7728,1452,7962
fb-2-10-2-3:1451,7728,1452,7962
fb-2-10-3:1451,1452,7962
fb-2-10-4:1451,1452,5181,7779,7962
fb-2-10-4-2:1451,1452,5181,7779,7962
fb-2-10-4-1:1451,1452,5181,7779,7962
fb-2-10-5:1451,1452,7962
fb-2-10-6:1451,1452,1492,7962
fb-2-10-7:1451,1452,1978,7776,7777,7915,7962
fb-2-10-7-1:1451,7614,1452,1978,7777,7962,7979
fb-2-10-7-2:1451,7617,1452,1978,7777,7962
fb-2-10-7-3:1451,7618,1452,1978,7777,7962
fb-2-10-7-4:1451,1452,1978,7777,7962
fb-2-10-7-5:1451,7621,1452,1978,7777,7962
fb-2-10-7-6:1451,7632,1452,1978,7777,7962
fb-2-10-7-6-1:1451,7632,1452,1978,7777,7962
fb-2-10-7-6-4:1451,7632,1452,1978,7777,7962
fb-2-10-7-6-6:1451,7632,1452,1978,7777,7962
fb-2-10-7-6-5:1451,7632,1452,1978,7777,7962
fb-2-10-7-6-3:1451,7632,1452,1978,7777,7962
fb-2-10-7-6-2:1451,7632,1452,1978,7777,7962
fb-2-10-7-6-7:1451,7632,1452,1978,7777,7962
fb-2-10-7-7:1451,1452,1978,7777,7962
fb-2-10-7-8:1451,1452,1978,7777,7962
fb-2-10-7-9:1451,7678,1452,1978,7777,7962
fb-2-10-7-10:1451,1452,1978,7777,7932,7962
fb-2-10-7-10-9:1451,1452,1978,7777,7932,7962
fb-2-10-7-10-1:1451,1452,1978,7777,7932,7962
fb-2-10-7-10-2:1451,1452,1978,7777,7821,7932,7962
fb-2-10-7-10-3:1451,1452,1978,7777,7827,7932,7962
fb-2-10-7-10-4:1451,1452,1978,7777,7932,7962
fb-2-10-7-10-5:1451,1452,1978,7777,7829,7932,7962
fb-2-10-7-10-8:1451,1452,1978,7777,7932,7962
fb-2-10-7-10-6:1451,1452,1978,7777,7932,7962
fb-2-10-7-10-11:1451,1452,1978,7777,7932,7962
fb-2-10-7-10-7:1451,1452,1978,7777,7932,7962
fb-2-10-7-10-10:1451,1452,1978,7777,7932,7962
fb-2-10-7-11:1451,7694,7695,7697,1452,1978,7777,7962
fb-2-10-7-12:1451,7730,1452,1978,7777,7962
fb-2-10-7-46:1451,1452,1978,7776,7777,7915,7962
fb-2-10-7-13:1451,1452,7754,1978,7777,7962
fb-2-10-7-14:1451,1452,7759,1978,7777,7962
fb-2-10-7-15:1451,1452,1978,7777,7778,7962
fb-2-10-7-16:1451,1452,1978,7777,7962
fb-2-10-7-17:1451,1452,1978,7777,7795,7796,7962
fb-2-10-7-18:1451,1452,1978,7777,7962
fb-2-10-7-44:1451,1452,1978,7776,7777,7915,7962
fb-2-10-7-19:1451,1452,1978,7777,7818,7900,7962
fb-2-10-7-20:1451,1452,1978,7777,7830,7962
fb-2-10-7-21:1451,1452,1978,7777,7831,7962
fb-2-10-7-22:1451,1452,1978,7777,7832,7933,7962
fb-2-10-7-23:1451,1452,1978,7777,7962
fb-2-10-7-24:1451,1452,1978,7777,7962
fb-2-10-7-25:1451,1452,1978,7777,7834,7962
fb-2-10-7-26:1451,1452,7766,1978,7777,7843,7962
fb-2-10-7-27:1451,1452,1978,7777,7864,7962
fb-2-10-7-28:1451,1452,1978,7777,7867,7962
fb-2-10-7-29:1451,1452,1978,7777,7873,7962
fb-2-10-7-30:1451,1452,1978,7777,7876,7962
fb-2-10-7-31:1451,1452,1978,7777,7877,7962
fb-2-10-7-32:1451,1452,1978,7777,7962
fb-2-10-7-33:1451,1452,1978,7777,7880,7962
fb-2-10-7-45:1451,1452,1978,7776,7777,7915,7962
fb-2-10-7-34:1451,1452,1978,7777,7883,7884,7962
fb-2-10-7-35:1451,1452,1978,7777,7904,7962
fb-2-10-7-36:1451,1452,1978,7777,7962
fb-2-10-7-37:1451,1452,1978,7777,7923,7962
fb-2-10-7-38:1451,1452,1978,7777,7924,7962
fb-2-10-7-39:1451,1452,1978,7777,7962
fb-2-10-7-40:1451,1452,1978,7777,7957,7962
fb-2-10-7-41:1451,1452,1978,7777,7962
fb-2-10-7-41-1:1451,1452,1978,7777,7962
fb-2-10-7-41-2:1451,7679,1452,1978,7777,7962
fb-2-10-7-41-3:1451,1452,1978,7777,7962
fb-2-10-7-41-4:1451,1452,1978,7777,7959,7960,7961,7962
fb-2-10-7-41-5:1451,1452,1978,7777,7882,7962
fb-2-10-7-41-6:1451,1452,1978,7777,7881,7962
fb-2-10-7-42:1451,1452,1978,7777,7962
fb-2-10-7-43:1451,1452,1978,7777,7962,7976
fb-2-10-8:1451,1493,1452,1978,7962,7990
fb-2-10-8-1:1451,1493,1452,7751,1978,7962,7990
fb-2-10-8-2:1451,7615,7616,1493,1452,1978,7962,7990
fb-2-10-8-3:1451,1493,1452,1978,7962,7990
fb-2-10-8-4:1451,7628,7629,1493,1452,1978,7962,7990
fb-2-10-8-5:1451,7631,1493,1452,1978,7962,7990
fb-2-10-8-6:1451,1493,1452,7736,1978,7962,7990
fb-2-10-8-7:1451,7641,7642,1493,1452,1978,7962,7990
fb-2-10-8-59:1451,1493,1452,1978,7962,7990
fb-2-10-8-8:1451,7643,7644,1493,1452,1978,7962,7990
fb-2-10-8-9:1451,7650,1493,1452,1978,7962,7990
fb-2-10-8-10:1451,1493,1452,1978,7962,7990
fb-2-10-8-11:1451,1493,1452,1978,7962,7990
fb-2-10-8-12:1451,7662,7663,1493,1452,1978,7962,7990
fb-2-10-8-13:1451,7668,1493,1452,1978,7962,7990
fb-2-10-8-14:1451,7669,7670,1493,1452,1978,7962,7990
fb-2-10-8-15:1451,1493,1452,1978,7962,7990
fb-2-10-8-16:1451,1493,7714,7716,1452,1978,7962,7990
fb-2-10-8-17:1451,1493,7722,1452,1978,7962,7990
fb-2-10-8-18:1451,1493,1452,7748,1978,7962,7990
fb-2-10-8-19:1451,1493,1452,7755,7756,1978,7962,7990
fb-2-10-8-20:1451,1493,1452,1978,7962,7990
fb-2-10-8-21:1451,1493,1452,1978,7962,7990
fb-2-10-8-22:1451,1493,1452,1978,7962,7990
fb-2-10-8-23:1451,1493,1452,1978,7783,7784,7962,7990
fb-2-10-8-24:1451,1493,1452,1978,7789,7790,7962,7990
fb-2-10-8-25:1451,1493,1452,1978,7791,7962,7990
fb-2-10-8-26:1451,1493,7723,1452,1978,7793,7902,7962,7990
fb-2-10-8-26-1:1451,1493,7723,1452,1978,7793,7794,7798,7902,7962,7990
fb-2-10-8-26-2:1451,1493,7723,1452,1978,7793,7902,7962,7990
fb-2-10-8-26-3:1451,7635,1493,7723,1452,1978,7793,7902,7962,7990
fb-2-10-8-26-17:1451,1493,7723,1452,1978,7793,7902,7962,7990
fb-2-10-8-26-4:1451,7673,1493,7723,1452,1978,7793,7902,7962,7990
fb-2-10-8-26-5:1451,7681,1493,7723,1452,1978,7793,7902,7962,7990
fb-2-10-8-26-6:1451,7684,1493,7723,1452,1978,7793,7902,7962,7990
fb-2-10-8-26-18:1451,1493,7723,1452,1978,7793,7902,7962,7990
fb-2-10-8-26-16:1451,1493,7723,1452,1978,7793,7902,7962,7990
fb-2-10-8-26-13:1451,1493,7723,1452,1978,7793,7902,7962,7990
fb-2-10-8-26-7:1451,1493,7723,1452,1978,7793,7817,7902,7962,7990
fb-2-10-8-26-8:1451,1493,7723,1452,1978,7793,7828,7902,7962,7990
fb-2-10-8-26-14:1451,1493,7723,1452,1978,7793,7902,7962,7990
fb-2-10-8-26-15:1451,1493,7723,1452,1978,7793,7902,7962,7990
fb-2-10-8-26-9:1451,1493,7723,1452,1978,7793,7902,7962,7990
fb-2-10-8-26-10:1451,1493,7723,1452,1978,7793,7823,7902,7962,7990
fb-2-10-8-26-11:1451,1493,7723,1452,1978,7793,7902,7949,7950,7962,7990
fb-2-10-8-26-12:1451,1493,7723,1452,1978,7793,7902,7962,7990
fb-2-10-8-27:1451,1493,1452,1978,7909,7919,7962,7990
fb-2-10-8-28:1451,1493,1452,1978,7962,7990
fb-2-10-8-29:1451,1493,1452,1978,7819,7962,7990
fb-2-10-8-30:1451,1493,1452,1978,7826,7962,7990
fb-2-10-8-31:1451,1493,1452,1978,7962,7990
fb-2-10-8-32:1451,1493,1452,1978,7833,7962,7990
fb-2-10-8-33:1451,1493,1452,1978,7854,7962,7990
fb-2-10-8-34:1451,1493,1452,1978,7859,7962,7990
fb-2-10-8-35:1451,1493,1452,1978,7861,7962,7990
fb-2-10-8-36:1451,1493,1452,1978,7865,7962,7990
fb-2-10-8-37:1451,1493,1452,1978,7866,7962,7990
fb-2-10-8-38:1451,1493,1452,1978,7962,7990
fb-2-10-8-39:1451,1493,1452,1978,7962,7990
fb-2-10-8-40:1451,1493,1452,1978,7887,7888,7889,7962,7990
fb-2-10-8-41:1451,1493,1452,1978,7906,7962,7990
fb-2-10-8-42:1451,1493,1452,1978,7911,7962,7990
fb-2-10-8-43:1451,1493,1452,1978,7938,7962,7990
fb-2-10-8-44:1451,1493,1452,1978,7953,7962,7990
fb-2-10-8-45:1451,1493,1452,1978,7954,7962,7990
fb-2-10-8-46:1451,1493,1452,1978,7962,7964,7990
fb-2-10-8-47:1451,1493,1452,1978,7962,7968,7990
fb-2-10-8-48:1451,1493,1452,1978,7962,7970,7990
fb-2-10-8-49:1451,1493,1452,1978,7962,7975,7990
fb-2-10-8-50:1451,1493,1452,1978,7962,7978,7990
fb-2-10-8-51:1451,1493,1452,1978,7962,7990
fb-2-10-8-52:1451,1493,1452,1978,7962,7988,7990
fb-2-10-8-52-1:1451,1493,1452,1978,7962,7988,7990
fb-2-10-8-52-2:1451,1493,1452,1978,7962,7988,7990
fb-2-10-8-53:1451,1493,1452,1978,7962,7990
fb-2-10-8-54:1451,1493,1452,1978,7892,7962,7990
fb-2-10-8-55:1451,1493,1452,1978,7901,7962,7990,7994
fb-2-10-8-56:1451,1493,1452,1978,7962,7990
fb-2-10-8-57:1451,1493,1452,1978,7962,7990,8001
fb-2-10-8-58:1451,7666,1493,1452,1978,7962,7990
fb-2-10-9:1451,1452,7962
fb-2-10-10:1451,1452,7773,1978,7962
fb-2-11:1451,1452,7792,7912,7962
fb-2-11-1:1451,1452,7962
fb-2-11-2:1451,1452,7962
fb-2-11-3:1451,7645,7646,1452,7962
fb-2-11-14:1451,1452,7792,7912,7962
fb-2-11-4:1451,7672,1452,1458,7962
fb-2-11-4-1:1451,7672,1452,1458,7962
fb-2-11-4-2:1451,7672,1452,1458,7962
fb-2-11-4-3:1451,7672,1452,1458,7962
fb-2-11-15:1451,1452,7792,7912,7962
fb-2-11-5:1451,1452,7962
fb-2-11-13:1451,1452,7792,7912,7962
fb-2-11-17:1451,1452,7792,7912,7962
fb-2-11-6:1451,1452,7848,7849,7962
fb-2-11-7:1451,1452,1458,7962
fb-2-11-7-7:1451,1452,1458,7962
fb-2-11-7-6:1451,1452,1458,7962
fb-2-11-7-1:1451,1452,1458,7962
fb-2-11-7-4:1451,1452,1458,7962
fb-2-11-7-2:1451,1452,1458,7962
fb-2-11-7-3:1451,1452,1458,7962
fb-2-11-7-5:1451,1452,1458,7962
fb-2-11-12:1451,1452,7962
fb-2-11-8:1451,1452,7905,7962
fb-2-11-9:1451,1452,7913,7914,7962
fb-2-11-10:1451,1452,7962
fb-2-11-16:1451,1452,7792,7912,7962
fb-2-11-18:1451,1452,7792,7912,7962
fb-2-11-11:1451,1452,3416,7962,7995
fb-2-12:1451,1452,7962
fb-2-12-1:1451,1452,7741,7743,7745,7746,7962
fb-2-12-1-1:1451,1452,7743,7746,7747,7962
fb-2-12-1-5:1451,1452,7741,7743,7745,7746,7962
fb-2-12-1-2:1451,1452,7737,7740,7743,7746,1978,7962
fb-2-12-1-6:1451,1452,7741,7743,7745,7746,7962
fb-2-12-1-3:1451,1452,7743,7746,7962
fb-2-12-1-4:1451,1452,7739,7742,7743,7746,7749,7962
fb-2-12-2:1451,7612,1452,1978,7840,7841,7962
fb-2-12-2-1:1451,7612,7658,1494,1452,7840,7962
fb-2-12-2-2:1451,7612,7636,1493,1495,1452,1978,7840,7842,7962
fb-2-12-2-2-1:1451,7612,7636,7667,1493,1495,1452,1978,1496,7840,7842,7907,7962
fb-2-12-2-2-8:1451,7612,7636,1493,1495,1452,1978,1496,7840,7842,7962
fb-2-12-2-2-2:1451,7612,7636,1493,1495,1452,1978,1496,7840,7842,7962
fb-2-12-2-2-6:1451,7612,7636,1493,1495,1452,1978,1496,7840,7842,7962
fb-2-12-2-2-3:1451,7612,7636,1493,1495,1452,1978,1496,7840,7842,7962
fb-2-12-2-2-4:1451,7612,7636,1493,1495,1452,7750,1978,1496,7840,7842,7962
fb-2-12-2-2-5:1451,7612,7636,1493,1495,1452,1978,1496,7840,7842,7962
fb-2-12-2-2-5-1:1451,7612,7636,1493,7713,1495,1452,1978,1496,7840,7842,7942,7962
fb-2-12-2-2-5-2:1451,7612,7636,1493,1495,1452,1978,1496,7840,7842,7962
fb-2-12-2-2-7:1451,7612,7636,1493,1495,1452,1978,1496,7840,7842,7962
fb-2-12-2-3:1451,7612,7732,1452,1978,7840,7962
fb-2-12-2-3-2:1451,7612,7732,1452,1978,7840,7962
fb-2-12-2-3-3:1451,7612,7732,1452,1978,7840,7962
fb-2-12-2-3-1:1451,7612,7732,1452,1978,7840,7962
fb-2-12-3:1451,1452,7928,7929,7930,7962
fb-2-12-3-1:1451,1452,7797,7930,1497,7962
fb-2-12-3-3:1451,1452,7928,7929,7930,1497,7962
fb-2-12-3-2:1451,1493,1495,1452,1978,7930,1497,7962
fb-2-12-3-4:1451,1452,7928,7929,7930,1497,7962
fb-2-13:1451,1452,1508,3101,7922,7939,7962
fb-2-14:1451,1452,1978,1498,7962
fb-2-15:1451,1452,1978,1499,7838,7962
fb-2-15-1:1451,1452,1978,1499,7838,7934,7962
fb-2-15-1-1:1451,1452,1978,1499,7838,7934,7962
fb-2-15-1-3:1451,1452,1978,1499,7838,7934,7962
fb-2-15-1-2:1451,1452,1978,1499,7838,7934,7962
fb-2-15-3:1451,1452,1978,1499,7838,7962
fb-2-15-2:1451,1452,1978,1499,7838,7839,7962
fb-2-16:1451,1452,1978,7931,7962
fb-2-16-8:1451,1452,1978,7931,7962
fb-2-16-9:1451,1452,1978,7931,7962
fb-2-16-6:1451,1452,1978,7931,7962
fb-2-16-1:1451,1452,1978,5686,5682,7962
fb-2-16-2:1451,1452,7962
fb-2-16-3:1451,1452,1978,7875,7962
fb-2-16-5:1451,1452,1458,7962
fb-2-16-7:1451,1452,1978,7931,7962
fb-2-16-4:1451,1452,7812,7962
fb-2-17:1451,1452,1458,1978,7962
fb-2-17-1:1451,7640,1452,7962
fb-2-17-2:1451,7622,7623,1452,5135,7962
fb-2-17-2-1:1451,7622,7623,7671,7689,1452,1458,5135,7962
fb-2-17-2-3:1451,7622,7623,1452,5135,7962
fb-2-17-2-2:1451,7622,7623,1452,5135,7962
fb-2-17-2-4:1451,7622,7623,1452,5135,7962
fb-2-17-3:1451,7677,1452,7962
fb-2-17-4:1451,7682,1452,1458,7962
fb-2-17-5:1451,1452,1458,7962
fb-2-17-6:1451,1452,1458,7962
fb-2-17-7:1451,1452,7780,7944,7962
fb-2-17-7-3:1451,1452,7780,7944,7962
fb-2-17-7-1:1451,1452,7780,7944,7962
fb-2-17-7-2:1451,1452,7780,7944,7962
fb-2-17-8:1451,1452,7814,1500,7962
fb-2-17-8-1:1451,1452,7814,1500,7962
fb-2-17-8-2:1451,1452,7814,1500,7962
fb-2-17-22:1451,1452,1458,1978,7962
fb-2-17-9:1451,1452,7885,6085,7962
fb-2-17-9-1:1451,1452,7885,6085,7962
fb-2-17-9-3:1451,1452,7885,6085,7962
fb-2-17-9-4:1451,1452,7885,6085,7962
fb-2-17-9-2:1451,1452,7885,6085,7962
fb-2-17-10:1451,1452,7886,7962
fb-2-17-11:1451,1452,1458,7894,7895,7962
fb-2-17-12:1451,1452,1458,7788,7962
fb-2-17-12-2:1451,1452,1458,7788,7962
fb-2-17-12-1:1451,1452,1458,7788,7962
fb-2-17-19:1451,1452,1458,1978,7962
fb-2-17-13:1451,1452,1458,7962
fb-2-17-20:1451,1452,1458,1978,7962
fb-2-17-14:1451,1452,7921,7962
fb-2-17-21:1451,1452,1458,1978,7962
fb-2-17-15:1451,1452,1458,7945,7962
fb-2-17-16:1451,1452,1458,7962
fb-2-17-17:1451,1452,1458,7962
fb-2-17-17-2:1451,1452,1458,7962
fb-2-17-17-3:1451,1452,1458,7962
fb-2-17-17-1:1451,1452,1458,7962
fb-2-17-18:1451,1452,7943,7962
fb-2-17-18-4:1451,1452,7943,7962
fb-2-17-18-1:1451,1452,7943,7962
fb-2-17-18-3:1451,1452,7943,7962
fb-2-17-18-2:1451,1452,7943,7962
fb-2-18:1451,1452,7946,7962
fb-2-19:1451,1452,7962
fb-2-19-1:1451,7674,1452,7897,7962
fb-2-19-8:1451,1452,7962
fb-2-19-2:1451,1452,7891,7898,7962
fb-2-19-2-2:1451,1452,7891,7898,7962
fb-2-19-2-3:1451,1452,7891,7898,7962
fb-2-19-2-5:1451,1452,7891,7898,7962
fb-2-19-2-4:1451,1452,7891,7898,7962
fb-2-19-2-1:1451,1452,7891,7898,7962
fb-2-19-9:1451,1452,7962
fb-2-19-3:1451,1452,7962
fb-2-19-7:1451,1452,7962
fb-2-19-4:1451,1452,7962
fb-2-19-6:1451,1452,7962
fb-2-19-5:1451,1452,7962,7985
fb-2-19-5-4:1451,1452,7962,7985
fb-2-19-5-2:1451,1452,7962,7985
fb-2-19-5-3:1451,1452,7962,7985
fb-2-19-5-1:1451,1452,7962,7985
fb-2-19-10:1451,1452,7962
fb-3-2:7680,7963,1501
fb-3-3:7686,7687,7688,1501
fb-3-4:1502,7685
fb-3-5:7982,7983,7984,1501
fb-3-5-3:7982,7983,7984,1501
fb-3-5-1:7982,7983,7984,1501
fb-3-5-5:7982,7983,7984,1501
fb-3-5-4:7982,7983,7984,1501
fb-3-5-2:7982,7983,7984,1501
fb-3-10:7963
fb-3-8:7647,1,3,7916,7917,7918
fb-3-8-1:7647,1,3,7916,7917,7918
fb-3-8-3:7647,1,3,7916,7917,7918
fb-3-11:7686,1,3
fb-3-6:1,7705,3,1503,7958,1501
fb-3-6-1:1,7705,3,1503,7958,1501
fb-3-6-4:1,7705,3,1503,7958,1501
fb-3-6-3:1,7705,3,1503,7958,1501
fb-3-6-2:1,7705,3,1503,7958,1501
fb-3-9:7963,7983,1501
fb-3-7:1509,7701,7702,1,1510,1506,3,1511
fb-3-7-1:1,1506,1507,7855,3,1512
fb-3-7-2:1509,1,1510,1506,3,1511
fb-3-7-6:1509,7701,7702,1,1510,1506,3,1511
fb-3-7-4:1509,1,1510,1506,3,1511
fb-3-7-5:1509,7701,7702,1,1510,1506,3,1511
fb-3-7-7:1509,7701,7702,1,1510,1506,3,1511
fb-3-7-3:1682,1571,7664,1509,1,7706,1510,1506,7799,3,1511
fb-3-7-3-3:1682,1571,7664,1509,1,7706,1510,1506,7799,3,1511
fb-3-7-3-1:1682,1571,7664,1509,1,7706,1510,1506,7799,3,1511
fr:2336,1,3
fr-1:12755,2336,1,2786,3
fr-1-1:3318,1,3102,2786,3
fr-1-2:6870,1,4,3
fr-1-2-2:6870,1,4,3
fr-1-2-4:6870,1,4,3
fr-1-2-1:6870,1,4,3
fr-1-2-5:6870,1,4,3
fr-1-2-6:6870,1,4,3
fr-1-2-3:6870,1,4,3
fr-1-3:30,3103,1,2786,3
fr-1-3-12:30,3103,1,2786,3
fr-1-3-1:30,3103,1,2786,3
fr-1-3-2:30,3103,1,2786,3
fr-1-3-3:30,1,3104,2786,3,6960
fr-1-3-5:30,3103,1,2786,3
fr-1-3-6:30,3103,1,6897,2786,3
fr-1-3-7:30,3103,1,2786,3
fr-1-3-8:30,3103,1,2786,3
fr-1-3-10:30,3103,1,2786,3
fr-1-3-11:30,3103,1,2786,3,6970
fr-1-4:30,3103,1,2786,3
fr-1-5:1,6892,6898,4,3
fr-1-5-1:1,2777,3
fr-1-5-1-1:1,2777,6930,3
fr-1-5-1-2:1,2777,3,6948
fr-1-5-1-3:1,2777,3
fr-1-5-1-4:1,6899,2777,3
fr-1-5-1-5:1,2777,3
fr-1-5-1-6:1,2777,3
fr-1-5-2:1,6894,6900,4,3
fr-1-5-4:1,6892,6898,4,3
fr-1-5-3:1,6892,6898,4,3
fr-1-6:1,6895,3104,2786,3
fr-1-6-4:1,2786,3,3104
fr-1-6-5:1,2786,3,3104
fr-1-6-6:1,2786,6924,3,3104
fr-1-6-7:1,3104,2786,3
fr-1-6-9:1,2786,3,3104
fr-1-6-10:1,3104,2786,3
fr-1-6-11:1,2786,3,3104
fr-1-6-12:1,3104,2786,3
fr-1-7:1,4,3
fr-1-7-1:1,4,3
fr-1-7-4:1,4,3
fr-1-7-2:1,4,3
fr-1-7-3:1,4,3
fr-1-8:3107,1,2786,3
fr-1-8-2:3107,1,3,2797
fr-1-8-3:3107,1,6896,3,2797
fr-1-8-6:3107,1,2786,3,2797
fr-1-8-4:3107,1,3,2797
fr-1-8-5:3107,1,3,2797
fr-1-10:1,2786,3
fr-1-11:1,2786,3
fr-1-9:1,3,2797
fr-1-12:1,2786,3
fr-1-13:1,2786,3
fr-2:12755,1259,2336,1,4,3
fr-2-1:1259,1,6891,1259,3
fr-2-1-2:1259,1,6891,1259,3
fr-2-1-1:1259,1,6891,1259,3
fr-2-1-3:1259,1,6891,1259,3
fr-2-1-4:1259,1,6891,1259,3
fr-2-1-5:1259,1,6891,1259,3
fr-2-2:6872,3108,1259,6877,1,1259,2786,6917,3
fr-2-2-1:6862,6872,3108,1259,1,1259,6917,6918,4,3
fr-2-2-2:6872,3108,1259,6878,6879,1,1259,2786,6917,2914,3,6968,5685
fr-2-2-3:6872,3108,1259,1,1259,2786,6917,3,6972
fr-2-2-4:6872,3108,1259,1,1259,2786,6917,3
fr-2-2-5:6872,3108,1259,1,1259,2786,6917,3
fr-2-2-6:6871,6872,3108,1259,1,1259,2786,6917,3
fr-2-2-7:6872,3108,1259,1,1259,2786,6917,3
fr-2-2-8:6859,6872,3108,1259,1,1259,2786,6917,6933,2914,3,5685
fr-2-2-9:6872,3108,1259,1,1259,2786,6917,3
fr-2-2-10:6872,3108,1259,1,1259,6913,2786,6917,3
fr-2-2-11:6872,3108,1259,1,1259,2786,6917,2914,3,5685
fr-2-2-12:6872,3108,1259,1,1259,2786,6917,3
fr-2-2-13:6872,3108,1259,1,1259,2786,6917,3
fr-2-2-14:6872,3108,1259,1,1259,2786,6917,3,6971
fr-2-2-15:6872,3108,1259,1,1259,2786,6917,6921,6929,3
fr-2-2-16:6872,3108,1259,1,1259,6917,4,3,6975
fr-2-3:6908,6909,2786
fr-2-4:1,2786,3
fr-2-5:1259,1514,1,2895,3,6912,1,2786,3,1,1515,3
fr-2-5-1:6861,1682,1571,1259,1514,1,2895,3,6912,1,2786,3,2914,6935,1,1515,3,5685
fr-2-5-2:1259,6876,1514,1,2895,3,6912,1,2786,3,1,1515,3
fr-2-5-3:1259,1514,1,2895,3,6912,1,2786,3,1,1515,3
fr-2-5-4:1259,1514,1,2895,3,6912,1,2786,3,1,1515,3
fr-2-5-5:1259,1514,1,6911,2895,3,6912,1,2786,3,1,1515,3
fr-2-5-7:6868,6869,1259,1514,1,2895,3,6912,1,2786,3,1,1515,3
fr-2-5-8:1259,1514,1,2895,3,6912,1,2786,3,1,1515,3
fr-2-5-9:1259,1514,1,2895,3,6912,1,2786,3,1,1515,3
fr-2-6:1259,6890,1,1514,3109,6936,3
fr-2-6-8:1259,6890,1,1514,3109,6936,3
fr-2-6-1:1259,1,1514,3109,3,6952
fr-2-6-2:1259,1,1514,3109,3
fr-2-6-9:1259,6890,1,1514,3109,6936,3
fr-2-6-3:1259,1,1514,6919,3109,3
fr-2-6-4:1259,1,1514,6925,6926,3109,3
fr-2-6-5:1259,1,1514,3109,6937,3,6962
fr-2-6-6:1259,1,1514,3109,3
fr-2-6-7:1259,1,1514,3109,3,6973,6974
fr-3:12755,1,2786,3
fr-3-4:1,2786,3
fr-3-1:1,2786,3,1518,1,2797,3
fr-3-1-1:1,2786,3,1,6955,3,1518,1,3
fr-3-1-2:1,2786,3,1518,1,2797,3
fr-3-1-3:6867,1,2786,3,1518,1,2797,3
fr-3-1-4:6875,1,2786,3,1518,1,2797,3
fr-3-1-5:1,2786,3,1518,1,2797,3
fr-3-1-6:1,2786,3,1518,1,2797,3
fr-3-1-7:1,2786,3,6927,2914,1518,1,2797,3,5685
fr-3-1-8:1,2786,3,1518,1,2797,3
fr-3-1-9:1,2786,3,1518,1,2797,3
fr-3-1-10:1,2786,3,1518,1,2797,3
fr-3-1-11:1,2786,3,1518,1,2797,3
fr-3-1-13:1,2786,3,1518,1,2797,3
fr-3-1-14:1,2786,3,2914,1518,1,2797,3,5685
fr-3-1-15:1,2786,3,2914,1518,1,2797,3,5685
fr-3-2:1,2786,3
fr-3-2-1:1,2786,3
fr-3-2-2:1,2786,3
fr-3-2-3:1,2786,3
fr-3-2-4:1,2786,3
fr-3-2-5:1,2786,2914,3,5685
fr-3-2-6:1,2786,3
fr-3-2-7:1,2786,3
fr-3-2-8:1,2786,3
fr-3-2-9:1,2786,3
fr-3-2-10:1,2786,6932,3
fr-3-2-12:1,2786,2914,6041,3,5685
fr-3-2-13:1,2786,3
fr-3-2-14:1,2786,3
fr-3-3:1,2786,3
fr-4:12755,1,2786,3
fr-4-1:1,2786,3
fr-4-1-18:1,2786,3
fr-4-1-1:1,2786,3
fr-4-1-2:1,2786,3
fr-4-1-3:1,2786,2914,3,5685
fr-4-1-4:1,2786,3
fr-4-1-5:1,2786,3
fr-4-1-6:1,2786,3
fr-4-1-7:1,2786,3
fr-4-1-8:1,2786,3
fr-4-1-9:1,2786,3
fr-4-1-10:1,2786,3
fr-4-1-11:1,2786,3
fr-4-1-12:1,2786,3
fr-4-1-13:1,2786,3
fr-4-1-14:1,2786,3
fr-4-1-15:1,2786,6939,3
fr-4-1-17:1,2786,3
fr-4-1-16:1,2786,3
fr-4-2:1,1520,3,1521,1,2786,3,3102,1,2786,3
fr-4-3:1,2786,3
fr-4-3-1:1,2786,3
fr-4-3-2:1,2786,2914,3,5685
fr-4-3-3:1,2786,3
fr-4-3-4:6866,1,2786,3
fr-4-3-5:1,2786,3
fr-4-3-6:1,2786,3
fr-4-3-7:1,2786,3
fr-4-3-8:1,2786,3
fr-4-3-9:1,2786,3
fr-4-3-10:1,2786,3
fr-4-3-11:1,2786,3
fr-4-3-12:1,2786,3
fr-4-3-13:1,2786,3
fr-4-3-14:1,2786,3
fr-4-17:1,3102,2786,3
fr-4-17-1:2798,1,3102,3
fr-4-17-2:1,3102,4,3,6969
fr-4-17-3:1,3102,2786,3
fr-4-17-4:1,3102,2786,3
fr-4-17-7:1,3102,2786,3
fr-4-17-5:1,3102,2786,3
fr-4-17-6:1,3102,2786,3
fr-4-4:1,3102,2786,3
fr-4-4-7:1,3102,2786,3
fr-4-4-8:1,3102,2786,3
fr-4-4-9:6888,1,3102,2786,3
fr-4-5:1,6902,2786,3
fr-4-6:1,2786,3
fr-4-7:1,2786,6923,3
fr-4-8:6880,1,2786,3
fr-4-8-1:1,2786,3
fr-4-8-2:1,2786,3
fr-4-8-3:6881,1,6901,2786,3
fr-4-8-4:6889,1,6903,2786,3
fr-4-8-5:1,2786,3
fr-4-8-6:1,2786,3
fr-4-8-7:1,2786,3
fr-4-8-8:1,2786,3
fr-4-8-9:1,2786,3
fr-4-8-10:1,2786,6945,3
fr-4-8-11:1,2786,3
fr-4-8-12:1,2786,3
fr-4-8-13:1,2786,3
fr-4-8-14:1,2786,3
fr-4-8-15:2786
fr-4-8-16:6865,1,5851,2786,3
fr-4-9:1,2786,3
fr-4-10:1,2786,3
fr-4-10-2:1,2786,3
fr-4-10-1:1,2786,3
fr-4-11:1,1520,3,1521,1,2786,3,3102,1,2786,3,1,2786,3
fr-4-12:1,2786,3
fr-4-12-4:1,2786,3
fr-4-12-2:1,2786,3
fr-4-12-3:1,2786,3
fr-4-12-1:1,2786,3
fr-4-13:1,2786,3
fr-4-13-4:1,2786,3
fr-4-13-1:1,2786,5146,6928,3
fr-4-13-3:1,2786,3
fr-4-13-2:1,2786,3
fr-4-14:1,2786,3
fr-4-14-1:1,2786,3,6961
fr-4-14-1-1:1,2786,3
fr-4-14-1-1-2:1,2786,3
fr-4-14-1-1-1:1,2786,3
fr-4-14-1-2:1,2786,3
fr-4-14-1-3:1,2786,3
fr-4-14-1-4:1,2786,3
fr-4-14-1-5:1,2786,3
fr-4-14-1-6:1,2786,3
fr-4-14-1-7:1,2786,3
fr-4-14-1-8:1,2786,2914,3,5685
fr-4-14-1-9:1,2786,3
fr-4-14-1-10:1,6905,2786,3
fr-4-14-1-11:1,2786,3
fr-4-14-2:1,2786,3
fr-4-14-2-1:6874,1,2786,6940,3
fr-4-14-2-3:1,2786,3
fr-4-14-2-4:1,2786,2914,3,5685
fr-4-14-2-5:1,2786,3
fr-4-14-2-6:1,2786,6021,3
fr-4-14-2-7:1,2786,3
fr-4-14-2-8:1,2786,6938,3
fr-4-15:1,2786,3
fr-4-16:1,3102,2786,3,1526
fr-5:12755,1,2786,3
fr-5-1:6884,1,2786,3
fr-5-1-1:6884,1,2786,3
fr-5-1-2:6884,1,2786,3
fr-5-1-3:6884,1,2786,3
fr-5-2:1,2786,3
fr-6:1,4,3
fr-6-3:1,4,3
fr-6-6:1,4,3
fr-6-5:1,4,3
fr-6-4:1,4,3
fr-6-2:1,4,3
fr-6-1:1,4,3
fr-6-1-3:1,4,3
fr-6-1-2:1,4,3
fr-6-1-1:1,4,3
fr-7:6864,12755,1527,2336,3049,1,4,3,1518,2797
fr-7-1:1527,3049,1,3,1518,2797
fr-7-1-1:1527,3049,1,2914,3,1518,2797,5685
fr-7-1-2:1527,3049,1,2914,3,6949,6950,1518,2797,5685
fr-7-1-3:1527,3049,1,3,1518,2797
fr-7-2:3049,1,1342,3,2797
fr-7-2-1:3049,1,1342,3,2797
fr-7-2-3:3049,1,1342,3,2797
fr-7-2-2:3049,1,1342,3,2797
fr-7-3:1527,3049,1,3,1518,2797
fr-7-3-1:1527,3049,1,3,1518,2797
fr-7-3-2:1527,3049,1,3,1518,2797
fr-7-3-3:1527,3049,1,3,1518,2797
fr-7-3-5:1527,3049,1,3,1518,2797
fr-7-4:3049,1,1528,3,1221,1563,2797
fr-7-5:1527,3049,1,3,1518,2797
fr-7-5-2:1527,3049,1,3,1518,2797
fr-7-5-4:1527,3049,1,3,1518,2797
fr-7-5-3:1527,3049,1,3,1518,2797
fr-7-5-1:1527,3049,1,3,1518,2797
fr-7-6:1527,3049,1,3,1518,2797
fr-7-6-1:1527,3049,1,2914,3,1518,2797,5685
fr-7-6-2:1527,3049,1,3,1518,2797
fr-7-7:6863,1527,3049,1,6915,6934,3,1518,2797
fr-7-8:3049,1,1530,3,1214,2797
fr-7-13:6864,1527,3049,1,3,1518,2797
fr-7-9:1527,3049,1,3,1518,2797
fr-7-9-1:1527,3049,1,3,1518,2797
fr-7-10:3049,1,3,1518,1214,2797
fr-7-10-1:3049,1,2914,3,1214,2797,5685
fr-7-10-4:1527,3049,1,3,1518,2797
fr-7-10-5:6860,1527,3049,1,2914,3,1518,2797,5685
fr-7-11:1527,3049,1,3,1518,2797
fr-7-12:1531,3049,1,6910,2786,3,6954,1518
fr-7-12-1:1531,3049,1,6910,2786,2914,3,6954,1518,5685
fr-7-12-2:1531,1527,3049,1,6910,2786,2914,3,6954,1518,5685
fr-7-12-3:1531,3049,1,6910,2786,2914,3,6954,1518,5685
fr-8:1,2786,3
fr-9:12755,1,1,2786,3,1,2786,3,4,3023,3,1,2786,3
fr-10:12755,2336,1,4,3
fr-10-1:3319,1,3102,3,73
fr-10-2:6873,1,2786,1205,3
fr-10-3:1,3102,3320,3,73
fr-10-3-2:1,3102,3320,3,73
fr-10-3-1:1,3102,3320,3,73
fr-10-4:1527,1,2786,3,6931,1518,1,2797,3
fr-11:12755,2336,1,4,3,1214
fr-11-3:1,3,1214
fr-11-1:1259,1,2786,6914,3,1214
fr-11-2:1,1514,3,1214,2797
fr-12:12755,1,4,3,1716
fr-12-1:1,2786,3,3102,6922,1,2786,3,1,2786,3,73
fr-12-1-6:1,2786,3,3102,6922,1,2786,3,1,2786,3,73
fr-12-1-1:1,2786,3,3102,6922,1,2786,3,1,2786,3,73
fr-12-1-8:1,2786,3,3102,6922,1,2786,3,1,2786,3,73
fr-12-1-4:1,2786,3,3102,6922,1,2786,3,1,2786,3,73
fr-12-1-7:1,2786,3,3102,6922,1,2786,3,1,2786,3,73
fr-12-1-5:1,2786,3,3102,6922,1,2786,3,1,2786,3,73
fr-12-1-2:1,2786,3,3102,6922,1,2786,3,1,2786,3,73
fr-12-1-3:1,2786,3,3102,6922,1,2786,3,1,2786,3,73
fr-12-2:1527,3049,1,2786,3
fr-12-3:1,6943,3
fr-12-4:1,3102,2786,3
fr-12-4-1:1,2786,3,1,2786,3
fr-12-4-2:6882,1,3102,2786,3
fr-12-5:1,2786,3,6947
fr-12-5-1:1,2786,3,6947
fr-12-5-2:1,2786,3,6947
fr-12-5-3:1,2786,3,6947
fr-13:1,3
fr-13-1:1,3
fr-13-2:1,3102,3
fr-13-3:1,3
fr-13-3-5:1,3
fr-13-3-1:1,3
fr-13-3-3:1,3
fr-13-3-4:1,3
fr-13-3-2:1,3
fr-14:2336,1,3102,4,3,2797
fr-15:12755,2336,1,4,3
fr-15-1:1259,1,1514,1205,2975,3
fr-15-1-1:1259,1,1514,1205,2975,3
fr-15-1-2:1259,6883,1,1514,1205,2975,3
fr-15-1-3:1259,1,1514,1205,2975,3
fr-15-1-4:1259,1,1514,1205,2975,3
fr-15-1-5:1259,1,1514,1205,2975,3
fr-15-1-7:1259,1,1514,1205,2975,3
fr-15-1-8:1259,1,1514,1205,2975,3
fr-15-1-9:1259,1,1514,6916,2914,1205,2975,3,6963,5685
fr-15-2:1,3102,2786,3321,3
fr-15-3:1,3,2797
fr-15-3-1:1,3,2797
fr-15-3-2:1,3,2797
fr-15-3-3:1,2914,3,2797,5685
fr-15-3-4:1,3,2797
fr-15-3-5:1,3,2797
fr-15-3-6:1,3,2797
fr-15-3-7:1,3,2797
fr-15-3-8:1,3,2797
fr-15-3-9:1,3,2797
fr-15-3-10:1,3,2797
fr-15-3-11:1,3,2797
fr-15-3-12:1,3,2797
fr-15-3-13:1,3,2797
fr-15-3-14:1,3,2797
fr-15-3-15:1,2914,3,2797,5685
fr-15-3-16:1,3,2797
fr-15-4:1,3
fr-15-4-1:1,2786,2914,2975,3,1537,5685
fr-15-4-1-13:1,2786,2914,2975,3,1537,5685
fr-15-4-1-10:1,2786,2975,3,1537
fr-15-4-1-11:1,2786,2975,3,1537
fr-15-4-1-12:1,2786,2914,6942,2975,3,1537,5685
fr-15-4-2:1527,3049,1,2786,2914,3,1537,1518,5685
fr-15-4-2-20:1527,3049,1,2786,2914,3,1537,1518,5685
fr-15-4-2-5:1527,3049,1,2786,3,1537,1518
fr-15-4-2-9:1527,6885,3049,1,2786,2914,3,6953,1537,1518,5685
fr-15-4-2-9-1:1527,6885,3049,1,2786,2914,3,6953,1537,1518,5685
fr-15-4-2-9-2:1527,6885,3049,1,2786,2914,3,6953,1537,1518,5685
fr-15-4-2-19:1527,3049,1,2786,2914,3,1537,1518,5685
fr-15-4-2-21:1527,3049,1,2786,2914,3,1537,1518,5685
fr-15-4-2-15:1527,3049,1,2786,3,1537,1518
fr-15-4-2-16:1527,3049,6886,1,2786,3,1537,1518
fr-15-4-2-18:1527,3049,1,2786,2914,3,1537,1518,5685
fr-15-4-3:1,3,6958
fr-15-4-4:1,3
fr-15-4-4-1:1,3
fr-15-4-4-2:1,3
fr-15-4-6:1,3
fr-15-4-5:1,3,6946,6956
fr-15-5:1,2786,3,73,1538
fr-15-6:1,2786,3,73
fr-15-6-1:1,2786,3,73
fr-15-6-2:1,2786,3,73
fr-15-6-3:1,2786,2914,3,73,5685
fr-15-6-4:1,2786,3,73
fr-15-6-5:1,2786,2914,3,73,5685
fr-15-6-7:1,6906,2786,3,73
fr-15-6-7-3:1,6906,2786,3,73
fr-15-6-7-2:1,6906,2786,3,73
fr-15-6-7-1:1,6906,2786,3,73
fr-15-6-9:1,2786,3,73
fr-15-6-9-2:1,2786,3,73
fr-15-6-9-4:1,2786,3,73
fr-15-6-9-3:1,2786,3,73
fr-15-6-9-1:1,2786,3,73
fr-15-6-13:1,2786,3,73
fr-15-6-11:1,2786,6944,3,73
fr-15-6-12:1,2786,3,73
fr-16:1,3
fr-16-2:1,1341,3
fr-16-1:1,1341,3
fr-16-3:1,1341,3
fr-16-4:1,1341,3
fr-25:1,3
fr-17:1,3
fr-18:12755,1,6907,3,1351
fr-19:12755,1,2786,1205,3,1539
fr-19-1:1,2786,1205,3,1539
fr-19-1-6:1,2786,1205,3,1539
fr-19-1-1:1,2786,1205,3,1539
fr-19-1-7:1,2786,1205,3,1539
fr-19-1-2:1,2786,1205,3,1539
fr-19-1-3:1,2786,2914,1205,3,1539,5685
fr-19-1-4:1,2786,1205,3,1539
fr-19-1-5:1,2786,2914,1205,3,1539,5685
fr-19-3:1,2786,1205,3,1539
fr-19-2:1,2786,1205,3,1539
fr-19-2-1:1,2786,2914,1205,3,1539,5685
fr-19-2-2:1,2786,2914,1205,3,1539,5685
fr-19-2-3:1,2786,1205,3,1539
fr-19-2-4:1,2786,1205,3,1539
fr-19-2-6:1,2786,1205,3,1539
fr-19-2-5:1,2786,2914,1205,3,1539,5685
fr-20:1,3
fr-20-1:1,3
fr-20-7:1,3
fr-20-3:1,3
fr-20-6:1,3
fr-20-2:1,3
fr-20-5:1,3
fr-20-4:1,3
fr-21:1,6893,3,1716,6957
fr-21-1:1,6893,3,6957
fr-21-2:1,6893,3,6957
fr-21-3:1,6893,3,6957
fr-22:12755,1,2797,3,2336,6887,1,1514,4,3,6951,1716,1518,1,2797,3,3049
fr-22-8:1,2797,3,6887,1,1514,3,6951,1518,1,2797,3,3049
fr-22-1:1,2797,3,6887,1514,1,2797,3,3049
fr-22-3:1,2797,3,6887,1514,1,2797,3,3049
fr-22-4:1,2797,3,6887,1514,1,2797,3,3049
fr-22-6:1,2797,3,6887,1514,1,2797,3,6959,3049
fr-22-7:1,2797,3,6887,1514,1,2797,3,3049
fr-23:1,4,3
fr-23-6:1,2786,3
fr-23-5:1,2786,3
fr-23-3:1,2786,3
fr-23-4:1,2786,3
fr-23-1:1,2786,3,6966
fr-23-2:1,2786,3
fr-24:12755,1,2786,3,4,1,2786,3,73
fr-24-1:1,2786,3,6964,1,2786,3,73
fr-24-1-1:1,2786,3,2914,6964,1,2786,3,73,5685
fr-24-1-4:1,2786,3,6964,1,2786,3,73
fr-24-1-2:1,2786,3,2914,6964,1,2786,3,73,5685
fr-24-1-5:1,2786,3,6964,1,2786,3,73
fr-24-1-3:1,2786,3,6964,1,2786,3,73
fr-24-2:1,2786,3,6941,1,2786,3,6967
fr-24-3:1,2786,3,3102,1,2786,3,1,2786,3
fr-24-4:6904,1,2786,3,6965,1,2786,3
fr-24-4-1:6904,1,2786,3,2914,6965,1,2786,3,5685
fr-24-4-2:6904,1,2786,3,2914,6965,1,2786,3,5685
fr-24-5:1,3,2786,1,2786,3,73
fr-24-6:1,2786,3,6920,1,2786,3,73,1,2786,3
fr-24-7:1,2786,3,1,2786,3,73
ha:1,3
ha-1:1,3
ha-1-1:2055,2056,1,3,1214
ha-1-1-1:2056,1,3,1214
ha-1-1-2:2056,1,3,1214
ha-1-1-3:2056,1,3,1214
ha-1-1-4:2056,1,3,1214
ha-1-1-5:2057,2056,1,3,1214
ha-1-1-6:2056,1,3,1214
ha-1-1-7:2058,2057,2056,1,3,1214
ha-1-1-8:2056,1,3,1214
ha-1-1-9:2056,1,3,1214
ha-1-1-10:2057,2056,1,3,1214
ha-1-2:1,3,2059,1214
ha-1-3:1,3,1214
ha-1-3-1:1,3,1214
ha-1-3-2:1,3,1214
ha-1-3-3:1,3,1214
ha-1-4:1,3111,2060,3,2059
ha-1-4-1:5679,1,3111,2060,3,2059
ha-1-4-2:5679,1,3111,2060,3,2059
ha-1-4-4:5679,1,3111,2060,3,2059
ha-1-5:1,3,1214
ha-1-5-1:1,2910,3,1214
ha-1-5-2:1,2061,3,2059,1214
ha-1-5-2-1:1,2061,3,2059,1214
ha-1-5-2-4:1,2061,3,2059,1214
ha-1-5-2-2:1,2061,3,2059,1214
ha-1-5-2-3:1,2061,3,2059,1214
ha-1-5-2-5:1,2061,3,2059,1214
ha-1-5-2-6:1,2061,3,2059,1214
ha-1-5-2-7:1,2061,3,2059,1214
ha-1-5-3:1,3,1214
ha-1-6:1,2062,2063,3,1214
ha-1-6-1:5679,1,2062,2063,3,1214
ha-1-6-2:1,2062,2063,3,1214
ha-1-6-3:5679,1,2062,2063,3,2064,2065,1214
ha-1-6-4:5679,1,2062,2063,3,1214
ha-1-6-5:5679,1,3,2065,2066,2059,1214,2067
ha-1-7:1,3,2069,1214
ha-1-8:2070,1,3111,3,2059,1214
ha-1-8-1:2070,1,3111,3,2059,1214
ha-1-8-2:5679,2070,1,3111,3,2059,1214
ha-1-8-3:2070,1,3111,3,2059,1214
ha-1-8-4:2070,1,3111,3,2059,1214
ha-1-8-5:2070,1,3111,3,2059,1214
ha-1-8-6:5679,2070,1,3111,3,2059,1214
ha-1-9:1,3,2071
ha-1-9-1:1,3,2071
ha-1-9-2:1,3,2071
ha-1-9-3:1,3,2071
ha-1-10:1,3,2072,1214
ha-1-10-1:1,3,2072,1214
ha-1-10-3:1,3,2072,1214
ha-1-10-2:1,3,1214,2072
ha-1-11:2076,1,3,2065,2059,1214,2077
ha-1-11-1:2076,1,3,2065,2059,1214,2077
ha-1-11-2:2076,1,3,2065,2059,1214,2077
ha-1-11-3:2076,1,3,2065,2059,1214,2077
ha-1-11-4:2076,1,3,2065,2059,1214,2077
ha-1-11-5:2076,1,3,2065,2059,1214,2077
ha-1-11-6:2076,1,3,2065,2059,1214,2077
ha-1-11-7:2076,1,3,2065,2059,1214,2077
ha-1-11-8:2076,1,3,2065,2059,1214,2077
ha-1-11-9:2076,1,3,2065,2059,1214,2077
ha-2:1,3
ha-2-1:1,2078,2062,4,3
ha-2-2:1,2790,3
ha-2-2-1:1682,1571,1,2028,2790,3,1221,1351
ha-2-2-2:1,2960,2080,1208,2081,2790,3,1221,2082,2083
ha-2-2-3:1,2085,2960,4,3
ha-2-2-4:1,2790,3,73,1351
ha-2-2-5:1682,1571,1,2086,1295,3,1351
ha-2-2-6:1,5678,2927,2081,2790,2781,3,1351
ha-2-2-7:1,2790,3,1351
ha-2-2-8:1,2087,2790,2914,3,5685
ha-2-2-9:1,2790,3
ha-2-2-9-1:1,2790,3
ha-2-2-9-2:1,2790,3
ha-2-3:1,3
ha-2-3-1:1,3322,1520,3,2082
ha-2-3-1-1:1,3322,1520,3,2082
ha-2-3-1-2:1,3322,1520,3,2082
ha-2-3-1-3:1,3322,1520,3,2082
ha-2-3-2:1,2960,2089,1520,2090,2091,3,1351
ha-2-4:2912,1,3111,3,3323
ha-2-5:1,4,3,1351,1539,1214
ha-2-6:1,3
ha-2-6-1:1,3
ha-2-6-2:1,3
ha-2-6-3:1,3
ha-2-6-4:1,3
ha-2-7:1,4,3
ha-2-7-1:1,4,3
ha-2-7-2:1,4,3
ha-2-8:1,2093,4,3
ha-2-9:1,2913,3
ha-2-9-1:1,2913,3
ha-2-9-2:1,2913,3
ha-2-9-3:1,2913,3
ha-2-9-4:1,2913,3
ha-2-9-5:1,2913,3
ha-2-9-6:1,2913,3
ha-2-10:1,2914,3
ha-2-10-1:1,2094,2914,3
ha-2-10-2:1,2914,3,2095
ha-2-10-3:1,2914,3,2096
ha-2-11:1,4,2097,3,1351
ha-2-12:1,3
ha-2-12-1:1,3
ha-2-12-2:1,3
ha-2-12-3:1,3
ha-2-13:1,4,3
ha-2-13-1:1,2098,4,3
ha-2-13-2:1,3112,2790,3
ha-2-13-3:1,2915,3
ha-2-13-3-1:1,2915,3
ha-2-13-3-2:1,2915,3
ha-2-13-3-3:1,2915,3
ha-2-13-3-4:1,2915,3
ha-2-13-4:1,3,2916
ha-2-13-4-1:1,3,2916
ha-2-13-4-2:1,3,2916
ha-2-13-4-3:1,3,2916
ha-2-14:1,4,3,2099
ha-2-14-1:1,4,3,2099
ha-2-14-2:1,4,3,2099
ha-2-14-3:1,4,3,2099
ha-2-15:1,3,2917
ha-2-16:1,3
ha-2-16-1:1,2914,3,5685
ha-2-16-2:1,3
ha-2-16-3:1,3
ha-2-16-4:1,3
ha-2-17:1,4,3,3113,1214
ha-2-17-1:1,4,3,3113,1214
ha-2-17-2:1,4,3,3113,1214
ha-2-17-3:1,4,3,3113,1214
ha-2-17-4:1,4,3,3113,1214
ha-2-17-5:1,4,3,3113,1214
ha-2-18:1,3111,3,2101,3324,2102,2918,2103
ha-2-18-1:1,3111,3,3324,2102,2918,2103
ha-2-18-2:1,3111,3,2101,3324,2102,2918
ha-2-19:2912,1,3111,3,3323
ha-2-19-1:2912,1,3111,3,3323
ha-2-19-2:2912,1,3111,3,3323
ha-2-19-3:2912,1,3111,3,3323
ha-2-19-4:2912,1,3111,3,3323
ha-2-20:1,4,3,3325,2104
ha-2-20-1:1,4,3,3325,2104
ha-2-20-2:1,3,3325,2104
ha-2-20-3:1,4,3,2105,3325,2104
ha-2-20-4:1,4,3,3325,2104
ha-2-21:1,2790,3
ha-2-21-1:1,2790,3
ha-2-21-2:1,4,3
ha-2-21-2-1:1,4,3
ha-2-21-2-2:1,4,3
ha-2-21-2-3:1,4,3
ha-2-21-2-4:1,4,3
ha-2-21-2-5:1,4,3
ha-2-22:1,2106,4,3
ha-2-22-1:1,2106,4,3
ha-2-22-2:1,2106,4,3
ha-2-22-3:1,2106,4,3
ha-2-22-4:1,2106,4,3
ha-2-22-5:1,2106,4,3
ha-2-22-6:1,2106,4,3
ha-3:1,3
ha-3-1:1,4,3
ha-3-2:1,2107,2786,3
ha-3-2-1:1,2107,2786,3
ha-3-2-2:1,2107,2786,3
ha-3-2-3:1,2107,2786,3
ha-3-2-4:1,2107,2786,3
ha-3-3:1,2107,2786,3
ha-3-4:1,2786,3
ha-3-4-1:1,2786,3
ha-3-4-2:1,2786,3
ha-3-4-3:1,2786,3
ha-3-5:1,4,3
ha-3-5-1:1,2786,3
ha-3-5-2:1,4,3
ha-3-6:1,4,3
ha-3-6-1:1,4,3
ha-3-6-2:1,4,3
ha-3-6-3:1,4,3
ha-3-7:1,4,3,2108
ha-3-8:1,4,3
ha-3-8-1:1,4,3
ha-3-8-2:1,4,3
ha-3-8-3:1,4,3
ha-3-8-4:1,4,3
ha-4:1,2109,3,1214
ha-4-1:1,2109,2110,3,1214,2111
ha-4-2:1,2109,2110,2112,3,1214
ha-4-2-1:1,2109,2110,2112,3,1214
ha-4-2-2:1,2109,2110,2112,3,1214
ha-4-3:1,2109,2113,3,2114,1214
ha-5:1,3114,4,3,2082
ha-5-1:1,3114,4,3,2082
ha-5-2:1,3114,4,3,2082
ha-5-3:1,3114,4,3,2082
ha-5-4:1,3114,4,3,2082
ha-5-5:1,3114,4,3,2082
ha-6:1,3
ha-6-1:2115,1,4,3
ha-6-2:1,2790,3
ha-6-2-1:1,2786,3,1351
ha-6-2-2:1,4,3,1351
ha-6-2-3:1,4,3
ha-6-2-4:1,2786,2914,3,1351,5685
ha-6-2-5:1,1295,2081,2116,2914,3,1351,5685
ha-6-3:1,2117,4,3
ha-6-4:1,3,2903
ha-6-4-1:1,2118,3,2903
ha-6-4-2:1,2790,3
ha-6-4-3:1,2790,3
ha-6-4-4:1,4,3
ha-6-4-5:1,4,3
ha-6-4-6:1,3,2903
ha-6-4-7:1,3,2903
ha-6-5:1,2790,3
ha-6-5-1:1,2790,3
ha-6-5-2:1,2790,3
ha-6-5-3:1,2790,3
ha-6-6:1,4,2119,3
ha-6-7:1,4,3
ha-6-8:1,4,3
ha-6-9:1,2777,3
ha-6-10:1,4,3
ha-6-11:1,3,2203
ha-6-11-1:1,3,2203
ha-6-11-2:1,3,2203
ha-6-11-3:1,3,2203
ha-6-12:1,2919,3,1927
ha-6-13:1,2790,3,2121
ha-6-14:1,2122,2790,3
ha-6-14-1:1,2122,2790,3,2059
ha-6-14-2:1,2122,2790,3,2059
ha-6-14-2-1:1,2122,2790,3,2059
ha-6-14-2-2:1,2122,2790,3,2059
ha-6-14-2-3:1,2122,2790,3,2059
ha-6-14-2-4:1,2122,2790,3,2059
ha-6-14-2-5:1,2122,2790,3,2059
ha-6-14-2-6:1,2122,2790,3,2059
ha-6-14-2-7:1,2122,2790,3,2059
ha-6-14-2-8:1,2122,2790,3,2059
ha-6-14-2-9:1,2122,2790,3,2059
ha-6-14-2-10:1,2122,2790,3,2059
ha-6-14-2-11:1,2122,2790,3,2059
ha-6-14-2-12:1,2122,2790,3,2059
ha-6-14-2-13:1,2122,2790,3,2059
ha-6-14-2-14:1,2122,2790,3,2059
ha-6-14-3:2123,1,2122,2790,2124,3
ha-6-14-4:1,2122,2790,3,2125
ha-6-14-5:1,2122,2790,3,2059
ha-6-14-6:1,2122,2790,3,2059
ha-6-14-6-2:1,2122,2790,3,2059
ha-6-14-6-3:1,2122,2790,3,2059
ha-6-14-6-6:1,2122,2790,3,2059
ha-6-14-6-7:1,2122,2790,3,2059
ha-6-14-6-8:1,2122,2790,3,2059
ha-6-14-6-9:1,2122,2790,3,2059
ha-6-14-6-4:1,2122,2790,3,2059
ha-6-14-6-10:1,2122,2790,3,2059
ha-6-14-6-11:1,2122,2790,3,2059
ha-6-14-6-12:1,2122,2790,3,2059
ha-6-14-6-13:1,2122,2790,3,2059
ha-6-14-6-14:1,2122,2790,3,2059
ha-6-14-6-15:1,2122,2790,3,2059
ha-6-14-7:1,2122,2790,3,2126,2127
ha-6-14-8:1,2122,2790,3,2128
ha-6-15:1,2960,2081,2790,3
ha-6-16:1,2790,3
ha-6-16-1:1,2129,2790,2130,3
ha-6-16-2:1,2790,3
ha-6-16-3:1,2790,3
ha-6-16-4:1,2790,3
ha-6-17:1,2919,3
ha-6-18:1,4,2131,3
ha-6-19:1,1341,3
ha-6-19-1:1,1341,3
ha-6-19-2:1,1341,3
ha-6-20:1,2919,3
ha-6-20-1:1,2919,3
ha-6-20-2:1,2919,3
ha-6-21:1,4,3
ha-6-22:1,2790,3
ha-6-22-1:1,2790,3
ha-6-22-2:1,2790,3
ha-6-22-3:1,2790,3
ha-6-23:1,4,3
ha-6-24:1,4,3
ha-6-24-1:1,4,3
ha-6-24-1-1:1,4,3
ha-6-24-1-2:1,4,3
ha-6-24-1-3:1,4,3
ha-6-24-2:1682,1571,2779,1,3
ha-6-24-2-1:2779,1,3
ha-6-24-2-2:2779,1,3
ha-6-24-2-3:2779,1,3
ha-6-24-3:2784,1,1236,3
ha-6-24-4:1,1236,4,3
ha-6-24-4-1:1,1236,4,3
ha-6-24-4-2:1,1236,4,3
ha-6-24-4-3:1,1236,4,3
ha-6-24-5:1,4,3
ha-6-24-5-1:1,4,3
ha-6-24-5-2:1,4,3
ha-6-24-6:1,2132,4,3
ha-6-24-6-1:1,2132,4,3
ha-6-24-6-2:1,2132,4,3
ha-6-24-7:1,4,3
ha-6-24-8:1,2989,2914,4,3,5685
ha-6-24-8-1:1,2989,4,3
ha-6-24-8-2:1,2989,4,3
ha-6-25:1,2989,4,3
ha-7:1,3
ha-7-1:1,2790,3,1221
ha-7-1-1:1,2790,3,1221
ha-7-1-2:1,2790,3,1221
ha-7-1-3:1,2790,3,1221
ha-7-2:1,2790,3,1221
ha-7-2-1:1,2790,3,1221
ha-7-2-2:1,2790,3,1221
ha-7-2-3:1,2790,3,1221
ha-7-3:1,2790,3,1221,2133
ha-7-3-1:1,2790,3,1221,2133
ha-7-3-2:1,2790,3,1221,2133
ha-7-3-5:1,2790,3,1221,2133
ha-7-4:1,2790,3,1221
ha-7-4-1:1,2790,3,1221
ha-7-4-2:1,2790,3,1221
ha-7-4-3:1,2790,3,1221
ha-7-5:1,2790,3,1221
ha-7-5-1:1,2790,3,1221
ha-7-5-2:1,2790,3,1221
ha-7-5-3:1,2790,3,1221
ha-7-6:1,2790,3,1221
ha-8:1,3
ha-8-1:1,2134,4,3,1221
ha-8-2:1,3326,2135,4,3
ha-8-3:2137,1,3,1221
ha-8-3-1:2137,1,3,1221
ha-8-3-2:2137,1,3,1221
ha-8-3-3:1682,1571,1248,2137,1,3,1221,2988
ha-8-4:1,4,3
ha-9:1,3
ha-9-1:1,2138,4,3
ha-9-2:1,4,3
ha-9-3:1,3,2082
ha-9-3-3:1,3,2082
ha-9-3-1:1,3,2082
ha-9-4:1,4,3,2139
ha-9-4-1:1,4,3,2139
ha-9-4-2:1,4,3,2139
ha-9-4-3:1,4,3,2139
ha-9-4-5:1,4,3,2139
ha-10:1,3
ha-10-1:1,4,3
ha-10-1-1:1,4,3
ha-10-1-2:1,4,3
ha-10-1-2-1:1,4,3
ha-10-1-2-2:1,4,3
ha-10-1-3:1,4,3
ha-10-1-4:1,4,3
ha-10-1-4-1:1,4,3
ha-10-1-4-2:1,4,3
ha-10-1-5:1,4,3
ha-10-1-5-1:1,4,3
ha-10-1-5-2:1,4,3
ha-10-1-6:1,4,3
ha-10-1-6-1:1,4,3
ha-10-1-6-2:1,4,3
ha-10-1-7:1,4,3
ha-10-1-8:1,4,3,2140
ha-10-1-9:1,4,3
ha-10-1-9-1:1,4,3
ha-10-1-9-2:1,4,3
ha-10-1-10:1,4,3
ha-10-1-10-1:1,4,3
ha-10-1-10-2:1,4,3
ha-10-1-10-3:1682,1571,1,4,3
ha-10-1-10-4:1,4,3
ha-10-1-10-5:1,4,3
ha-10-2:1,2790,3
ha-10-2-1:1,2914,4,3,5685
ha-10-2-1-1:2141,1,4,3
ha-10-2-1-2:2142,1,4,3
ha-10-2-1-3:1,4,3
ha-10-2-1-3-1:1,4,3
ha-10-2-1-3-2:1,4,3
ha-10-2-2:1,2790,3
ha-10-2-2-1:1,4,3
ha-10-2-2-1-1:1,4,3
ha-10-2-2-1-2:1,4,3
ha-10-2-2-2:1,2790,3
ha-10-2-2-3:1,2790,3
ha-10-2-2-4:1,2790,3,2082
ha-10-2-2-5:1,2790,3
ha-10-2-2-6:1,2790,3,2143
ha-10-2-2-7:1,2790,3
ha-10-2-3:1,2790,3
ha-10-2-3-1:1,2790,3
ha-10-2-3-2:1,2790,3
ha-10-2-3-3:1,2790,3
ha-10-2-4:1,2144,4,3
ha-10-2-4-1:1,2144,2145,4,3
ha-10-2-4-2:1,2144,1295,3
ha-10-2-4-2-1:1,2144,1295,3
ha-10-2-4-2-2:1,2144,1295,3
ha-10-2-4-2-3:1,2144,1295,3
ha-10-2-5:1,2790,3
ha-10-2-5-1:1,2790,3
ha-10-2-5-2:1,2790,3
ha-10-2-5-3:1,2790,3
ha-10-2-6:1,2790,3
ha-10-2-6-1:1,2146,2790,3,73
ha-10-2-6-1-1:1,2146,2790,3,73
ha-10-2-6-1-2:1,2146,2790,3,73
ha-10-2-6-2:1,2790,3,1221
ha-10-2-6-2-1:1,2790,3,1221
ha-10-2-6-2-2:1,2790,3,1221
ha-10-2-6-3:1,2144,2790,3
ha-10-2-6-3-1:1,2144,2790,3
ha-10-2-6-3-2:1,2144,2790,3
ha-10-2-6-4:1,2790,3,2147
ha-10-2-6-5:1,2790,3
ha-10-2-6-6:1,2786,3
ha-10-2-6-6-1:1,2786,3
ha-10-2-6-6-2:1,2786,3
ha-10-2-6-6-3:1,2786,3
ha-10-2-6-7:1,2790,3,73
ha-10-2-6-7-1:1,2790,3,73
ha-10-2-6-7-2:1,2790,3,73
ha-10-2-6-8:1,2790,3
ha-10-2-6-8-1:1,2790,3
ha-10-2-6-8-2:1,2790,3
ha-10-2-6-9:1,2790,3
ha-10-2-7:1,4,3
ha-10-2-7-1:1,4,3
ha-10-2-8:1,4,3
ha-10-2-8-1:1,4,3
ha-10-2-8-1-1:1,4,3
ha-10-2-8-1-2:1,4,3
ha-10-2-8-2:1,2790,3
ha-10-2-8-2-1:1,2790,3
ha-10-2-8-2-2:1,2790,3
ha-10-2-8-3:1682,1571,1,2914,4,2148,3,2149,3116,5685
ha-10-2-8-4:1,4,3,2149
ha-10-2-8-5:1,4,3,2149
ha-10-2-8-6:1,4,3
ha-10-2-8-7:1,4,3
ha-10-2-8-7-1:1,4,3
ha-10-2-8-7-2:1,4,3
ha-10-2-8-8:1,3,4,1,3
ha-10-2-8-8-1:1,3,4,1,3
ha-10-2-8-8-2:1,3,4,1,3
ha-10-2-8-9:1,4,3
ha-10-3:1,4,3
ha-10-3-1:1,4,3
ha-10-3-2:3117,1,2146,4,3,73
ha-10-3-2-1:3117,1,2146,4,3,73
ha-10-3-2-2:3117,1,2146,4,3,73
ha-10-3-2-3:3117,1,2146,4,3,73
ha-10-3-3:1,4,3
ha-10-3-3-1:1,4,3
ha-10-3-3-2:1,4,3
ha-10-3-3-3:1,4,3
ha-10-3-4:1,4,3,2152,3118,3327
ha-10-3-5:1,4,3
ha-10-3-5-1:1,4,3,73
ha-10-3-5-1-1:1,4,3,73
ha-10-3-5-1-2:1,4,3,73
ha-10-3-5-1-3:1,4,3,2154,73
ha-10-3-5-2:1,4,3,73,2155
ha-10-3-5-2-1:1,4,3,73,2155
ha-10-3-5-2-2:1,4,3,73,2155
ha-10-3-5-2-3:1,4,3,73,2155
ha-10-3-6:1,4,3,2961
ha-10-3-6-1:1682,1571,2961,1,4,3
ha-10-3-6-2:1,2157,4,3,2961,2159
ha-10-3-6-2-1:1,2157,4,3,2159
ha-10-3-6-2-2:1,2157,4,3,2159
ha-10-3-6-2-3:1,2157,4,3,2159
ha-10-3-6-3:1,4,3,2961
ha-10-4:1,2919,3
ha-10-4-1:1,2919,3
ha-10-4-2:1,2919,3
ha-10-4-3:1,2919,3
ha-10-5:1,4,3
ha-10-5-1:1,4,3
ha-10-5-2:1,4,3
ha-10-5-3:1,4,3
ha-10-6:1,4,3
ha-10-6-1:1,4,3
ha-10-6-2:1,4,3
ha-10-6-3:1,4,3
ha-10-7:1,3
ha-10-7-1:1,4,3
ha-10-7-2:1,2132,3
ha-10-7-2-1:1,2132,4,3,2161,1214
ha-10-7-2-2:1,2132,3
ha-10-7-3:1,3
ha-10-7-4:1682,1571,1,3
ha-10-7-4-1:1,4,3
ha-10-7-4-2:1,4,3
ha-10-7-5:1,3
ha-10-7-6:1,3
ha-10-7-6-1:1,3
ha-10-7-6-2:1,3
ha-10-8:1,3
ha-10-9:1,3
ha-10-10:1,3
ha-11:1,3
ha-11-1:1,4,2162,3
ha-11-1-1:1,4,2162,3
ha-11-1-2:1,4,2162,3
ha-11-1-3:1,4,2162,3
ha-11-2:1,3
ha-11-2-1:1,3
ha-11-2-2:1,3
ha-11-2-3:1,3
ha-11-3:2792,1,3
ha-11-4:2163,1,3
ha-11-4-1:2163,1,3
ha-11-4-2:2163,1,3
ha-11-5:2164,2165,1,3,2082,2166
ha-11-6:1,4,3
ha-11-6-1:1,4,3
ha-11-6-1-1:1,4,3
ha-11-6-1-2:1,4,3
ha-11-6-2:1,4,3,2167
ha-11-7:1,2162,3,1221
ha-11-7-1:1,2162,3,1221
ha-11-7-2:1,2162,3,1221
ha-11-7-3:1,2162,3,1221
ha-11-8:1,4,3
ha-11-8-1:1,4,3
ha-11-8-2:1,4,3
ha-11-9:1,4,3
ha-11-10:1,3
ha-11-10-1:1682,1571,1,3,2168
ha-11-10-1-1:1682,1571,1,3,2168
ha-11-10-1-2:1,3,2168
ha-11-10-1-3:1,3,2168
ha-11-10-2:1,3
ha-11-10-2-1:1,3
ha-11-10-2-2:1,3
ha-11-10-2-3:1,3
ha-11-11:1,3,2903
ha-11-12:1,3
ha-11-13:1,3,1214
ha-11-14:1,3
ha-11-15:1,2169,3,2557,1221
ha-11-15-1:1,2169,3,2557,1221
ha-11-15-2:1682,1571,1,2169,3,2557,1221
ha-11-15-3:1,2169,3,2557,1221
ha-11-16:1,3
ha-11-16-1:1,3
ha-11-16-2:1682,1571,1,3
ha-11-16-3:1,3
ha-11-17:1,3
ha-11-17-1:1,3
ha-11-17-2:1682,1571,1,3
ha-11-18:1,3
ha-11-18-1:1,3
ha-11-18-2:1,3
ha-11-19:1,4,3
ha-11-20:1,3,1214
ha-11-21:1,3,2170
ha-11-21-1:1,3,2170
ha-11-21-2:1,3,2170
ha-11-21-3:1,3,2170
ha-11-22:1,3,2171
ha-11-22-1:1,3,2171
ha-11-22-2:1,3,2171
ha-11-22-3:1,3,2171
ha-11-23:1,3,2172,2173
ha-11-23-1:1,3,2173
ha-11-23-2:1,3,2173
ha-11-23-3:1,3,2173
ha-11-24:1,3
ha-11-24-1:1,3
ha-11-24-2:1,3
ha-11-25:1,4,3,2174
ha-11-25-1:1,4,3,2174
ha-11-25-2:1,4,3,2174
ha-11-25-3:1,2914,4,3,2174,5685
ha-11-26:1,3
ha-11-26-1:1,3
ha-11-26-2:1682,1571,1,3
ha-11-27:1,4,3
ha-11-27-1:1,4,3
ha-11-27-2:1,4,3
ha-11-28:1,4,3
ha-11-28-1:1,4,3
ha-11-28-2:1,4,3
ha-11-28-3:1,4,3
ha-12:1,2175,2176,2177,3,2178,2179
ha-13:1,4,1383,3,2180,3119
ha-14:1,3
ha-14-1:1,3
ha-14-1-1:1,2786,3,2181,2182,2059
ha-14-1-1-1:1,2786,3,2181,2182,2059
ha-14-1-1-2:1,2786,3,2181,2182,2059
ha-14-2:1,4,3
ha-14-2-1:1,1295,3
ha-14-2-2:1388,1,3
ha-14-3:1,3
ha-14-3-1:1,2790,3
ha-14-4:1,3
ha-14-4-1:1,2790,3,2183,2059
ha-14-4-1-1:1,2790,3,2183,2059
ha-14-4-1-2:1,2790,3,2183,2059
ha-14-4-1-3:1,2790,3,2183,2059
ha-14-4-2:1,2790,3
ha-14-4-3:1,2790,3
ha-14-4-3-2:1,2790,3
ha-14-4-3-1:1,2790,3
ha-14-4-4:1,2790,3
ha-14-4-4-1:1,2790,3
ha-14-4-4-2:1,2790,3
ha-14-4-5:1,4,3
ha-14-4-5-1:1,4,3
ha-14-4-5-2:1,4,3
ha-14-4-6:1,2790,3,2059
ha-14-5:1,3
ha-14-6:1,3
ha-14-7:1,3
ha-14-7-1:1,3
ha-14-8:1,3
ha-14-8-1:1,3
ha-14-8-2:1,1295,3
ha-14-8-3:1,2790,3
ha-14-9:1,2790,3
ha-14-10:1,3
ha-14-10-1:1,3
ha-14-10-2:1,3
ha-14-10-3:1,3
ha-14-11:1,3
ha-14-12:1,3
ha-14-12-1:1,1295,3
ha-14-13:1,3
ha-14-13-1:1682,1571,1,5678,2927,2781,3
ha-14-13-2:1,3
ha-14-13-3:1,3
ha-14-13-5:1,3
ha-14-13-4:1,3
ha-14-14:1,4,3
ha-14-15:1,3
ha-14-15-1:1,3
ha-14-15-2:1,3
ha-14-15-2-1:1,3
ha-14-15-2-2:1,3
ha-14-15-3:1,3
ha-14-16:1856,1,3
ha-14-17:1856,1,3
ha-14-18:1,3
ha-14-18-1:1,2790,3
ha-14-18-1-1:1,2790,3
ha-14-18-1-2:1,2790,3
ha-14-18-1-3:1,2790,3
ha-14-18-2:1,2132,4,3
ha-14-19:1,3
ha-14-19-1:2184,1,2185,3,2186,2187,2059
ha-14-19-1-1:2184,1,2185,3,2186,2187,2059
ha-14-19-1-2:2184,1,2185,3,2186,2187,2059
ha-14-19-1-3:2184,1,2185,3,2186,2187,2059
ha-14-19-1-4:2184,1,2185,3,2186,2187,2059
ha-14-19-1-5:2184,1,2185,3,2186,2187,2059
ha-14-19-1-6:2184,1,2185,3,2186,2187,2059
ha-14-19-1-7:2184,1,2185,3,2186,2187,2059
ha-14-19-1-8:2184,1,2185,3,2186,2187,2059
ha-14-19-1-9:2184,1,2185,3,2186,2187,2059
ha-14-20:1,3
ha-14-20-1:1,3
ha-14-20-2:1,3
ha-14-20-3:5679,1,3
ha-14-20-4:1,3
ha-14-20-5:1,3
ha-14-21:1,3
ha-14-21-1:1388,1,3
ha-14-21-1-1:1388,1,3
ha-14-21-1-2:1388,1,3
ha-14-21-1-3:1388,1,3
ha-14-22:1,3
ha-14-22-1:1,4,3
ha-14-22-2:1,2790,3
ha-14-22-2-1:1,2790,3
ha-14-22-2-2:1,2790,3
ha-14-22-2-3:1,2790,3
ha-14-23:1388,1,3
ha-14-23-1:1388,1,3
ha-14-23-1-1:1388,1,3
ha-14-23-1-2:1388,1,3
ha-14-23-2:1388,1,1295,3,2059
ha-14-23-2-1:1388,1,1295,3,2059
ha-14-23-2-2:1388,1,1295,3,2059
ha-14-23-2-3:1388,1,1295,3,2059
ha-14-24:1,4,3
ha-14-24-1:1,2790,3
ha-14-24-2:1,2790,3
ha-14-25:1,4,3
ha-14-26:1,3
ha-14-27:1,4,3
ha-14-27-1:1,4,3
ha-14-27-1-1:1,4,3
ha-14-27-1-2:1,4,3
ha-14-27-1-3:1,4,3
ha-14-28:1,2790,3
ha-14-28-1:1,2790,3
ha-14-28-2:1,2790,3
ha-14-28-3:1,2790,3
ha-14-29:1,3
ha-15:1,3
ha-15-1:1,3,1221
ha-15-1-1:1,3,1221
ha-15-1-2:1,3,1221
ha-15-1-3:1,3,1221
ha-15-2:1,2790,3
ha-15-3:1,3
ha-15-3-1:1,3
ha-15-3-2:1,3
ha-15-3-3:1,3
ha-15-4:1,3
ha-15-4-1:1,3
ha-15-4-2:1,3
ha-15-5:1388,1,1295,3
ha-15-5-1:1388,1,1295,3
ha-15-5-2:1388,1,1295,3
ha-15-5-3:1388,1,1295,3
ha-15-6:1,3
ha-15-6-1:1,3
ha-15-6-2:1,3
ha-15-6-3:1,3
ha-15-7:2792,1,3
ha-15-8:1,3,1221
ha-15-8-1:1,3,1221
ha-15-8-2:1,3,1221
ha-15-9:1,3,1221
ha-15-10:1408,1,1295,3
ha-15-11:1,3
ha-15-11-1:1,2790,3
ha-15-11-1-2:1,2790,3
ha-15-11-1-3:1,2790,3
ha-15-11-2:1388,1,1295,3
ha-15-11-2-1:1388,1,1295,3
ha-15-11-2-2:1388,1,1295,3
ha-15-11-2-3:1388,1,1295,3
ha-15-11-3:1,2790,3,1221
ha-15-11-4:1,2790,3
ha-15-11-4-1:1,2790,3
ha-15-11-4-2:1,2790,3
ha-15-11-5:1388,1,2786,3
ha-15-11-6:1,3
ha-15-11-6-2:1,3
ha-15-11-6-1:1,3
ha-15-11-7:1,3
ha-15-11-7-1:1,3
ha-15-11-7-2:1,3
ha-15-11-8:2189,1,2790,3
ha-15-11-8-1:2189,1,2790,2914,3,5685
ha-15-11-8-2:2189,1,2790,3
ha-15-12:1,4,3,2191
ha-15-12-1:1,4,3,2191
ha-15-12-2:1,4,3,2191
ha-15-13:1,2790,3
ha-15-13-1:1,2790,3
ha-15-13-2:1,2790,3
ha-15-13-3:1,2790,3
ha-15-14:2192,1,3120,3,1221
ha-15-14-1:1,3120,3,1221
ha-15-14-1-1:1,3,1221
ha-15-14-1-2:1,3120,3,1221
ha-15-14-2:2192,1,3120,2132,3,1221
ha-15-14-3:1682,1571,2192,1,3120,3,1221
ha-15-14-3-1:1682,1571,2192,1,3120,3,1221
ha-15-14-3-2:2192,1,3120,3,1221
ha-15-14-3-3:1682,1571,2192,1,3120,3,1221
ha-15-14-4:1,3120,2132,3,1221
ha-15-14-5:2192,1,3120,3,1221
ha-15-14-5-1:2192,1,3120,3,1221
ha-15-14-5-2:2192,1,3120,3,1221
ha-15-15:1,2790,3
ha-15-16:1,2786,1333,2982,3,1221
ha-15-16-1:1682,1571,1,2786,1333,2982,3,1221
ha-15-16-1-1:1682,1571,1,2786,1333,3,1221
ha-15-16-1-3:1682,1571,1,2786,1333,2914,3,1221,5685
ha-15-16-2:1682,1571,1,2786,1333,3,1221
ha-15-17:1,3,1221
ha-15-17-2:1,3,1221
ha-15-17-3:1,3,1221
ha-15-18:1,3,1221
ha-15-18-1:1,3,1221
ha-15-18-2:1,3,1221
ha-15-18-3:1,3,1221
ha-15-19:1,2790,3
ha-15-19-1:1,2790,3
ha-15-19-2:1,2790,3
ha-15-19-3:1,2790,3
ha-15-20:2920,1,1295,3
ha-15-20-1:2920,1,1295,3
ha-15-20-1-1:2920,1,1295,3
ha-15-20-1-2:2920,1,1295,3
ha-15-20-1-3:2920,1,1295,3
ha-15-20-2:2920,1,1295,3,1221
ha-15-20-2-1:2920,1,1295,3,1221
ha-15-20-2-2:1682,1571,2920,1,1295,3,1221
ha-15-21:1,3,1221
ha-15-22:1,3,1221
ha-15-23:1,3,1221
ha-15-23-1:1,3,1221
ha-15-23-2:1,3,1221
ha-15-24:1,2194,3,1221
ha-15-24-1:1,2194,3,1221
ha-15-24-2:1,2194,3,1221
ha-15-24-3:1,2194,3,1221
ha-15-25:1,3,1221
ha-15-26:1,3
ha-15-27:1,2790,3
ha-15-27-1:1,2989,2790,3
ha-15-27-2:1,2989,2790,3
ha-15-27-2-1:1,2989,2790,3
ha-15-27-2-2:1,2989,2790,3
ha-15-27-2-3:1,2989,2790,3
ha-15-27-3:1,2989,2790,3
ha-15-27-3-3:1,2989,2790,3,2195
ha-15-27-3-4:1,2989,2790,3
ha-15-27-4:1,2790,2914,3,5685
ha-15-27-5:1,2790,2914,3,5685
ha-15-28:1,2790,2196,3,1221
ha-15-29:1333,1,3
ha-15-29-1:1333,1,3
ha-15-29-2:1333,1,3
ha-15-30:1,2790,3
ha-15-30-1:1,2790,3
ha-15-30-3:1,2790,3
ha-15-30-2:1,2790,3
ha-15-31:1,3
ha-15-31-1:1,3
ha-15-31-2:1,3
ha-15-32:1,3
ha-15-32-1:1,3
ha-15-32-2:1,3
ha-15-33:1,3
ha-15-34:1,3
ha-15-34-1:1,3
ha-15-34-2:1,3,1221
ha-15-34-2-1:1,3,1221
ha-15-34-2-2:1,3,1221
ha-15-34-3:1,2790,3
ha-15-34-4:1,2790,3
ha-15-34-4-1:1,2790,3
ha-15-34-4-2:1,2790,3
ha-15-34-4-3:1,2790,3
ha-15-34-5:1,2790,3,1604
ha-15-34-6:1,2790,3
ha-15-34-6-1:1,2790,3
ha-15-34-6-2:1,2790,3
ha-15-34-7:1,2790,3
ha-15-34-7-1:1,2790,3
ha-15-34-7-2:1,2790,3
ha-15-34-8:1,2790,3
ha-15-34-8-1:1,2790,3
ha-15-34-8-2:1,2790,3
ha-15-34-8-3:1,2790,3
ha-15-34-9:1,3,1221
ha-15-35:1,2790,3
ha-15-35-1:1,2790,3
ha-15-35-2:1,2790,3
ha-15-36:1,3
ha-15-36-1:1248,1,3,2988
ha-15-36-1-1:1248,1,3,2988
ha-15-36-1-2:1248,1,3,2988
ha-15-36-1-3:1248,1,3,2988
ha-15-36-2:1,2197,1248,3
ha-15-36-3:2198,1,1248,2988,3,1221,1348
ha-15-36-3-1:2198,1,1248,2988,3,1221,1348
ha-15-36-3-2:2198,1,1248,2988,3,1221,1348
ha-15-36-3-3:2198,1,1248,2988,3,1221,1348
ha-15-36-4:1,1248,3,1214
ha-15-36-4-1:1,1248,3,1214
ha-15-36-4-2:1,1248,3,1214
ha-15-36-4-3:1,1248,3,1214
ha-15-36-5:1682,1571,1,2197,1248,3,2199
ha-15-36-5-1:1,2197,1248,3,2199
ha-15-36-5-2:1,2197,1248,3,2199
ha-15-36-5-3:1,2197,1248,3,2199
ha-15-36-6:1,2790,3
ha-15-36-7:1682,1571,1,1248,3,1348
ha-15-36-8:1682,1571,1,2790,2914,3,5685
ha-15-36-9:1682,1571,1,1248,3
ha-15-36-9-1:1,1248,3
ha-15-36-9-2:1682,1571,1,1248,3
ha-15-36-9-3:1,1248,3
ha-15-36-10:1682,1571,1,1248,2790,3
ha-15-36-10-1:1,1248,2790,3
ha-15-36-10-2:1682,1571,1,1248,2790,3
ha-15-36-11:1682,1571,1,1248,2962,2988,3,1221
ha-15-36-11-1:1,1248,2962,2988,3,1221
ha-15-36-11-2:1,1248,2962,2988,3,1221
ha-15-36-12:1682,1571,1,1248,3
ha-15-36-12-1:1,1248,3
ha-15-36-12-2:1,1248,3
ha-15-36-12-3:1,1248,3
ha-15-36-13:1,1248,3
ha-15-36-13-1:1,1248,3
ha-15-36-13-2:1,1248,3
ha-15-36-14:1,2197,1248,2988,3,1214
ha-15-36-15:1682,1571,1,1248,3
ha-15-36-16:1,2790,3
ha-15-36-16-1:1,2790,3
ha-15-36-16-2:1,2790,3
ha-15-36-17:1682,1571,1,1383,3
ha-15-36-17-1:1,1383,3
ha-15-36-17-1-1:1,1383,3
ha-15-36-17-1-2:1,1383,3
ha-15-36-17-1-3:1,1383,3
ha-15-36-17-2:1682,1571,1,1248,1383,3
ha-15-36-17-2-1:1,1248,1383,3
ha-15-36-17-2-2:1682,1571,1,1248,1383,3
ha-15-36-17-2-3:1,1248,1383,3
ha-15-36-17-3:1,1383,3
ha-15-36-17-3-1:1,1383,3
ha-15-36-17-3-2:1,1383,3
ha-15-36-18:1682,1571,1,1248,3
ha-15-36-18-1:1682,1571,1,1248,3
ha-15-36-18-2:1,1248,3
ha-15-36-19:1,1248,2790,2988,3,1348
ha-15-36-39:1,2197,1248,4364,3,2199
ha-15-36-20:1682,1571,1,1248,2988,3,2059
ha-15-36-20-1:1,1248,2988,3,2059
ha-15-36-20-2:1,1248,2988,3,2059
ha-15-36-21:1,1248,3
ha-15-36-21-1:1,1248,3
ha-15-36-21-2:1,1248,3
ha-15-36-22:1682,1571,1,3
ha-15-36-22-1:1,3
ha-15-36-22-2:1,3
ha-15-36-22-3:1,3
ha-15-36-23:1,2790,3
ha-15-36-24:1,2197,1248,3
ha-15-36-25:1,2790,3
ha-15-36-26:1,1248,3
ha-15-36-26-1:1,1248,3
ha-15-36-26-2:1,1248,3
ha-15-36-26-3:1,1248,3
ha-15-36-27:1,2028,2197,1248,2201,2988,3,2202
ha-15-36-28:1,2790,3
ha-15-36-28-1:1,2790,3
ha-15-36-28-2:1,2790,3
ha-15-36-28-3:1,2790,3
ha-15-36-29:1,2790,3
ha-15-36-30:1,2197,1248,3
ha-15-36-31:1,1248,2786,3,2199
ha-15-36-32:1,2197,1248,3
ha-15-36-33:1,1334,1248,2786,2988,3,2204
ha-15-36-34:1,1248,3
ha-15-36-34-2:1,1248,3,2205
ha-15-36-34-1:1,1248,3
ha-15-36-35:1,3
ha-15-36-35-1:1,3
ha-15-36-35-2:1,3
ha-15-36-35-3:1682,1571,1,3
ha-15-36-36:1682,1571,1,2197,1248,3
ha-15-36-37:1,1248,2988,3,1221
ha-15-36-37-1:1,1248,2988,3,1221
ha-15-36-37-2:1,1248,2988,3,1221
ha-15-36-38:1682,1571,1,2028,2197,1248,2988,3
ha-15-37:1,3,1221
ha-15-37-1:1,3,1221
ha-15-37-2:1,3,1221
ha-15-38:1,3,1221
ha-15-39:1,2790,3
ha-15-39-1:1,2790,3
ha-15-39-2:1,2790,3
ha-15-40:1,3,1221
ha-15-40-1:1,3,1221
ha-15-40-2:1,3,1221
ha-15-40-4:1,3,1221
ha-15-40-3:1,3,1221
ha-15-41:1,2790,3
ha-15-42:1,3
ha-15-42-1:3329,3328,5679,1682,1571,1408,1,3
ha-15-42-2:5679,1408,1,2207,3
ha-15-42-3:1,2790,3
ha-15-42-3-1:1,2790,3
ha-15-42-3-2:1,2790,3
ha-15-42-4:1,4,3
ha-15-42-4-1:1,4,3
ha-15-42-4-2:1,4,3
ha-15-42-4-3:1,4,3
ha-15-42-5:1,3
ha-15-42-5-2:1,3
ha-15-42-5-1:1,3
ha-15-42-6:1,2790,3,1604
ha-15-42-7:5679,1682,1571,1,3,1221
ha-15-42-7-1:1,3,1221
ha-15-42-7-2:1,3,1221
ha-15-42-7-3:1,3,1221
ha-15-42-8:1,2790,3
ha-15-42-8-1:1,2790,3
ha-15-42-8-2:1,2790,3
ha-15-42-9:5679,1,2790,3
ha-15-43:1,3
ha-15-43-1:1,3
ha-15-43-2:1,3
ha-15-44:1,2790,3
ha-15-44-1:1,2790,3
ha-15-44-2:1,2790,3
ha-15-45:1,3,1221
ha-15-45-1:1,3,1221
ha-15-45-2:1,3,1221
ha-15-46:2792,1,3
ha-15-47:1,3,1221
ha-15-47-1:1,3,1221
ha-15-47-2:1,3,1221
ha-15-48:1,2790,3
ha-15-48-1:1,2790,3
ha-15-48-2:1,2790,3
ha-15-48-3:1,2790,3
ha-15-49:1,2790,3
ha-15-49-1:1,2790,3
ha-15-49-2:1,2790,3
ha-15-49-3:1,2790,3
ha-15-50:2208,1,2956,3,1,2956,3
ha-15-50-2:2208,1,2956,3,1,2956,3
ha-15-50-3:2208,1,2956,3,1,2956,3
ha-15-51:1,3,1221
ha-15-51-1:1,3,1221
ha-15-51-2:1,3,1221
ha-15-52:1,3,1221
ha-15-52-1:1,3,1221
ha-15-52-2:1,3,1221
ha-15-53:1,2790,3
ha-15-54:1,2790,3
ha-15-54-1:1,2790,3
ha-15-54-2:1,2790,3
ha-15-54-3:1,2790,3
ha-15-55:1388,1,1295,3
ha-15-55-1:1388,1,1295,3
ha-15-55-3:1388,1,1295,3
ha-15-55-2:1388,1,1295,3
ha-15-56:1,2790,3
ha-15-56-1:1,2790,3
ha-15-56-2:1,2790,3
ha-15-57:1,3
ha-15-57-1:1,3
ha-15-57-1-1:1,3
ha-15-57-1-2:1,3
ha-15-57-2:1,2790,3
ha-15-58:1,3,1221
ha-15-59:1,3,1221
ha-15-59-1:1,3,1221
ha-15-59-2:1,3,1221
ha-15-59-3:1,3,1221
ha-15-60:1,2186,2790,2148,3
ha-15-61:1,2790,3
ha-15-62:1,3,2059
ha-15-62-1:1,2132,3,1221,2059
ha-15-62-2:1,3,1221,2059
ha-15-62-3:1,3,2059
ha-15-62-3-1:1,3,2059
ha-15-62-3-2:1,3,2059
ha-15-62-3-3:1,3,2059
ha-15-62-4:1682,1571,1,3,1221,2059
ha-15-62-5:1,3,1221,2059
ha-15-62-6:1,3,1221,2059
ha-15-62-7:2213,1,3,1221,2059
ha-15-62-8:1,3,1221,2059
ha-15-62-9:1,3,1221,2059
ha-15-62-10:1,3,1221,2059
ha-15-62-10-1:1,3,1221,2059
ha-15-62-10-2:1,3,1221,2059
ha-15-62-11:1,3,1221,2059
ha-15-63:1,2790,3
ha-15-63-1:1,2790,3
ha-15-63-2:1,2790,3
ha-15-63-3:1,2790,3
ha-15-64:1,3,1221,2059
ha-15-65:1,3
ha-15-66:1,2790,3,2214,2215
ha-15-67:1,3,1221
ha-15-68:1,3
ha-15-68-1:1,3
ha-15-68-2:1,3
ha-15-69:1,2790,3
ha-15-69-1:1,2790,3
ha-15-69-2:1,2790,3
ha-15-69-3:1,2790,3
ha-15-70:1,3,1221
ha-15-71:1,2790,3
ha-15-71-1:1,2790,3
ha-15-71-2:1,2790,3
ha-15-71-3:1,2790,3
ha-15-72:1,2790,3
ha-15-73:1,2790,3,2216
ha-15-74:1,2790,3
ha-15-75:1,3
ha-15-75-1:1,3
ha-15-75-1-1:1,3
ha-15-75-1-2:1,3
ha-15-75-1-3:1,3
ha-15-75-2:1682,1571,1,3,1221
ha-15-76:1,3,1221
ha-15-76-1:1,3,1221
ha-15-76-2:1,3,1221
ha-15-77:1,3,1221
ha-15-77-1:1,3,1221
ha-15-77-2:1,3,1221
ha-15-77-3:1,3,1221
ha-15-78:1,2790,3
ha-15-78-1:1,2790,3
ha-15-78-2:1,2790,3
ha-15-78-3:1,2790,3
ha-15-79:1333,1,3,1221
ha-15-80:1,2790,3
ha-15-80-1:1,2790,3
ha-15-80-2:1,2217,2790,3
ha-15-80-3:1,2217,2790,3
hb:2336
hb-1:30,1451,1316,1385
hb-1-1:4
hb-1-1-3:4
hb-1-1-4:4
hb-1-1-1:1543,1544,5043,5089,5041,1733,4,5042,1205
hb-1-1-2:1295,1597,4,5044,2602,1545,1566
hb-1-1-5:4
hb-1-1-6:4
hb-1-1-7:4
hb-1-2:5081,5080,1546,4,843
hb-1-3:1737,3122,1,1930,1272,1331,3111,4,2314,3,843
hb-1-3-1:50,1547,1737,3122,80,1,1930,1272,1331,3111,5010,4,2314,3,843
hb-1-3-1-1:50,1547,1737,3122,80,1,1930,1272,1331,3111,5010,4,2314,3,843
hb-1-3-1-2:50,1547,1737,3122,80,1,1930,1272,1331,3111,5010,4,2314,3,843
hb-1-3-1-3:50,1547,1737,3122,80,1,1930,1272,1331,3111,5010,4,2314,3,843
hb-1-3-2:1737,3122,1,1930,1331,3111,4,2314,3,843
hb-1-3-2-1:5100,1737,3122,1,1930,1272,5101,1331,3111,4,2314,3,843
hb-1-3-2-4:1737,3122,1,1930,1272,1331,3111,4,2314,3,843
hb-1-3-2-5:5099,1737,3122,1,1930,1272,1331,3111,4,2314,3,843
hb-1-3-2-2:5100,1737,3122,1,1930,1272,1331,3111,4,2314,3,843
hb-1-3-2-6:1737,3122,1,1930,1272,1331,3111,4,2314,3,843
hb-1-3-2-3:1737,3122,1,1930,1272,1331,3111,5102,4,2602,2314,3,1566,843
hb-1-3-3:3138,1737,3122,1,1930,1272,3111,4,3,843
hb-1-3-3-2:3138,1737,3122,1,1930,1272,1331,3111,4,3,843
hb-1-3-3-3:3138,1737,3122,1,1930,1272,1331,3111,4,3,843
hb-1-3-3-1:5103,3138,1737,3122,1563,1,1930,1272,1331,5105,5104,3111,4,3,843
hb-1-3-3-4:3138,1737,3122,1,1930,1272,1331,3111,4,3,843
hb-1-3-4:1737,1682,1571,3122,1,1930,1272,1331,3111,4,3,1221,843
hb-1-3-5:1737,3122,1,1930,1272,3111,4,2314,3,843
hb-1-3-6:1737,3122,1,1930,1272,3111,4,3,843
hb-1-3-7:1737,3122,1,1930,1272,3111,4,3,843
hb-1-3-8:1737,3122,1,1930,1272,3111,4,3,843
hb-1-4:1,1272,1248,5010,5106,3,1221,1549
hb-1-4-1:1547,1682,1571,1,1859,1272,1248,5010,4,5106,3,1221,1549
hb-1-4-2:3122,1,1272,1248,5108,5010,5106,5109,3,1221,1549
hb-1-4-2-1:3122,1,1272,1248,5108,5010,5106,5109,3,1221,1549
hb-1-4-2-2:3122,1,1272,1248,5108,5010,5106,5109,3,1221,1549
hb-1-4-3:1682,1571,1563,1,1272,1248,5010,5106,3,1221,1549
hb-1-4-4:1682,1571,1,1272,1248,5010,1550,5106,1551,3,1221,1549
hb-1-4-4-1:1,1272,1248,5010,1550,5106,1551,3,1221,1549
hb-1-4-4-2:1,1272,1248,5010,1550,5106,1551,3,1221,1549
hb-1-4-5:1682,1571,1,1272,2197,1248,5010,4,1550,5106,1551,3,1221,1549,1552
hb-1-4-12:1,1272,1248,5010,5106,3,1221
hb-1-4-6:1682,1,1272,1248,5010,5106,3,1221,1332
hb-1-4-7:5110,1,1272,1248,5010,5106,3,1221,1553,1556,1549
hb-1-4-8:1,1272,1248,5010,5106,3,1221,1553,1556,843
hb-1-4-8-1:1,1272,1248,5111,5010,5106,3,1221,1581,1553,1556,843
hb-1-4-8-1-1:1,1272,1248,5111,5010,5106,3,1221,1581,1553,1556,1549,843
hb-1-4-8-1-2:1,1272,1248,5111,5010,5106,3,1221,1581,1553,1556,1549,843
hb-1-4-8-2:1,1272,5010,5106,3,1221,1581,1553,1556,1549,843
hb-1-4-13:1,1272,1248,5010,5106,3,1221,1549
hb-1-4-9:30,1682,1571,1,1272,1248,5010,5106,3,1221,1555,1556
hb-1-4-9-1:30,1,1272,1248,5010,1554,5106,3,1221,1555,1556,1549
hb-1-4-9-2:30,1,1272,1248,5010,1554,5106,3,1221,1555,1556,1549
hb-1-4-9-3:30,1,1272,1248,5010,1554,5106,3,1221,1555,1556,1549
hb-1-4-9-4:30,1,1272,1248,5010,1554,5106,3,1221,1555,1556,1549
hb-1-4-10:1682,1571,1,1272,1248,5010,5106,3,1221,1261,1549,5107
hb-1-4-11:30,1682,1571,1,1272,1248,5010,5106,3,1221,2988,1549
hb-1-4-11-1:30,1571,1,1272,1248,5010,5106,3,1221,2988,1549
hb-1-4-11-2:30,1571,1,1272,1248,5010,5106,3,1221,2988,1549
hb-1-4-11-3:30,1571,1,1272,1248,5010,1554,5106,3,1221,2988,1549
hb-1-5:1,5113,1557,1458,1677,5112,4,3,2824
hb-1-6:1598,5114,1384,1637,1456,1261,1566,1564
hb-1-7:5001,80,4
hb-1-7-1:5001,80,4
hb-1-7-2:5001,80,4
hb-1-8:3138,1563,1261,843
hb-1-8-1:5679,3138,1563,1384,1261,1566,1559,1564,843
hb-1-8-1-1:3138,1563,1384,1261,1566,1559,1564,843
hb-1-8-1-2:3138,1563,1384,1261,1566,1559,1564,843
hb-1-8-1-3:3138,1563,1384,1261,1566,1559,1564,843
hb-1-8-7:3138,1563,1261,843
hb-1-8-8:3138,1563,1261,843
hb-1-8-2:30,3138,1563,80,4,1261,2778,843
hb-1-8-9:3138,1261,843
hb-1-8-3:3138,1384,1261,1690,843
hb-1-8-3-1:3138,1384,1261,1690,843
hb-1-8-3-2:3138,1384,1261,1690,843
hb-1-8-3-3:3138,1384,1261,1690,843
hb-1-8-4:3138,3006,2784,1563,1,3,5115,5116,1562,1261,843
hb-1-8-4-1:3138,5115,5116,1562,1261,843
hb-1-8-4-2:3138,5116,1562,1261,843
hb-1-8-4-3:3138,3006,2784,1563,1,3,5115,5116,1562,1261,843
hb-1-8-10:3138,1261,843
hb-1-8-5:3138,1682,1571,1563,1,3,1261,5117,1564,843
hb-1-8-5-4:3138,1,3,1261,1564,843
hb-1-8-5-1:1598,3138,1,5118,1637,3,1261,1285,5117,5119,1564,843
hb-1-8-5-2:3138,1682,1571,1,1637,2825,5121,5122,5120,3,1221,1261,5117,1564,843
hb-1-8-5-5:3138,1,3,1261,1564,843
hb-1-8-5-6:3138,1,3,1261,1564,843
hb-1-8-5-3:3138,1,1565,4,3,1261,73,5117,1564,843
hb-1-8-6:2319,5679,3138,5123,1563,1,1595,3111,2826,3,1261,1566,843
hb-1-8-6-1:2319,3138,5123,1,1595,3111,2826,3,1261,1566,843
hb-1-8-6-2:2319,3138,5123,1,1595,3111,2826,3,1261,1566,843
hb-1-8-6-3:2319,3138,5123,1,1595,3111,2826,3,1261,1566,843
hb-1-8-6-4:2319,3138,5123,1,1595,3111,2826,3,1261,1566,843
hb-1-8-6-5:2319,3138,5123,1563,1,1595,3111,2826,3,1261,1566,843
hb-1-8-6-6:2319,3138,5123,1563,1,1595,3111,2826,3,1261,1566,843
hb-1-8-11:3138,1261,843
hb-1-8-12:3138,1261,843
hb-1-9:1451,1452,3098,1458,5124
hb-1-9-8:30,1452,1567,837
hb-1-9-1:1451,1452,3098,1567,1458,5135
hb-1-9-1-1:1451,1452,3098,1567,1458,5135
hb-1-9-1-2:1451,1452,3098,1567,1458,5135
hb-1-9-1-3:1451,1452,3098,1567,1458,5135
hb-1-9-2:30,1451,3415,1570,1452,3098,1567,1458,1456,1285,5135
hb-1-9-2-1:30,1451,3415,1570,1452,3098,1567,1458,1456,1285,5135
hb-1-9-2-2:30,1451,3415,1570,1452,3098,1567,1458,1456,1285,5135
hb-1-9-2-2-1:30,1451,3415,1570,1452,3098,1567,1458,1456,1285,5135
hb-1-9-2-2-2:30,1451,3415,1570,1452,3098,1567,1458,1456,1285,5135
hb-1-9-2-3:30,1451,3415,1570,1452,3098,1567,1458,1456,1285,5135
hb-1-9-3:1451,1452,3098,1567,1458
hb-1-9-3-1:1451,1452,3098,1567,1458
hb-1-9-3-2:1451,1452,3098,1567,1458
hb-1-9-4:1451,1452,3098,1567,1458,1456,1568
hb-1-9-5:1451,1452,3098,1458
hb-1-9-6:30,1451,1570,1452,3098,1567,1458,2963,1569,1261,5124,5125
hb-1-9-6-1:30,1451,5126,1570,1452,3098,1567,1458,2963,1261,5124,5125
hb-1-9-6-1-1:30,1451,5126,1570,1452,3098,1567,1458,2963,1261,5124,5125
hb-1-9-6-1-2:30,1451,5126,1570,1452,3098,1567,1458,2963,1261,5124,5125
hb-1-9-6-10:30,1451,3123,1570,1452,3098,1567,5128,1458,2963,5127,5124,5125
hb-1-9-6-2:30,1451,5129,5130,1570,1452,3098,1567,1458,2963,1261,5124,5125
hb-1-9-6-3:30,1451,5131,1570,1452,3098,1567,1458,2963,1261,5124,5125
hb-1-9-6-4:30,1451,1570,1452,3098,1567,5132,1458,2963,1261,5124,5125
hb-1-9-6-4-1:30,1451,1570,1452,3098,1567,5132,1458,2963,1261,5124,5125
hb-1-9-6-4-2:30,1451,1570,1452,3098,1567,5132,1458,2963,1261,5124,5125
hb-1-9-6-4-3:30,1451,1570,1452,3098,1567,5132,1458,2963,1261,5124,5125
hb-1-9-6-4-4:30,1451,1570,1452,3098,1567,5132,1458,2963,1261,5124,5125
hb-1-9-6-4-5:30,1451,1570,1452,3098,1567,5132,1458,2963,1261,5124,5125
hb-1-9-6-5:30,1451,1570,1452,3098,1567,1458,2963,5133,5686,5682,1261,5124,837
hb-1-9-6-5-1:30,1451,1570,1452,3098,1567,1458,2963,5133,1261,5124,837
hb-1-9-6-5-2:30,1451,1570,1452,3098,1567,1458,2963,5133,1261,5124,837
hb-1-9-6-6:30,1451,1570,1452,3098,1567,1458,2963,5134,1261,5124,5125
hb-1-9-6-6-1:30,1451,1570,1452,3098,1567,1458,2963,5134,1261,5124,5125
hb-1-9-6-6-2:30,1451,1570,1452,3098,1567,1458,2963,5134,1261,5124,5125
hb-1-9-6-6-3:30,1451,1570,1452,3098,1567,1458,2963,5134,1261,5124,5125
hb-1-9-6-6-4:30,1451,1570,1452,3098,1567,1458,2963,5134,1261,5124,5125
hb-1-9-6-6-5:30,1451,1570,1452,3098,1567,1458,2963,5134,1261,5124,5125
hb-1-9-6-7:30,1451,1570,1452,3098,1567,1458,2963,1261,5137,5124,5125,837
hb-1-9-6-11:30,1451,1570,1452,3098,1567,1458,2963,1569,1261,5124,5125
hb-1-9-6-8:30,1451,1570,1452,3098,1567,1458,2963,1569,1261,5136,5135,5124,5125,837
hb-1-9-6-9:30,1451,1570,1452,3098,1567,1458,2963,1261,5137,5124,5125
hb-1-9-6-9-1:30,1451,1570,1452,3098,1567,1458,2963,1261,5137,5124,5125
hb-1-9-6-9-2:30,1451,1570,1452,3098,1567,1458,2963,1261,5137,5124,5125
hb-1-9-6-9-3:30,1451,1570,1452,3098,1567,1458,2963,1261,5137,5124,5125
hb-1-9-6-9-4:30,1451,1570,1452,3098,1567,1458,2963,1261,5137,5124,5125
hb-1-9-6-9-5:30,1451,1570,1452,3098,1567,1458,2963,1261,5137,5124,5125
hb-1-9-6-9-6:30,1451,1570,1452,3098,1567,1458,2963,1261,5137,5124,5125
hb-1-9-6-9-7:30,1451,1570,1452,3098,1567,1458,2963,1261,5137,5124,5125
hb-1-9-6-12:30,1451,1570,1452,3098,1567,1458,2963,1569,1261,5124,5125
hb-1-9-7:1451,1570,3098,1567,1458,2963,5124
hb-1-9-7-3:1451,5140,1570,1452,3098,1567,1458,2963,5124
hb-1-9-7-3-1:1451,5140,1570,1452,3098,1567,1458,2963,5124
hb-1-9-7-3-2:1451,5140,1570,1452,3098,1567,1458,2963,5124
hb-1-9-7-4:1567
hb-1-9-7-2:1451,1570,1452,3098,1567,1458,2963,5124
hb-1-9-7-1:1451,3415,1570,1452,3098,1567,1458,2963,5124,5138,5139
hb-1-9-7-6:1451,1570,3098,1567,1458,2963
hb-1-31:1,4,3
hb-1-31-1:3087,1682,1856,1571,1,1924,1830,5480,4,3,1925,1261
hb-1-31-3:1,4,3
hb-1-31-5:1,1830,5480,3
hb-1-31-2:1,4,3
hb-1-31-4:1,4,3
hb-1-10:30,1682,1571,1272,5045,5046,3124,2828,5047,5010,1572
hb-1-10-1:30,1682,1571,1272,5045,3124,2828,5047,5010,1572
hb-1-10-2:30,1682,1571,1272,5045,3124,2828,5047,5010,1572
hb-1-10-3:30,1682,1571,5048,1272,5045,3124,2828,5047,5010,1572
hb-1-10-4:30,1682,1571,1272,5045,3124,2828,5047,5010,1572
hb-1-10-5:30,1682,1571,1272,5045,3124,2828,5047,5010,1572
hb-1-10-6:30,1682,1571,1272,5045,3124,2828,5047,5010,1572
hb-1-10-7:30,1682,1571,1272,5045,3124,2828,5047,5010,1572
hb-1-10-8:30,1682,1571,1272,5045,3124,2828,5047,5010,1572
hb-1-10-9:30,1682,1571,1272,5045,3124,2828,5047,5010,1572
hb-1-10-10:30,1682,1571,1272,5045,3124,2828,5047,5010,1572
hb-1-10-11:30,1682,1571,1272,5045,3124,2828,5047,5010,1572
hb-1-11:894,50,1,2972,4,3,837,843
hb-1-11-6:894,2972,50,80,4,2778,837,843
hb-1-11-7:894,2972,1259,5049,4,837,843
hb-1-11-9:50,1,2972,4,3,843
hb-1-11-8:894,50,1637,5050,4,837,843
hb-1-11-10:894,50,1,2972,4,3,837,843
hb-1-11-11:894,50,1,2972,4,3,837,843
hb-1-11-12:50,1,2972,4,3,843
hb-1-11-13:894,50,1,2972,4,3,837,843
hb-1-27:30
hb-1-28:30
hb-1-12:2228,1333,1574,5051,1221
hb-1-29:30
hb-1-13:5052,1362,1272,3126,5053,1205,1221,1575
hb-1-13-1:5052,1362,1272,3126,5053,1205,1221,1575
hb-1-13-2:5052,1362,1272,3126,5053,1205,1221,1575
hb-1-13-3:5052,1362,1272,3126,5053,1205,1221,1575
hb-1-13-4:5052,1362,1272,3126,5053,1205,1221,1575
hb-1-13-5:5052,1362,1272,3126,5053,1205,1221,1575
hb-1-13-6:5052,1362,1272,3126,5053,1205,1221,1575
hb-1-26:30,80,1,2638,5098,4,3,1566,843
hb-1-26-1:30,80,1,2638,5098,4,3,1566,843
hb-1-26-2:30,80,1,2638,5098,4,3,1566,843
hb-1-26-3:30,80,1,2638,5098,4,3,1566,843
hb-1-30:30
hb-1-14:1,2527,1733,4,3330,5054,3,1719,5055
hb-1-15:1576,1556
hb-1-15-1:30,1577,5056,1576,1556
hb-1-15-2:5057,1578,1581,1553,1576
hb-1-15-8:1261,1581,1576,1556
hb-1-15-3:1579,1261,1581,1553,1576,1556
hb-1-15-7:1581,1553,1576,1556
hb-1-15-4:5058,5059,1261,1576,1556
hb-1-15-9:5060,1581,1576,1556
hb-1-15-5:1580,1581,1553,1576,1556
hb-1-15-6:1261,1553,1576,1556
hb-1-16:1598,30,1452,1458,2963,5306,5124,1564
hb-1-16-1:1598,30,1452,1458,2963,5306,5124,1564
hb-1-16-2:1598,30,1452,1458,2963,5306,5124,1564
hb-1-16-3:1598,30,1452,1458,2963,5306,5124,1564
hb-1-16-4:1598,30,1452,1458,2963,5306,5124,1564
hb-1-16-5:1598,30,1452,1458,2963,5306,5124,1564
hb-1-16-6:1598,30,1452,1458,2963,5306,5124,1564
hb-1-16-7:1598,30,1452,1458,2963,5306,5124,1564
hb-1-17:4,3127,1221
hb-1-17-1:1682,1571,1,2404,4,3127,1205,3,1221,5061
hb-1-17-1-1:1682,1856,1571,1,1744,2404,4,1582,3127,1205,3,1221,1283,5061
hb-1-17-1-5:1,2404,4,3127,1205,3,5061
hb-1-17-1-2:1856,1,2404,4,3127,1205,3,1634,1221,5062,1583,1585,5061
hb-1-17-1-3:1,1597,2404,4,3127,1205,3,5063,5064,1586,5061
hb-1-17-1-3-1:1,1597,2404,4,3127,1205,3,5064,1586,5061
hb-1-17-1-3-2:1,1597,2404,4,3127,1205,3,5064,1586,5061
hb-1-17-1-4:30,1682,1856,1571,1,2404,4,3127,1205,3,1283,1587,5061
hb-1-17-2:30,1267,1682,1856,1571,1,5065,1208,4,1582,3127,3,1221
hb-1-17-2-1:30,1267,1856,1,5065,1208,4,1582,3127,3,1221
hb-1-17-2-2:30,1267,1856,1,5065,1208,4,3127,3,1221
hb-1-17-2-3:30,1267,1856,1,5065,1208,4,3127,3,1221
hb-1-17-3:30,1,3102,2404,4,3127,1205,3,1634
hb-1-17-3-2:30,1,3102,2404,4,3127,1205,3,1634
hb-1-17-3-3:30,1,3102,2404,4,3127,1205,3,1634
hb-1-17-3-4:30,1,3102,2404,4,3127,1205,3,1634
hb-1-17-3-5:30,1,3102,2404,4,3127,1205,3,1634
hb-1-17-3-6:30,1,3102,2404,4,3127,1205,3,1634
hb-1-17-3-1:30,1267,1531,1,3102,2786,2404,3127,1205,3,1634,2405
hb-1-17-3-1-1:1267,1531,1527,1,3102,2786,2404,3127,1205,3,1634
hb-1-17-3-1-2:1267,1531,1,2989,3102,2786,2404,3127,1205,3,1634,73
hb-1-17-3-1-3:1267,1531,1,3102,2786,2404,3127,1205,3,1634,2405,5066,2406
hb-1-17-3-1-4:1267,1531,1,5067,3102,2786,1208,2404,3127,1205,3,1634,2405,5066
hb-1-17-3-1-5:1267,1531,1,2062,3102,2786,2404,3127,1205,3,1634,2405,2406
hb-1-17-3-7:30,1,3102,2404,4,3127,1205,3,1634
hb-1-17-4:30,1,1588,4,3127,3
hb-1-17-4-1:30,1,1588,4,3127,3
hb-1-17-4-2:30,1,1588,4,3127,3
hb-1-17-4-3:30,1,1588,4,3127,3
hb-1-17-5:30,1,1744,2404,4,3127,3,1221
hb-1-17-5-1:30,5069,1,1744,5070,2404,2914,4,3127,3,1635,5068,5685
hb-1-17-5-1-1:30,1,1744,1295,5070,2404,4,3127,3,1635,5068
hb-1-17-5-1-2:1,1744,1295,5070,2404,4,3127,3,1634,1635,5068
hb-1-17-5-1-3:1,1744,5070,2404,4,3127,3,1635,5068
hb-1-17-5-1-5:30,1,1744,5070,2404,4,3127,3,1635,5068
hb-1-17-5-1-6:30,1,1744,5070,2404,4,3127,3,1635,5068
hb-1-17-5-1-4:1,1744,1295,5070,2404,2914,4,3127,3,1635,5068,5685
hb-1-17-5-1-7:30,1,1744,5070,2404,4,3127,3,1635,5068
hb-1-17-5-2:30,1,5072,1589,5071,1744,1295,2404,4,3127,3,1221,1635
hb-1-17-5-4:30,1,1744,2404,4,3127,3,1221
hb-1-17-5-5:30,1,1744,2404,4,3127,3,1221
hb-1-17-5-3:30,1,1744,2404,4,3127,3,1221,5074,5075,5073
hb-1-18:1563,1,4,3,1221
hb-1-18-3:1,4,3
hb-1-18-4:1563,1,4,3,1221
hb-1-18-5:1563,1,4,3
hb-1-18-6:1563,1,4,3,1221
hb-1-18-1:1682,1571,1563,5076,5077,4,3128,1221
hb-1-18-7:1,4,3
hb-1-18-8:1563,1,4,3,1221
hb-1-18-9:1563,1,4,3,1221
hb-1-18-2:30,1563,2404,4,1205,1518,1214,5078
hb-1-18-2-1:30,1563,2404,4,1205,1518,1214,5078
hb-1-18-2-2:30,1563,2404,4,1205,1518,1214,5078
hb-1-18-2-3:30,1563,2404,4,1205,1518,1214,5078
hb-1-18-10:1563,1,4,3
hb-1-18-11:1563,1,4,3
hb-1-19:1362,80,4,5079,1716
hb-1-20:2590,4
hb-1-20-6:2590,4
hb-1-20-1:1571,2590,4,3129,1591
hb-1-20-7:2590,4
hb-1-20-2:2590,5083,4,5082,1593
hb-1-20-8:2590,4
hb-1-20-3:2590,1272,5084,4,1634
hb-1-20-3-1:2590,1272,5084,4,1634,5085
hb-1-20-3-2:2590,1272,5084,4,1634,5085
hb-1-20-3-3:2590,1272,5084,3289,4,1634,5085
hb-1-20-9:2590,4
hb-1-20-4:2590,5086,1594,4,2778,837
hb-1-20-10:2590,4
hb-1-20-11:2590,4
hb-1-20-11-1:2590,1649,4,5087
hb-1-20-5:2590,1649,4,5087
hb-1-21:80,4,1566,1556,843
hb-1-22:3344,1285
hb-1-23:5088,1563,5089,80,1595,4,2778
hb-1-24:3138,5089,80,1,1595,2148,3,2778,2830
hb-1-24-7:3138,5089,80,1,1595,2148,3,2778,2830
hb-1-24-1:3138,5091,80,1,1595,5090,2148,3,2778,2830
hb-1-24-1-1:3138,5091,80,1,1595,5090,2148,3,2778,2830
hb-1-24-1-2:3138,5091,80,1,1595,5090,2148,3,2778,2830
hb-1-24-2:3138,5089,80,1,1595,2989,2148,3,2778,2830
hb-1-24-2-1:3138,5089,80,1,1595,2989,2148,3,2778,2830
hb-1-24-2-2:3138,5089,80,1,1595,2989,2148,3,2778,2830
hb-1-24-8:3138,5089,80,1,1595,2148,3,2778,2830
hb-1-24-3:3138,5089,80,1,1595,2148,3,2778,2830
hb-1-24-9:3138,5089,80,1,1595,2148,3,2778,2830
hb-1-24-10:3138,5089,80,1,1595,2148,3,2778,2830
hb-1-24-4:3138,5089,80,1,1595,5092,2148,5093,3,2778,5094,2830
hb-1-24-5:30,3138,5089,80,1,1595,2148,3,5095,2778,2830,5096
hb-1-24-11:3138,5089,80,1,1595,2148,3,2778,2830
hb-1-24-6:3138,5091,80,1,1595,1208,2148,3,2778,5097,2830
hb-1-25:1598,1384,1676,1677,1285,1566
hb-2:5147,1285,2831
hb-2-1:2056,1637,5147,5141,5142,1456,2831
hb-2-2:5147,4,1221,2831
hb-2-2-1:1408,1603,1295,5147,4,1221,1285,1324,2831
hb-2-2-2:5143,5678,2927,5147,2781,4,1285,2831,843
hb-2-2-4:5147,4,1221,1285,2831
hb-2-3:80,1,5147,4,3
hb-2-3-6:80,1,5147,4,3,1285
hb-2-3-1:80,1,5147,5146,1236,2914,4,3,1719,1221,1285,73,5685
hb-2-3-1-1:80,1,5147,5146,1236,4,3,1719,1221,1285,73
hb-2-3-1-2:80,1,5147,5146,1236,4,3,1719,1221,1285,73
hb-2-3-1-3:80,1,5147,5146,1236,4,3,1719,1221,1285,73
hb-2-3-1-4:80,1,5147,5146,1236,4,3,1719,1221,1285,73
hb-2-3-7:80,1,5147,4,3,1285
hb-2-3-2:80,5147,2914,4,1285,3282,5685
hb-2-3-3:80,1,5147,5146,2914,4,3,1285,73,5685
hb-2-3-3-1:80,1,5147,5146,4,3,1285,73
hb-2-3-3-2:80,1,5147,5146,4,3,1285,73
hb-2-3-3-3:80,1,5147,5146,4,3,1285,73
hb-2-3-3-4:80,1,5147,5146,4,3,1285,73
hb-2-3-4:80,1,2062,5147,2914,4,3,1285,73,5685
hb-2-3-5:80,3102,5147,4,2794,1205,1285
hb-2-6:5147,1285,2831
hb-2-7:5147,1221,1285,2831
hb-2-4:5144,5147,5145,4,1221,1285,2831
hb-2-5:5147,5146,4,1285
hb-3:30,1451,1316,1,1385,4,3,1285,1716,837
hb-3-1:1563,4,1785,1285,2778,1564
hb-3-1-1:1737,1682,1571,1563,1,3012,1342,1514,4,3,1785,1285,2778,5148,1564
hb-3-1-1-1:1737,1563,1,3012,1342,1514,4,3,1785,1285,2778,5148,1564
hb-3-1-1-2:1737,1563,1,3012,1342,1514,4,3,1785,1285,2778,5148,1564
hb-3-1-2:4,1785,1285,2778,1564
hb-3-1-3:1563,4,1785,1285,2778,1564
hb-3-2:1637,1385,4,1261,1285,1559,837
hb-3-2-1:30,1563,5235,1637,1385,4,1456,1261,1285,1637,1617,1559
hb-3-2-1-1:30,5679,1563,1,1629,5235,1637,1385,4,1456,3,1261,1285,1637,73,1617,5236,1559
hb-3-2-1-2:30,5679,1563,5235,1637,1385,4,1456,1261,1285,1637,1617,1559
hb-3-2-1-2-1:30,1563,5235,1637,1385,4,1456,1261,1285,1637,1617,1559
hb-3-2-1-2-2:30,1563,5235,1637,1385,4,1456,1261,1285,1637,1617,1559
hb-3-2-1-2-3:30,1563,5235,1637,1385,4,1456,1261,1285,1637,1617,1559
hb-3-2-1-11:30,1563,1,1629,5235,1637,1385,4,1456,3,1261,1285,1637,73,1617,1559
hb-3-2-1-3:30,5238,1682,1571,1563,1408,1603,5235,1637,1295,1597,2255,1385,2914,4,1456,1261,1285,1637,1617,1559,5685
hb-3-2-1-4:30,5679,1563,1,5235,5239,1637,1597,1385,4,5686,1456,3,5682,1261,1285,1637,1617,1604,1559
hb-3-2-1-4-1:30,1563,1,5235,5239,1637,1597,1385,4,1456,3,1261,1285,1637,1617,1604,1559
hb-3-2-1-4-2:30,1563,1,5235,5239,1637,1597,1385,4,1456,3,1261,1285,1637,1617,1604,1559
hb-3-2-1-4-3:30,1563,1,5235,5239,1637,1597,1385,4,1456,3,1261,1285,1637,1617,1604,1559
hb-3-2-1-12:30,1563,1629,5235,1637,1385,4,1456,1261,1285,1637,1617,1559
hb-3-2-1-5:30,5679,1563,1629,1630,5235,1637,1385,4,4051,1456,1261,1285,1637,1617,1559,837,1558,843
hb-3-2-1-6:1598,30,5679,1563,1629,1384,5235,1637,1385,4,1456,1261,1285,1637,1617,1559,843,1753
hb-3-2-1-7:2972,30,1563,5235,1637,1385,4,1456,1261,1285,1637,1617,1559,1753,5240
hb-3-2-1-7-1:2972,30,1563,5235,1637,1385,4,1456,1261,1285,1637,1617,1559,1753,5240
hb-3-2-1-7-2:2972,30,1563,5235,1637,1385,4,1456,1261,1285,1637,1617,1559,1753,5240
hb-3-2-1-8:30,5679,1563,1,1629,5235,1637,1385,4,1456,3,1261,1285,1637,1617,1559,843
hb-3-2-1-9:1563,5235,1637,5241,1385,4,1456,1261,1285,1637,1617,1599,1559
hb-3-2-1-10:1563,1,5235,1637,3004,1385,4,1456,3,1261,1285,1637,5237,2778,1617,1559,843
hb-3-2-2:30,5679,1,1637,1718,1385,4,1627,3,1261,1285,1637,1559,837
hb-3-2-10:1637,4,1261,1285,1559,837
hb-3-2-3:30,5679,1563,1,5678,5242,2927,1637,1385,2781,4,1627,1456,3,1261,1285,1617,1559,837
hb-3-2-4:1682,1571,1600,1637,1385,4,1456,1261,1285,1559
hb-3-2-4-1:1600,1637,1385,4,1456,1261,1285,1559
hb-3-2-4-2:1600,1637,1385,4,1456,1261,1285,1559
hb-3-2-4-3:1600,1637,1385,4,1456,1261,1285,1559
hb-3-2-4-4:1600,1637,1385,4,1456,1261,1285,1559
hb-3-2-5:5679,1682,1571,1,1637,2914,4,3,1261,1285,73,1559,843,5685
hb-3-2-5-4:1,1637,4,3,1261,1285,73,1559,843
hb-3-2-5-1:5679,1682,1571,1,2989,1637,4,3,1261,1285,73,1559,843
hb-3-2-5-1-13:1,2989,1637,4,3,1261,1285,73,1559,843
hb-3-2-5-1-14:1,2989,1637,4,3,1261,1285,73,1559,843
hb-3-2-5-1-12:2319,3138,3111,2989,1637,4,1261,1285,73,1559,2203,843
hb-3-2-5-1-12-1:2319,3138,3111,2989,1637,4,1261,1285,73,1559,2203,843
hb-3-2-5-1-12-2:2319,3138,3111,2989,1637,4,1261,1285,73,1559,2203,843
hb-3-2-5-1-3:1737,1,5243,2989,1637,4,3,1261,1285,73,1559,843
hb-3-2-5-1-4:1,5244,2989,1637,4,3,1261,1285,73,1559,843
hb-3-2-5-1-5:1,5246,5245,2989,1637,1597,1654,4,3,1261,1285,73,1559,843
hb-3-2-5-1-6:1,2989,1637,1333,2982,2616,4,5247,2794,1205,3,1261,73,1559,843
hb-3-2-5-1-6-1:1,2989,1637,1333,2982,2616,4,5247,2794,1205,3,1261,73,1559,843
hb-3-2-5-1-6-2:1,2989,1637,1333,2982,2616,4,5247,2794,1205,3,1261,73,1559,843
hb-3-2-5-1-6-3:1,2989,1637,1333,2982,2616,4,5247,2794,1205,3,1261,73,1559,843
hb-3-2-5-1-6-4:1,2989,1637,1333,2982,2616,4,5247,2794,1205,3,1261,73,1559,843
hb-3-2-5-1-7:1629,2989,1637,4,1456,1261,1285,73,1559,843
hb-3-2-5-1-8:5679,1,2989,1637,4,3,1261,1285,73,1559,843
hb-3-2-5-1-8-1:5249,5679,3138,1,1384,1601,5248,2989,1637,4,3,1261,1285,73,1559,843
hb-3-2-5-1-8-1-1:5249,3138,1,1384,1601,5248,2989,1637,4,3,1261,1285,73,1559,843
hb-3-2-5-1-8-1-2:5249,3138,1,1384,1601,5248,2989,1637,4,3,1261,1285,73,1559,843
hb-3-2-5-1-8-1-3:5249,3138,1,1384,1601,5248,2989,1637,4,3,1261,1285,73,1559,843
hb-3-2-5-1-8-2:5679,1,1602,2989,1637,4,3,1261,1285,73,1559,1606,843
hb-3-2-5-1-8-4:1,2989,1637,4,3,1261,1285,73,1559,843
hb-3-2-5-1-8-5:1,2989,1637,4,3,1261,1285,73,1559,843
hb-3-2-5-1-8-6:1,2989,1637,4,3,1261,1285,73,1559,843
hb-3-2-5-1-8-7:1,2989,1637,4,3,1261,1285,73,1559,843
hb-3-2-5-1-8-3:1598,5679,1384,5250,2989,1637,4,1261,1285,73,1559,843
hb-3-2-5-1-8-8:1,2989,1637,4,3,1261,1285,73,1559,843
hb-3-2-5-1-9:1682,1571,1408,1603,5252,1,5678,2927,2989,1637,1295,2781,2914,5251,4,3,1261,1285,73,1559,843,5685
hb-3-2-5-1-15:1,2989,1637,4,3,1261,1285,73,1559,843
hb-3-2-5-1-16:1,2989,1637,4,3,1261,1285,73,1559,843
hb-3-2-5-1-10:3138,2336,2989,1637,4,2148,1261,1285,73,1604,1559,1558,843
hb-3-2-5-1-11:80,1,1605,2989,1637,4,3,1261,1285,73,1559,843
hb-3-2-5-2:5679,1408,1,5678,2927,1637,2781,4,3,1261,1285,73,1559,843
hb-3-2-5-2-11:1408,1,1637,4,3,1261,1285,73,1559,843
hb-3-2-5-2-1:1408,5253,1637,1669,1295,2914,4,1261,1285,73,1559,1635,1606,843,5685
hb-3-2-5-2-2:1388,1251,1408,2062,1637,1208,2194,1295,4,1261,1285,2344,73,1559,1606,843
hb-3-2-5-2-3:1563,1408,1,1637,4,1261,1285,73,1559,1607,843
hb-3-2-5-2-4:5679,2784,1408,80,1637,2914,4,1261,1285,73,1559,2817,843,5685
hb-3-2-5-2-12:1408,1,1637,4,3,1261,1285,73,1559,843
hb-3-2-5-2-5:2184,1408,1637,2186,4,1261,1285,73,1559,843
hb-3-2-5-2-6:30,1251,1563,1408,1,2989,2062,1637,4,3,1261,1285,73,1559,843
hb-3-2-5-2-7:1408,1637,4,1261,1285,73,1559,843
hb-3-2-5-2-8:5679,1682,1571,1408,1637,4,5255,1261,1285,5254,73,1273,1559,843
hb-3-2-5-2-9:1682,1571,1408,1637,1333,4,1261,1285,73,1559,843
hb-3-2-5-2-10:2184,1408,2832,1637,2186,4,1261,1285,73,1559,843
hb-3-2-5-2-13:1408,1,1637,4,3,1261,1285,73,1559,843
hb-3-2-5-2-14:1408,1,1637,4,3,1261,1285,73,1559,843
hb-3-2-5-3:1682,1571,1563,1,1637,4,3,1261,1285,73,1617,5256,1559,843
hb-3-2-5-3-9:1563,1,1637,4,3,1261,1285,73,1617,5256,1559,843
hb-3-2-5-3-10:1563,1,1637,4,3,1261,1285,73,1617,5256,1559,843
hb-3-2-5-3-1:1563,5257,1637,1649,4,1261,1285,73,1617,5256,1559,843
hb-3-2-5-3-2:2184,1563,2832,1637,2186,1597,4,1261,1285,73,1617,5256,1273,1559,843
hb-3-2-5-3-11:1563,1,1637,4,3,1261,1285,73,1617,5256,1559,843
hb-3-2-5-3-3:5258,1563,1408,1779,1637,1295,1597,4,1608,1261,1285,73,1617,5256,1559,843
hb-3-2-5-3-12:1563,1,1637,4,3,1261,1285,73,1617,5256,1559,843
hb-3-2-5-3-4:1563,1,1637,2186,1597,4,3,1261,1285,73,1617,5256,1559,843
hb-3-2-5-3-13:1563,1,1637,4,3,1261,1285,73,1617,5256,1559,843
hb-3-2-5-3-5:1682,1571,1563,5260,5259,1609,1637,4,1261,1285,73,1617,5256,1559,843
hb-3-2-5-3-5-1:1563,5260,5259,1609,1637,4,1261,1285,73,1617,5256,1559,843
hb-3-2-5-3-5-2:1563,5260,5259,1609,1637,4,1261,1285,73,1617,5256,1559,843
hb-3-2-5-3-6:1682,1571,1563,1,1637,1295,1654,4,1545,3,1261,1285,1610,1611,1612,73,1617,5256,1559,843
hb-3-2-5-3-7:1563,1408,1613,1,1930,1637,2255,4,3,1261,1285,73,1617,5256,1559,843
hb-3-2-5-3-8:1682,1571,1563,5183,1408,1613,1637,5010,4,1261,1285,73,1617,5256,1273,1559,843
hb-3-2-6:5679,1614,5261,1384,1637,3130,4,1261,1285,1713,1559
hb-3-2-6-1:1563,1,1614,5261,1637,3130,3334,4,1261,1285,1713,1559
hb-3-2-6-1-4:1563,1,1614,5261,1637,5263,3130,3334,4,1261,1285,1713,2323,1559
hb-3-2-6-1-5:1563,1,1614,5261,1637,3130,3334,4,1261,1285,1713,1559
hb-3-2-6-1-2:30,5679,1316,1563,5262,3331,1,1614,5261,1637,3130,3334,4,3,1261,1285,1713,1615,1616,1559
hb-3-2-6-2:5679,5678,5261,2927,1637,2781,3130,4,1261,1285,1713,1559
hb-3-2-6-3:5679,1,5261,1384,1637,3130,3334,4,3,1261,1285,1713,1559
hb-3-2-6-3-1:1,1614,5261,1384,1637,3130,3334,4,3,1261,1285,1713,1617,1559
hb-3-2-6-3-2:1,1614,5261,1384,1618,5264,1637,3130,3334,4,3,1261,1285,1713,1559
hb-3-2-6-3-2-1:1,1614,5261,1384,1618,5264,1637,3130,3334,4,3,1261,1285,1713,1559
hb-3-2-6-3-2-2:1,1614,5261,1384,1618,5264,1637,3130,3334,4,3,1261,1285,1713,1559
hb-3-2-6-3-2-3:1,1614,5261,1384,1618,5264,1637,3130,3334,4,3,1261,1285,1713,1559
hb-3-2-6-3-2-4:1,1614,5261,1384,1618,5264,1637,3130,3334,4,3,1261,1285,1713,1559
hb-3-2-6-3-3:5679,1614,5261,1384,5265,3332,1637,1646,3130,3334,4,1261,1285,1713,1559
hb-3-2-6-3-4:5679,1,1614,5261,1384,3111,1637,3130,3334,4,3,2967,1261,1285,1713,1559
hb-3-2-6-3-5:50,5679,1,5261,1384,5266,2833,5267,3333,1637,3130,3334,4,3,1261,1285,1713,1559,843
hb-3-2-6-3-6:1598,1,5261,1384,1637,3130,3334,4,3,1261,1285,1713,1559,5268
hb-3-2-6-3-7:5679,1,5261,1384,1637,3130,3334,5269,1619,4,3,1261,1285,1713,1559
hb-3-2-6-3-8:1,5261,1384,3111,1637,3130,3334,5269,1619,5270,4,3,1261,1285,1713,1559
hb-3-2-6-4:1,1614,5261,1384,1637,3130,3334,4,1261,1285,1713,1616,1559
hb-3-2-6-4-1:1,1614,5261,1384,1637,3130,3334,4,3,1620,1261,1285,1713,1616,1559,843
hb-3-2-6-4-1-1:1,1614,5261,1384,1637,3130,3334,4,3,1620,1261,1285,1713,1616,1559,843
hb-3-2-6-4-1-2:1,1614,5261,1384,1637,3130,3334,4,3,1620,1261,1285,1713,1616,1559,843
hb-3-2-6-4-1-3:1,1614,5261,1384,1637,3130,3334,4,3,1620,1261,1285,1713,1616,1559,843
hb-3-2-6-4-6:1,1614,5261,1384,1637,3130,3334,4,1261,1285,1713,1616,1559
hb-3-2-6-4-2:5679,1,1614,5261,1384,3334,3335,1637,3130,3334,4,1261,1285,1713,1615,1616,1559
hb-3-2-6-4-3:1598,5679,1,1614,5261,1384,1637,3130,3334,4,5287,1261,1285,1713,1617,1616,1559
hb-3-2-6-4-4:1,1614,5261,1384,3111,1637,3130,3334,4,1261,1285,1713,1617,1615,1616,1559
hb-3-2-6-4-4-1:1,1614,5261,1384,3111,1637,3130,3334,4,1261,1285,1713,1617,1615,1616,1559
hb-3-2-6-4-4-2:1,1614,5261,1384,3111,1637,3130,3334,4,1261,1285,1713,1617,1615,1616,1559
hb-3-2-6-4-4-3:1,1614,5261,1384,3111,1637,3130,3334,4,1261,1285,1713,1617,1615,1616,1559
hb-3-2-6-4-4-4:1,1614,5261,1384,3111,1637,3130,3334,4,1261,1285,1713,1617,1615,1616,1559
hb-3-2-6-4-5:1563,1,1614,5261,1384,1637,3130,3334,4,1261,1285,1713,1615,1616,1559
hb-3-2-6-5:5679,1,1614,5261,1384,1458,1637,5271,3130,4,3,1261,1285,1713,1559
hb-3-2-6-5-1:1,1629,1614,5261,1384,1458,1637,5271,1622,3130,3334,4,3,1261,1285,1713,1559,1558
hb-3-2-6-5-2:1,1629,1614,5261,1384,1458,1637,5273,1621,5272,5271,3130,4,3,1261,1285,1713,1559
hb-3-2-6-5-3:1,1614,5261,1384,1458,1637,3336,5271,3130,3334,4,3,1620,1261,1285,1713,1559,1558
hb-3-2-6-5-7:1,1614,5261,1384,1458,1637,5271,3130,4,3,1261,1285,1713,1559
hb-3-2-6-5-8:1,1614,5261,1384,1458,1637,5271,3130,4,3,1261,1285,1713,1559
hb-3-2-6-5-9:1,1614,5261,1384,1458,1637,5271,3130,4,3,1261,1285,1713,1559
hb-3-2-6-5-5:1,1614,1630,5261,1384,1458,1637,5271,3130,4,3,1261,1285,1713,1559,1558
hb-3-2-6-5-6:1,1614,5261,1384,1458,1637,5271,5274,1622,3130,3334,4,3,1261,1285,1713,1559,1558
hb-3-2-6-5-6-1:1,1614,5261,1384,1458,1637,5271,5274,1622,3130,3334,4,3,1261,1285,1713,1559,1558
hb-3-2-6-5-6-2:1,1614,5261,1384,1458,1637,5271,5274,1622,3130,3334,4,3,1261,1285,1713,1559,1558
hb-3-2-6-5-10:1,1614,5261,1384,1458,1637,5271,3130,4,3,1261,1285,1713,1559
hb-3-2-6-6:5290,1614,5261,3111,1637,1755,3130,4,1261,1285,1713,5275,1559
hb-3-2-6-8:1614,5261,1384,1637,3130,4,1261,1285,1713,1559
hb-3-2-6-7:30,1316,1563,1,1614,5261,1637,3130,4,3,1261,1285,1713,1559,134
hb-3-2-7:5679,2056,1,1637,4,3131,3,1261,1285,1559
hb-3-2-7-1:5679,1563,2056,1637,4,3131,1456,1261,1285,1617,1559
hb-3-2-7-1-1:1563,2056,1629,1570,1637,4,3131,1456,1261,1285,1617,1559
hb-3-2-7-1-2:5679,1563,2056,1629,1570,1384,1637,4,3131,1456,1261,1285,1617,1559
hb-3-2-7-1-3:1563,2056,1629,1570,1637,4,3131,1456,1261,1285,1617,1559
hb-3-2-7-2:5679,2056,1,1570,5277,3337,2062,1637,4,3338,3131,1623,1624,3,1261,1285,1559,843
hb-3-2-7-2-1:2056,1,1570,5277,3337,2062,1637,4,3338,3131,1623,1624,3,1261,1285,1559,843
hb-3-2-7-2-2:2056,1,1570,5277,3337,2062,1637,4,3338,3131,1623,1624,3,1261,1285,1559,843
hb-3-2-7-3:5679,2057,2056,5278,1570,1384,1601,1637,1625,5279,4,1261,1285,1559
hb-3-2-7-4:2319,2056,1,5678,1570,2927,1637,2781,4,3338,5280,1623,3,1261,1285,1218,1559
hb-3-2-7-4-1:2319,2056,1,1570,1637,4,3338,5280,1623,3,1261,1285,1218,1559
hb-3-2-7-4-2:2319,2056,1,1570,1637,4,3338,5280,1623,3,1261,1285,1218,1559
hb-3-2-7-4-3:2319,2056,1,1570,1637,4,3338,5280,1623,3,1261,1285,1218,1559
hb-3-2-7-4-4:2319,2056,1,1570,1637,4,3338,5280,1623,3,1261,1285,1218,1559
hb-3-2-7-8:2056,1570,1601,1637,4,3339,2834,1261,1285,1559
hb-3-2-7-9:5679,2056,1570,1384,1637,4,1626,5282,1261,1285,5281,1559
hb-3-2-7-10:5679,2056,5276,1570,1637,4,1456,2834,1261,1285,1559
hb-3-2-7-11:5679,2056,1,1614,1570,1637,4,3,1620,1261,1285,1559
hb-3-2-7-12:2056,1,1570,1637,4,3131,3,1261,1285,1559
hb-3-2-7-13:2056,1,1570,1637,4,3131,3,1261,1285,1559
hb-3-2-8:30,5679,1384,1637,1718,4,1627,3422,1261,1285,1637,1628,1559,837
hb-3-2-8-5:30,1384,1637,1718,4,1627,3422,1261,1285,1637,1628,1559,837
hb-3-2-8-1:5679,1384,1637,1718,4,5283,1627,3422,1261,1285,1637,1628,1559,837
hb-3-2-8-2:30,5679,1384,1637,1718,4,1627,3422,1456,1261,1285,1637,1628,1559,837
hb-3-2-8-4:5679,1384,1637,1718,4,1627,3422,1261,1285,1637,1628,1559,837
hb-3-2-8-3:5679,1,1384,1637,1718,4,1627,3422,3,1261,1285,1637,1628,1559,837
hb-3-2-8-6:30,1384,1637,1718,4,1627,3422,1261,1285,1637,1628,1559,837
hb-3-2-8-7:30,1384,1637,1718,4,1627,3422,1261,1285,1637,1628,1559,837
hb-3-2-8-8:30,1384,1637,1718,4,1627,3422,1261,1285,1637,1628,1559,837
hb-3-2-8-9:30,1384,1637,1718,4,1627,3422,1261,1285,1637,1628,1559,837
hb-3-2-8-10:30,1384,1637,1718,4,1627,3422,1261,1285,1637,1628,1559,837
hb-3-2-9:1598,30,5679,1630,1384,1637,1755,2449,4,3341,1456,1261,1285,1617,2991,1559,837,5284
hb-3-2-9-1:1598,5679,1563,1629,1630,1637,1755,2449,4,1456,1261,1285,1617,2991,1559,5284
hb-3-2-9-1-1:1598,1563,1629,1630,1637,1755,2449,4,1456,1261,1285,1617,2991,1559,5284
hb-3-2-9-1-2:1598,1563,1629,1630,1637,1755,2449,4,1456,1261,1285,1617,2991,1559,5284
hb-3-2-9-24:1598,30,1629,1630,1384,1637,1755,2449,4,3341,1456,1261,1285,1617,2991,1559,837,5284
hb-3-2-9-2:1598,30,5679,3340,1563,1629,1384,1637,1755,2449,4,3341,1456,1261,1285,1713,1617,2991,1559,837,5284
hb-3-2-9-23:1598,1563,1637,2449,4,1261,1285,1617,1559,5284
hb-3-2-9-23-2:1598,1563,1637,2449,4,1261,1285,1617,2991,1559,5284
hb-3-2-9-23-1:1598,1563,1637,2449,4,1456,1261,1285,1617,1559,5284
hb-3-2-9-3:30,5679,1660,1563,1629,1614,1630,1637,2449,4,5294,1456,1261,1285,1713,1617,1559,1558,5284
hb-3-2-9-4:5679,1563,1629,1614,1637,2449,4,1456,1261,1285,1617,1559,5295,5284
hb-3-2-9-5:1629,3342,1637,1755,2449,4,1261,1285,1617,2991,3343,1559,5284
hb-3-2-9-19:1598,1384,5293,1637,2449,3334,4,3341,1456,1261,1285,1617,1559,837,1558,5284
hb-3-2-9-20:1598,30,5679,1614,1630,1384,1637,1755,2449,4,3341,1456,1261,1285,1713,1617,2991,1559,837,1558,5284
hb-3-2-9-21:1598,30,1630,1384,1637,1755,2449,4,3341,1456,1261,1285,1713,3342,1617,2991,1559,837,1558,5284
hb-3-2-9-6:1598,30,5679,5298,1629,1630,1384,5296,3342,1637,1755,2449,4,4051,1456,1261,1285,5297,1617,2991,1559,837,5284
hb-3-2-9-7:5679,1629,5299,1637,2449,4,1456,1261,1285,1617,1559,837,5284
hb-3-2-9-8:1629,1637,2449,4,1456,1261,1285,1617,5300,1559,5301,5284
hb-3-2-9-22:1598,1563,1384,1637,2449,4,1261,1285,1713,1617,2991,1559,5284
hb-3-2-9-9:1598,1,1458,1637,2449,5302,4,1456,3,1261,1285,1713,1617,1559,837,5284
hb-3-2-9-9-1:1598,1,1629,1614,1458,1637,2449,5302,4,1456,3,1261,1285,1713,1617,1559,837,5284
hb-3-2-9-9-3:1598,1,1458,1637,2449,5302,4,1456,3,1261,1285,1713,1617,1559,837,5284
hb-3-2-9-9-4:1598,1,1458,1637,2449,5302,4,1456,3,1261,1285,1713,1617,1559,837,5284
hb-3-2-9-9-2:1598,1629,1614,1630,1458,1637,2449,5302,4,1456,1261,1285,1713,1637,1617,1559,837,5284
hb-3-2-9-10:1598,30,5679,1563,1629,1630,1384,1637,1755,2449,4,3341,1456,1261,1285,1713,1637,1617,2991,1559,837,1558,5284
hb-3-2-9-11:1629,1630,1637,2449,4,1456,1261,1285,1559,5284
hb-3-2-9-12:30,2611,1629,1630,1637,2449,4,1456,1261,1285,1559,5284
hb-3-2-9-25:1598,30,1629,1630,1384,1637,1755,2449,4,3341,1456,1261,1285,1617,2991,1559,837,5284
hb-3-2-9-13:30,5679,1631,1563,1629,1630,3342,1637,1755,2449,4,4051,1456,1261,1285,5285,1617,2991,3343,1559,837,5284
hb-3-2-9-14:1598,30,5679,1629,1384,1637,2449,4,1261,1285,1391,1559,5284
hb-3-2-9-15:30,5679,1563,1629,1630,1384,1637,1755,2449,4,5287,1456,1261,1285,1713,1617,2991,1559,5286,5284
hb-3-2-9-16:5679,1563,1384,1637,1755,2449,4,1261,1285,1617,2991,1559,1633,5284
hb-3-2-9-16-1:1598,5679,1563,1384,1637,1755,2449,4,1261,1285,1617,2991,1615,1559,1633,5284
hb-3-2-9-16-3:1563,1384,1637,1755,2449,4,1261,1285,1617,2991,1559,1633,5284
hb-3-2-9-16-4:1563,1384,1637,1755,2449,4,1261,1285,1617,2991,1559,1633,5284
hb-3-2-9-16-5:1563,1384,1637,1755,2449,4,1261,1285,1617,2991,1559,1633,5284
hb-3-2-9-16-2:1563,1629,1384,1637,1755,2449,4,1261,1285,1713,1617,2991,1559,1633,5289,5284,5288
hb-3-2-9-16-6:1563,1384,1637,1755,2449,4,1261,1285,1617,2991,1559,1633,5284
hb-3-2-9-17:1598,5679,1563,1629,1630,1384,1637,1755,2449,4,4051,1456,1261,1285,1617,2991,1559,5284
hb-3-2-9-17-1:1598,1563,1629,1630,1384,3342,1637,1755,2449,4,4051,1456,1261,1285,1617,2991,1559,5284
hb-3-2-9-17-2:1598,5679,1316,1563,1629,1630,1384,1637,1755,2449,4,4051,1456,1261,1285,1617,2991,1559,5284
hb-3-2-9-18:1598,30,1563,1384,1637,2449,4,1261,1285,1559,5292,5291,5284
hb-3-3:2972,5303,4,1261,1285,1566,73,843
hb-3-4:1,1637,4,3,1285,1566,2850,5304,1635,1606,843
hb-3-5:1384,1637,4,1261,1285,837
hb-3-5-1:1598,5679,5305,1563,1384,4,1261,1285,1637,1559,837
hb-3-5-2:1598,5679,1384,4,1261,1285,1637,1559,837,843
hb-3-6:3138,3132,4,1285,843
hb-3-6-1:3138,2836,2801,3132,4,1285,1637,843
hb-3-6-2:1598,30,5679,3138,1660,3132,4,1456,5306,1285,1564,843
hb-3-6-3:30,3138,3132,5307,4,1634,1285,843
hb-3-6-9:3138,3132,4,1285,843
hb-3-6-4:30,3138,1,3132,5308,3056,4,3,1285,843
hb-3-6-10:3138,3132,4,1285,843
hb-3-6-5:30,3138,3132,4,1285,1566,2603,843
hb-3-6-6:30,3138,1272,3132,4,1285,1635,843
hb-3-6-7:30,3138,3132,5311,5309,4,1205,1285,843
hb-3-6-8:50,30,3138,3132,5311,5310,1636,4,1285,843
hb-3-6-8-4:50,30,3138,3132,5311,5310,1636,4,1285,843
hb-3-6-8-1:50,30,3138,3132,5311,5310,1636,5312,4,1285,843
hb-3-6-8-2:50,30,3138,1,3132,5311,5310,1636,4,1285,843
hb-3-6-8-3:50,30,3138,3132,5311,5310,1636,4,1285,843
hb-3-7:5314,5313,4,1285,1566,1564
hb-3-7-1:5314,5313,4,1285,1566,1564
hb-3-7-2:5314,5313,4,1285,1566,1564
hb-3-7-3:5314,5313,4,1285,1566,1564
hb-3-7-4:5314,5313,4,1285,1566,1564
hb-3-22:30,1,4,3,1285
hb-3-21-2:30,1,4,3,1285
hb-3-21-3:30,1,4,3,1285
hb-3-21-1:30,1,4,3,1285
hb-3-8:4,1261,1285,1564
hb-3-8-2:1316,4,1456,1261,1285,1637,1564
hb-3-8-3:1598,1637,4,4051,1261,1285,837,1564,843
hb-3-8-7:1629,1384,1755,4,4051,1261,1285,1637,1617,1559,1564
hb-3-8-8:4,1261,1285,1564
hb-3-8-4:894,3133,1637,4,5315,1261,1285,1564,843
hb-3-8-4-1:894,1629,3133,1637,4,5315,5316,1261,1285,1564,843
hb-3-8-4-2:894,3133,1637,4,5315,5317,1261,1285,2219,1564,843
hb-3-8-4-3:894,3133,1637,4,5315,1261,1285,2219,1564,843
hb-3-8-4-4:894,3133,1637,4,5315,5318,1261,1285,2219,1564,843
hb-3-8-4-5:894,3133,1637,4,5315,1261,1285,1564,843,5319
hb-3-8-4-6:894,80,3133,1637,4,5315,5317,1261,1285,1564,843
hb-3-8-9:4,1261,1285,1564
hb-3-8-5:894,50,5320,1,4,2148,1638,5322,5321,3,1261,1285,1564,843
hb-3-8-10:4,1261,1285,1564
hb-3-8-6:1639,3344,4,1261,1285,3345,3134,1564
hb-3-9:1598,1563,1637,4,1285,1617,1564
hb-3-9-6:1598,1563,1637,4,1285,1617,1564
hb-3-9-7:1598,1563,1637,4,1285,1617,1564
hb-3-9-1:50,1598,1563,1,5090,1637,2255,4,3,1285,1617,1564,843
hb-3-9-1-1:50,1598,1563,1,5090,1637,2255,4,3,1285,1617,1564,843
hb-3-9-1-2:50,1598,1563,1,5090,1637,2255,4,3,1285,1617,1564,843
hb-3-9-2:1598,1563,1637,4,1285,1617,1564,843
hb-3-9-8:1598,1563,1637,4,1285,1617,1564
hb-3-9-9:1598,1563,1637,4,1285,1617,1564
hb-3-9-3:1598,5679,1563,1384,1637,4,5323,1285,1617,1564
hb-3-9-10:1598,1563,1637,4,1285,1617,1564
hb-3-9-11:1598,1563,1637,4,1285,1617,1564
hb-3-9-4:1598,5,1563,2779,1,87,5326,2783,1637,5325,4,3,1285,1617,5324,837,1564
hb-3-9-4-1:1598,5,1563,2779,87,5326,2783,1637,5325,4,2148,5327,1285,1617,5324,837,1564
hb-3-9-4-2:1598,5,2319,30,1563,2779,87,1514,5326,2783,1637,5325,4,1285,2778,1617,5324,837,1564,843
hb-3-9-4-3:1598,5,2319,1737,1563,2779,87,5328,1514,5326,2783,1637,5325,4,1285,1617,5324,837,1564,843
hb-3-9-12:1598,1563,1637,4,1285,1617,1564
hb-3-9-5:50,1598,1563,1637,2255,4,1285,1617,1607,1564,843
hb-3-10:30,5149,1652,1637,1645,1199,4,1261,1285,1641,837,1644
hb-3-10-1:30,5679,5149,1,1652,1629,1637,1721,3346,4,3,1285,5166,1641,837
hb-3-10-2:5679,5149,2056,1,1652,5163,1637,5162,3332,5161,4,3,1285,837
hb-3-10-3:5679,5149,2056,3332,1652,5163,1637,5164,4,1285,1641,837
hb-3-10-4:5149,1,1652,1637,4,3,1285,837
hb-3-10-5:5149,1652,1637,1645,5165,4,1285,1641,837
hb-3-10-5-1:5149,1652,1637,1645,5165,4,1285,1641,837
hb-3-10-5-2:5149,1652,1637,1645,5165,4,1285,1641,837
hb-3-10-5-3:5149,1652,1637,1645,5165,4,1285,1641,837
hb-3-10-6:30,5679,5149,1652,1629,1637,3346,1643,4,1261,1285,1641,837,1644
hb-3-10-7:5149,2056,5167,1652,1637,4,1285,1641,837
hb-3-10-7-1:5149,2056,5167,1652,1637,4,1285,1641,837
hb-3-10-7-2:5149,2056,5167,1652,1637,4,1285,1641,837
hb-3-10-7-3:5149,2056,5167,1652,1637,4,1285,1641,837
hb-3-10-7-4:5149,2056,5167,1652,1637,4,1285,1641,837
hb-3-10-8:1388,2818,3347,1208,2194,4,1285,837
hb-3-10-9:5149,1,1652,1637,1649,4,3,1925,1285,837
hb-3-10-9-1:5149,1,1652,1637,1649,4,3,1925,1285,837
hb-3-10-9-2:5149,1,1652,1637,1649,4,3,1925,1285,837
hb-3-10-10:30,5149,1652,1629,1637,1645,3346,5150,1199,1646,4,1261,1285,1641,837
hb-3-10-10-1:30,5149,1652,1629,1637,1645,3346,5150,1199,1646,4,1261,1285,1641,837
hb-3-10-10-2:30,5149,1652,1629,1637,1645,3346,5150,1199,1646,4,1261,1285,1641,837
hb-3-10-10-3:30,5149,1652,1629,1637,1645,3346,5150,1199,1646,4,1261,1285,1641,837
hb-3-10-10-4:30,5149,1652,1629,1637,1645,3346,5150,1199,1646,4,1261,1285,1641,837
hb-3-10-10-5:30,5149,1652,1629,1637,1645,3346,5150,1199,1646,4,1261,1285,1641,837
hb-3-10-10-6:30,5149,1652,1629,1637,1645,3346,5150,1199,1646,4,1261,1285,1641,837
hb-3-10-11:5679,5149,1682,1571,1,1652,3111,1637,4,3,1285
hb-3-10-11-1:50,5149,1652,3111,1637,4,1285,1641
hb-3-10-11-1-1:50,5149,1652,5678,3111,2927,1637,2781,2914,4,1285,1641,5685
hb-3-10-11-1-2:50,5149,1,1652,5678,3111,2927,2062,1637,2781,2914,4,5151,1285,1641,5685
hb-3-10-11-1-2-1:50,5149,1,1652,3111,2062,1637,4,5151,1285,1641
hb-3-10-11-1-2-2:50,5149,1,1652,3111,2062,1637,4,5151,1285,1641
hb-3-10-11-1-2-3:50,5149,1,1652,3111,2062,1637,4,5151,1285,1641
hb-3-10-11-2:5149,1,1652,3111,1637,4,3,1285
hb-3-10-11-4:5149,1,1652,3111,1637,4,3,1285
hb-3-10-11-3:5149,1652,3111,1637,4,1285
hb-3-10-11-5:5149,1,1652,3111,1637,4,3,1285
hb-3-10-11-6:5149,1,1652,3111,1637,4,3,1285
hb-3-10-11-7:5149,1,1652,3111,1637,4,3,1285
hb-3-10-12:5149,1682,1571,5183,1,1652,1637,1647,3348,3135,1649,4,3,1285,1641
hb-3-10-12-2:5149,5183,1408,1,5154,1652,1637,3348,1649,2914,4,3,1285,1641,5685
hb-3-10-12-2-1:5149,5183,1408,1,5153,5152,5154,1652,1637,3348,1649,2914,4,3,1285,1641,5685
hb-3-10-12-2-2:5149,5183,1408,1603,1,5154,1652,5678,2927,1637,3348,3135,1295,1649,2781,2914,4,3,1285,1641,5685
hb-3-10-12-2-3:5149,5183,1,5154,1652,1637,3348,1649,4,3,1285,1641
hb-3-10-12-2-4:5149,5183,1408,1603,1,5154,1652,1637,3348,1295,1649,2914,4,3,1285,1641,5685
hb-3-10-12-2-5:5149,1648,5183,1408,1,5154,1652,1637,3348,1295,1649,4,3,1285,1641
hb-3-10-12-2-6:5149,1682,1571,5183,1408,1,5154,1652,1637,3348,1649,4,3,1285,1641
hb-3-10-12-3:5149,1648,5155,1682,1571,5183,1,1652,1637,1647,3348,3135,1649,4,3,1285,1641
hb-3-10-12-10:5149,5183,1,1652,1637,1647,3348,3135,1649,4,3,1285,1641
hb-3-10-12-11:5149,5183,1,1652,1637,1647,3348,3135,1649,4,3,1285,1641
hb-3-10-12-5:5149,1682,1571,5183,1,1652,1650,1637,3348,1654,1649,4,3,1285,1641
hb-3-10-12-6:5149,1682,1571,5183,1,1652,1637,1647,5156,3348,3135,1649,4,3,1273,1641
hb-3-10-12-7:5149,1682,1571,5183,1,1652,1637,3348,3135,1649,4,3,1651,1285,1641
hb-3-10-12-9:5149,5183,1,1652,1637,1647,3348,3135,1199,1649,4,3,1285,1641
hb-3-10-14:5149,3332,1652,1629,1637,4,1261,1285,1641,837
hb-3-10-14-1:5149,3332,1652,1629,1637,4,1261,1285,1641,837
hb-3-10-14-2:5149,1660,3332,1652,1629,1637,5159,5158,4,1456,1261,1285,1641,837
hb-3-10-14-3:5149,3332,1652,1629,1637,1645,5160,4,1261,1285,1641,837
hb-3-10-13:30,5149,3332,1652,1629,1637,3346,4,1456,1261,1285,1641,837
hb-3-10-13-1:30,5679,5149,3332,1652,1629,1637,1645,3346,1199,4,1456,1261,1285,1641,837
hb-3-10-13-3:30,5149,3332,1652,1629,1637,1755,5157,3346,1643,4,1456,1261,1285,1653,1641,837
hb-3-10-13-2:30,5149,3332,1652,1629,1637,3346,4,1456,1261,1285,1653,1652,1653,1641,837
hb-3-11:1570,1637,1654,1528,4,1285,1564
hb-3-11-9:1570,1637,1654,1528,4,1285,1564
hb-3-11-1:1655,1570,1637,1669,1295,1597,4,1285,1564
hb-3-11-2:50,3012,1341,1570,1656,1342,1637,1654,2825,4,1285,1637,1564
hb-3-11-10:1570,1637,1654,1528,4,1285,1564
hb-3-11-3:1682,1571,1570,1637,1654,1563,5169,1528,4,1285,1658,1564,2797
hb-3-11-11:1570,1637,1654,1528,4,1285,5168,1564
hb-3-11-4:30,5679,1631,1637,1660,1629,1570,1637,4,1456,1261,1285,1617,1559,1558,1564
hb-3-11-5:1682,1571,1570,1637,4,1285,1661,1564
hb-3-11-6:1563,1570,1637,1772,2839,4,1285,73,2838,1661,1662,1564
hb-3-11-7:1570,1637,2404,2914,4,1285,1564,2797,5685
hb-3-11-8:1682,1571,1563,1570,1637,1528,4,1285,1564
hb-3-11-8-1:1563,1682,1571,1563,1,1272,1570,1637,1654,1528,4,3,1285,1273,1564
hb-3-11-8-1-1:1563,1563,1,1272,1570,1637,1654,1528,4,3,1285,1273,1564
hb-3-11-8-1-2:1563,1563,1,1272,1570,1637,1654,1528,4,3,1285,1273,1564
hb-3-11-8-2:1563,1,1570,1637,1528,4,3,1285,1564
hb-3-11-8-2-1:1563,1,1570,1637,1528,4,3,1285,1564
hb-3-11-8-2-2:1563,1,1570,1637,1528,4,3,1285,1564
hb-3-11-8-2-3:1563,1,1570,1637,1528,4,3,1285,1564
hb-3-11-8-2-4:1563,1,1570,1637,1528,4,3,1285,1564
hb-3-11-8-2-5:1563,1,1570,1637,1528,4,3,1285,1564
hb-3-11-8-2-6:1563,1,1570,1637,1528,4,3,1285,1564
hb-3-11-8-2-7:1563,1,1570,1637,1528,4,3,1285,1564
hb-3-11-8-3:1563,1570,1514,1637,1654,1528,4,1285,1273,1564
hb-3-11-8-3-1:1563,1570,1514,1637,1654,1528,4,1285,1273,1564
hb-3-11-8-3-2:1563,1570,1514,1637,1654,1528,4,1285,1273,1564
hb-3-11-8-4:1563,1570,1637,1528,4,1285,1564
hb-3-12:4,5170,1285
hb-3-12-1:1598,5171,1663,1384,1458,2449,4,5170,1456,1285
hb-3-12-2:3349,1664,3350,1458,4,5170,1456,1261,1285
hb-3-12-2-1:5189,3349,1664,3350,1458,4,5170,1456,1261,1285
hb-3-12-2-2:5189,3349,1664,3350,1458,4,5170,1456,1261,1285
hb-3-12-3:30,3351,5190,1665,2696,1458,2255,4,5170,1285
hb-3-12-4:1,4,1666,5170,3,1285
hb-3-12-5:1682,1571,3280,5010,4,1666,5170,1285,5191
hb-3-12-6:5679,1458,1625,4,5170,1285
hb-3-12-7:1458,4,5170,1285
hb-3-12-7-1:1458,4,5170,1285
hb-3-12-7-2:1458,4,5170,1285
hb-3-12-8:2057,1665,4,5170,1285
hb-3-12-9:5678,5192,1667,3352,3353,5193,1668,2927,2781,4,5170,1285,837
hb-3-12-9-1:5192,1667,3352,3353,5193,1668,4,5170,1285,837
hb-3-12-9-2:5192,1667,3352,3353,5193,1668,4,5170,1285,837
hb-3-12-10:50,1669,4,2148,5170,1285,2840,1635
hb-3-12-10-1:50,1571,1669,4,2148,5170,1285,1273,2840,1635,3280
hb-3-12-10-2:50,1669,1295,4,2148,5170,1285,2840,1635,843
hb-3-12-22:4,5170,1285
hb-3-12-11:1598,30,5679,1458,5178,4,5170,1285
hb-3-12-23:4,5170,1285
hb-3-12-24:4,5170,1285
hb-3-12-25:4,5170,1285
hb-3-12-12:50,2784,1779,80,1,5172,4,5170,3,1285,73
hb-3-12-12-1:50,3006,2784,1779,80,1,5172,4,5170,3,1285,73
hb-3-12-12-2:50,3006,2784,3258,1779,80,1,5172,4,5170,3,1261,1285,73
hb-3-12-26:4,5170,1285
hb-3-12-13:1682,1571,5002,5173,1,5010,4,1666,5170,3,1285
hb-3-12-14:1682,1571,1458,4,5170,1671,1285,1672
hb-3-12-14-1:5174,2611,1458,4,5170,1456,1671,1261,1285,1672
hb-3-12-14-2:1682,1571,1458,5010,5175,1574,4,5170,1671,1285,1672
hb-3-12-14-2-1:1571,1458,5010,5175,1574,4,5170,1671,1285,1672
hb-3-12-14-2-2:1571,1458,5010,5175,1574,4,5170,1671,1285,1672
hb-3-12-14-3:1779,80,1458,4,5170,1671,1285,5176,1672
hb-3-12-14-4:1598,5177,1458,4,5170,1456,1671,1285,1672
hb-3-12-14-5:1598,1458,4,5170,1456,1671,1285,1672
hb-3-12-14-11:1458,4,5170,1671,1285,1672
hb-3-12-14-6:5290,1458,5178,4,5170,1671,1285,1672
hb-3-12-14-7:1458,4,5170,1671,1285,5179,1672
hb-3-12-14-8:1598,1458,4,5170,1671,1285,1672
hb-3-12-14-9:1598,1458,5178,4,5170,1456,1671,1285,1672
hb-3-12-14-12:1458,4,5170,1671,1285,1672
hb-3-12-14-10:1598,1458,4,5170,1671,1285,1672
hb-3-12-14-13:1458,4,5170,1671,1285,1672
hb-3-12-15:30,1,4,5170,3,1285,843
hb-3-12-27:4,5170,1285
hb-3-12-16:1779,4,5170,1285,1673
hb-3-12-16-4:1779,4,5170,1285,1673
hb-3-12-16-5:1779,4,5170,1285,1673
hb-3-12-16-1:1779,80,1,4,1205,5170,3,1285,1673
hb-3-12-16-2:30,1408,1603,1779,1,1514,4,5170,3,1285,1673,5180
hb-3-12-16-3:1682,1571,1408,5002,1779,1,5181,4,1205,5170,3,1285,1776,1673
hb-3-12-16-6:1779,4,5170,1285,1673
hb-3-12-16-7:1779,4,5170,1285,1673
hb-3-12-17:30,1682,1571,1408,1603,1,1514,1295,2914,4,5170,3,1285,5182,843,5685
hb-3-12-17-1:30,1682,1571,5183,1408,1603,5184,5002,5185,1,1272,1514,1295,5010,4,5170,3,1285,5182,843
hb-3-12-17-2:30,1408,1603,5186,1,1514,1295,2914,4,5170,3,1261,1285,5182,843,5685
hb-3-12-17-3:30,1408,1603,1,1514,1669,1295,2255,4,5170,5187,3,1285,5182,843
hb-3-12-19:30,5679,1570,1458,5178,4,5170,1261,1285,1674
hb-3-12-18:1,5188,4,1205,5170,3,1285,843
hb-3-12-18-1:1,5188,4,1205,5170,3,1285,843
hb-3-12-18-2:1,5188,4,1205,5170,3,1285,843
hb-3-12-21:4,5170,1285
hb-3-12-20:2914,4,5170,1285,1675,843,5685
hb-3-20:30,1,4,3,1285
hb-3-13:5194,1629,1458,1637,1676,1677,2060,2397,4,4051,1285,5195
hb-3-14:5196,4,1285,837
hb-3-14-1:1598,3354,5679,5196,1384,4,1261,1285,1637,1617,1559,837
hb-3-14-14:5196,4,1285,837
hb-3-14-15:5196,4,1285,837
hb-3-14-16:5196,4,1285,837
hb-3-14-17:5196,4,1285,837
hb-3-14-18:5196,4,1285,837
hb-3-14-2:1316,5196,1678,2056,1755,4,1671,1285,3355,1559,837
hb-3-14-3:5196,1388,1,4,3,1285,837
hb-3-14-3-1:5196,1388,1,4,3,1285,837
hb-3-14-3-2:5196,1388,1,4,3,1285,837
hb-3-14-3-3:5196,1388,1,4,3,1285,837
hb-3-14-3-4:5196,1388,1,4,3,1285,837
hb-3-14-3-5:5196,1388,1,4,3,1285,837
hb-3-14-4:1682,1571,5196,1,4,3,1285,1679,1680,837,1681
hb-3-14-4-1:1682,1571,5196,5010,4,1285,1679,1680,837
hb-3-14-4-2:1682,1571,5196,5002,5010,4,1285,1679,1680,837,1681
hb-3-14-4-3:1682,1571,5196,1388,1563,3388,5010,4,1285,1679,1680,837,1681
hb-3-14-4-3-1:5196,1388,1563,3388,5010,4,1285,1679,1680,837,1681
hb-3-14-4-3-2:5196,1388,1563,3388,5010,4,1285,1679,1680,837,1681
hb-3-14-4-3-3:5196,1388,1563,3388,5010,4,1285,1679,1680,837,1681
hb-3-14-5:1682,1571,5196,1,4,3,1285,837
hb-3-14-5-1:5196,1,4,3,1285,837
hb-3-14-5-2:5196,1,4,3,1285,837
hb-3-14-5-3:5196,1,4,3,1285,837
hb-3-14-5-4:5196,1,4,3,1285,837
hb-3-14-6:1682,1856,1571,5196,1388,5199,1,4,3,1285,837,3280,1681
hb-3-14-7:1682,1571,2914,4,1285,837,5685
hb-3-14-7-1:3138,1563,1637,4,1261,1285,1559,837
hb-3-14-7-8:4,1285,837
hb-3-14-7-2:1563,1647,4,1545,1285,837
hb-3-14-7-3:1682,1571,1563,1,5010,4,5200,3,1285,1273,1559,837,1681
hb-3-14-7-4:1682,1571,1,5201,5202,4,3,1285,837,1774
hb-3-14-7-5:1856,1563,4,1285,1615,837
hb-3-14-7-5-1:1682,1856,1571,1563,4,1285,1615,837,5203
hb-3-14-7-5-3:1856,1563,4,1285,1615,837
hb-3-14-7-5-2:1856,1563,4,1285,1615,837,3280
hb-3-14-7-7:4,1285,837
hb-3-14-7-6:1637,2914,4,1261,1285,1559,837,5685
hb-3-14-7-6-1:1637,4,1261,1285,1559,837
hb-3-14-7-6-2:1637,4,1261,1285,1559,837
hb-3-14-7-6-3:1637,4,1261,1285,1559,837
hb-3-14-7-6-4:1637,4,1261,1285,1559,837
hb-3-14-7-6-5:1637,4,1261,1285,1559,837
hb-3-14-19:5196,4,1285,837
hb-3-14-20:5196,4,1285,837
hb-3-14-8:1682,1571,5196,5205,5204,1388,4,1285,1680,837,843
hb-3-14-8-1:5196,5205,5204,1388,4,1285,1680,837,843
hb-3-14-8-2:5196,5205,5204,1388,4,1285,1680,837,843
hb-3-14-8-3:5196,5205,5204,1388,4,1285,1680,837,843
hb-3-14-8-4:5196,5205,5204,1388,4,1285,1680,837,843
hb-3-14-8-5:5196,5205,5204,1388,4,1285,1680,837,843
hb-3-14-9:5196,1779,1,1597,5206,2914,4,3,1285,837,5685
hb-3-14-9-1:5196,1779,1,1597,5206,4,3,1285,837
hb-3-14-9-2:5196,1779,1,1597,5206,4,3,1285,837
hb-3-14-9-3:5196,1779,1,1597,5206,4,3,1285,837
hb-3-14-10:5196,5198,1408,1,1295,5197,4,3,1285,837
hb-3-14-11:5679,5196,4,1285,1637,1684,1559,837
hb-3-14-12:5679,5196,1685,1637,1295,4,1285,1686,1687,1559,837
hb-3-14-21:5196,4,1285,837
hb-3-14-13:1598,5196,1629,1637,4,1285,1559,837,843
hb-3-15:30,1,2989,4,3,1285
hb-3-15-1:30,1682,1571,80,1,2989,1342,1637,4,3,1285
hb-3-15-5:30,1,2989,4,3,1285
hb-3-15-6:30,1,2989,4,3,1285
hb-3-15-2:30,3138,1563,2989,4,1285,2778,1564
hb-3-15-2-7:30,3138,1563,2989,4,1285,2778,1564
hb-3-15-2-1:5207,30,3138,1563,2989,1637,4,1285,2778,1564
hb-3-15-2-2:30,3138,1563,2336,5208,80,2989,4,1285,2778,1564
hb-3-15-2-3:30,5211,3138,1563,2989,5210,5209,4,1261,1285,2778,1564
hb-3-15-2-8:30,3138,1563,2989,4,1285,2778,1564
hb-3-15-2-4:30,3138,1563,1219,2989,4,1285,2778,1564,843
hb-3-15-2-5:30,3138,1563,2989,4,1285,2778,1564,843
hb-3-15-2-9:30,3138,1563,2989,4,1285,2778,1564
hb-3-15-2-6:30,3138,1563,1779,1,2989,4,1261,1285,2778,1564,843
hb-3-15-3:30,2336,1,1341,2989,1342,1343,3385,4,3,1285,5212,1689
hb-3-15-4:30,1682,1571,1,1272,2989,1740,4,3,1285,1741
hb-3-16:50,1,5214,4,5215,3,1285,5213
hb-3-17:1333,4,1383,1285
hb-3-17-1:1333,4,1383,1285
hb-3-17-2:1333,4,1383,1285
hb-3-18:1,2989,2062,2428,4,3,1285,1606
hb-3-19:30,4,1285,1566
hb-3-19-1:30,5220,4,1285,1566,843
hb-3-19-1-1:30,5218,5220,4,1456,1285,1566,1690,843
hb-3-19-1-2:50,30,3006,2784,80,1,5220,5216,4,3,1285,1566,843
hb-3-19-1-2-1:50,30,3006,2784,80,1,5218,5220,5216,5217,4,3,1285,1566,1690,843
hb-3-19-1-2-2:50,30,3006,2784,5001,80,1,5220,5216,5219,4,3,1285,1566,843
hb-3-19-1-5:30,5220,4,1285,1566,843
hb-3-19-1-3:1598,30,5679,1691,5220,4,1285,1566,1690,843
hb-3-19-1-4:30,1,5220,5221,4,1285,1566,1696,843
hb-3-19-1-4-1:30,1,5220,5221,4,1285,1566,5222,1696,843
hb-3-19-1-4-2:30,1,5220,5221,4,1285,1566,1696,843
hb-3-19-1-4-3:30,1,5220,5221,5224,4,1285,1566,1696,843,5225,5223
hb-3-19-1-4-6:30,1,5220,5221,4,1285,1566,1696,843
hb-3-19-1-4-4:30,1,5220,5221,4,1285,1566,1696,843,5225
hb-3-19-1-4-5:30,1,5220,5221,4,1285,1566,1696,843
hb-3-19-7:30,4,1566
hb-3-19-2:1598,30,5226,4,1456,1285,1566
hb-3-19-8:30,4,1566
hb-3-19-3:30,1,2841,1693,77,5227,1694,4,3,1566
hb-3-19-4:30,1,5678,2927,1,3257,2842,3,73,5228,2841,2781,1693,1,3,1694,4,1695,3,1566,837,1,3
hb-3-19-9:30,4,1566
hb-3-19-5:30,1737,1,5229,5678,2927,2781,4,3,1285,1566
hb-3-19-5-1:50,30,1737,1267,3006,2784,80,1,5229,5146,4,3,1285,1566
hb-3-19-5-1-1:50,30,1737,1267,3006,2784,80,1,5229,5146,4,3,1285,1566
hb-3-19-5-1-2:50,30,1737,1267,3006,2784,80,1,5229,5146,4,3,1285,1566
hb-3-19-5-5:30,1737,1,5229,4,3,1285,1566
hb-3-19-5-6:30,1737,1,5229,4,3,1285,1566
hb-3-19-5-2:30,5679,1737,1691,1,5229,4,3,1285,1566,1690
hb-3-19-5-7:30,1737,1,5229,4,3,1285,1566
hb-3-19-5-3:30,1737,1,5229,2841,1694,4,3,1285,1566
hb-3-19-5-3-1:30,1737,1,5229,2841,1694,4,3,1285,1566
hb-3-19-5-3-2:30,1737,1,5229,2841,1694,4,3,1285,1566
hb-3-19-5-3-3:30,1737,1,5229,2841,1694,4,3,1285,1566
hb-3-19-5-4:30,1737,1267,1,5229,5678,2927,5231,5232,2781,5230,4,3,1285,1566
hb-3-19-5-4-1:30,1737,1267,98,1,5229,5678,2927,5231,5232,2781,5230,4,3,1285,1566
hb-3-19-5-4-2:30,1737,1267,1,5229,5233,5231,5232,5230,4,3,1285,1566
hb-3-19-6:30,1,2841,1693,5234,1694,4,3,1566,1696
hb-3-19-10:30,4,1566
hg:1,12756,3
hg-1:1,4,3
hg-1-1:1,3102,2786,1205,3
hg-1-1-1:1,2062,3102,2786,1205,3
hg-1-1-2:1,3111,3102,2786,2081,3
hg-1-1-3:1,3102,2786,2081,1205,3
hg-1-1-4:1,3111,3102,2786,2914,1205,3,5685
hg-1-1-5:1,3111,2062,3102,2786,2914,2794,1205,3,5685
hg-1-2:3138,2336,1,3,1327,3136,2787,2788,134
hg-1-3:2336,1,1342,1514,4,2794,3,73
hg-1-4:5707,1,2081,2789,1205,3
hg-1-5:5706,1,2062,4,1205,3
hg-1-6:1,6290,2062,4,3,73
hg-1-7:1,2062,5951,4,1205,3
hg-1-8:1,1331,2786,5010,1205,3
hg-1-9:1,1521,3102,2786,1205,3
hg-1-10:1,2081,4,1205,3
hg-1-11:1,2062,5940,1669,2790,1205,3
hg-1-12:1,2081,2790,3,73,6152
hg-1-13:2336,1,3111,4,3,2791
hg-1-14:1,2062,2790,1205,3,1329
hg-1-15:1,4,1205,3,1221,6163
hg-1-16:1,5853,2062,4,1205,3,73
hg-1-17:1267,1408,1603,5733,1,4,3
hg-1-18:5733,1,2989,1295,4,1205,3
hg-1-18-4:2989,1295
hg-1-18-2:1,2989,2062,4,3
hg-1-18-3:1408,5733,2792,1,2989,1295,3,6117
hg-1-19:1,2081,4,1383,3
hg-1-20:1,4,3,1673,6223
hg-1-21:1,2081,4,1205,3
hg-1-21-3:2081,1205
hg-1-21-1:1,2081,2914,4,1205,3,6226
hg-1-21-2:1,2081,1654,4,1205,3
hg-1-21-4:2081,1205
hg-1-21-5:2081,1205
hg-2:1,3
hg-2-1:1330,1,5010,3056,4,3,1221,1214,2030
hg-2-2:1362,1,1272,1331,5961,1205,3,1221,1332
hg-2-3:1682,1,1272,5010,2793,1205,3,1221,1214
hg-2-4:1,4,6020,1205,3,6125,73,1214
hg-2-5:1,5010,1333,4,2793,1205,3,1221
hg-2-6:1,1334,1248,2795,1958,3,1943,1221,6112,1916
hg-2-6-1:1,1955,1334,1248,2795,3085,1958,3,1943,1221,1916
hg-2-6-2:1,1272,1334,1248,2795,3085,1958,3,1943,1221
hg-2-6-3:1958,1943,1916
hg-2-7:1,1236,4,3
hg-2-7-2:1,2081,6006,1236,4,3,2139
hg-2-7-3:1,1272,5010,1335,3056,1236,4,1205,3,1221
hg-2-7-4:1,1236,5984,4,3
hg-2-7-5:80,1,4,3,6101,1337
hg-2-7-6:1,1,4,1221
hg-2-7-7:1,4,1221
hg-2-8:1,1236,4,1205,3
hg-2-8-5:4,1205
hg-2-8-6:4,1205
hg-2-8-1:1,5885,1236,4,1205,3
hg-2-8-2:1,1236,4,1205,3
hg-2-8-3:1,1236,4,1205,3
hg-2-8-7:4,1205
hg-2-8-4:1,1236,4,1205,3,2139
hg-2-9:1682,1,1272,5010,2793,1205,3,1221,6137,1214
hg-2-9-1:1682,5010,1205,1221,6137,1214
hg-2-9-2:1682,5010,1205,1221,6137,1214
hg-2-9-3:1682,5010,1205,1221,6137,1214
hg-2-9-4:1682,5010,1205,1221,6137,1214
hg-3:2336,1,2782,4,3
hg-3-1:1,2062,3056,4,1205,1383,3,73,6200
hg-3-2:2496,1,4,3,1338,1339,2497,1539
hg-3-2-1:2496,1,2782,5686,3,1338,6067,5682,1339,6069,2497,1539
hg-3-2-2:2496,1,2782,5686,1205,3,1338,6067,5682,1339,2497,1539,1214
hg-3-2-3:2496,1,2782,3111,5686,3,1338,6067,5682,1339,6153,2497,1539
hg-3-2-4:2496,1,2782,1333,2914,5686,3,1338,5682,1339,2497,1539,1214,6234,2805,5685
hg-3-3:1,2782,3,134
hg-3-4:3429,3430,2796,1,2360,2782,3137,1383,3,134
hg-3-4-1:3429,3430,2336,1,2782,3137,1205,1383,3,73,134
hg-3-4-2:3429,2386,3430,2796,1,3137,4,1383,3,2372,2368,134
hg-3-4-2-4:3429,2386,3430,2796,1,3137,4,1383,2929,3428,3,2372,2368,6154,134
hg-3-4-2-5:3429,2386,3430,3137,4,1383,2372,2368
hg-3-4-2-1:3429,2386,3430,2796,1,2062,3137,4,1383,3,2372,2368,134
hg-3-4-2-2:3429,2386,3430,2796,1,3137,4,1383,3,6099,2372,2368,134
hg-3-4-2-3:3429,2386,3430,2796,1,3137,5937,4,1383,3428,3,6099,2372,2368,2363,134
hg-3-4-3:3429,3430,1,5678,2782,2927,2062,3137,2781,2914,4,1205,1383,3,134,5685
hg-3-5:3138,2336,1784,1,3012,1341,3,1342,1343,73
hg-3-6:2798,1,2989,1597,3,73
hg-3-7:1,3111,4,1205,3,1697
hg-3-7-1:1267,1,3111,4,1205,3,1697
hg-3-7-10:3111,4,1205,1697
hg-3-7-3:1,3111,4,1205,3,1697
hg-3-7-4:1,3111,2062,4,1205,3,1697
hg-3-7-5:1779,1,3111,4,1205,3,1697
hg-3-7-6:1,5790,3111,4,1205,3,73,1697
hg-3-7-7:1,3111,4,1205,3,1697
hg-3-7-8:1,3111,4,1205,3,6177,1697
hg-3-7-9:1,3111,4,1205,3,73,1697,6267
hg-3-8:1308,1,2782,3111,5879,2794,1205,3
hg-3-8-1:1308,1682,1571,1,2782,3111,5879,2914,2794,1205,3,1697,5685
hg-3-8-2:1308,5739,1,2782,3111,2794,1205,3
hg-3-8-3:1308,1,2782,3111,5879,2794,1205,3,6176
hg-3-9:1,4,2975,3,1697
hg-3-9-9:4,1205,2975,1697
hg-3-9-10:4,1205,2975,1697
hg-3-9-6:1,4,1205,2975,3,6305,6306,1697
hg-3-9-7:1308,1,4,1205,2975,3,6091,1697
hg-3-9-8:1,3111,4,1205,2975,3,1697
hg-3-10:1308,1,3111,4,2794,1205,3
hg-3-10-1:1308,1,3111,2914,4,2794,1205,3,5685
hg-3-10-4:1308,3111,1205
hg-3-10-2:1308,1,3111,2914,4,2794,1205,3,1697,5685
hg-3-10-3:1308,1,3111,5873,4,2794,1205,3
hg-3-10-5:1308,3111,1205
hg-3-11:1,2782,2794,1205,3,1221,73
hg-3-12:1,2062,4,3,73,134
hg-3-13:5717,2320,1,4,1205,3,6100,134
hg-3-14:2336,80,1,3012,2777,3,73,1344,1214
hg-3-15:1737,2336,1,3012,1341,3,1342,1514,73,1344,1214
hg-3-77:2336,1,2777,3
hg-3-16:1,2062,4,3,73
hg-3-16-1:1,2062,4,1205,3,73
hg-3-16-2:1,5840,4,6042,3,73
hg-3-16-3:5767,1,5678,2927,2062,4,3,73
hg-3-16-4:5768,1,2046,2062,4,6042,3,73
hg-3-16-5:1682,1571,5766,5768,1,2062,4,3,6057,1221
hg-3-16-6:2062,4,73
hg-3-16-7:2062,4,73
hg-3-17:5768,1,2046,4,6042,3,1221,73,3282
hg-3-17-1:1362,1682,1571,5768,1,1272,2046,1248,4,6042,3,1221,73,3282,6214
hg-3-17-2:1682,1571,5768,1,2046,4,6042,3,1221,73,3282,3042
hg-3-17-2-1:1682,1571,5765,5768,1,2046,4,6042,3,1221,73,3282,3042
hg-3-17-2-2:1682,1571,5764,5768,1,2046,4,6042,3,1221,73,3042
hg-3-17-3:5764,5768,1,2046,4,6042,3,1221,73,3282
hg-3-17-3-1:1682,1571,5764,5765,5768,1,2046,4,6042,3,1221,73,3282
hg-3-17-3-2:1682,1571,5764,5768,1,2046,2914,4,6042,3,1221,73,3282,1351
hg-3-17-3-3:5764,5768,2046,6042,1221,73,3282
hg-3-17-4:1682,1571,5768,1,2046,4,6042,3,1221,73,3282
hg-3-18:1,2062,2786,1205,3
hg-3-19:2580,2320,1,2782,1205,3,1214,134
hg-3-20:2390,1,2782,2062,3,73,134
hg-3-21:1,2782,2062,3,73,1351
hg-3-22:1,2782,6298,1786,4,3
hg-3-79:1,4,3
hg-3-23:1,2782,2062,4,2794,1205,1383,3,1719,73,134
hg-3-24:1,2782,2062,1205,3,73
hg-3-25:1,2782,2989,2062,2493,3,73
hg-3-26:3138,2336,1,2964,3,2787,3136,1327,73,1214,134
hg-3-27:1,2288,4,3,134
hg-3-28:2496,1,3,1339,6094
hg-3-29:1,6002,3,73,1707
hg-3-30:1,2782,2062,4,3,134
hg-3-31:1,2782,1346,2081,3
hg-3-32:1,3111,4,3
hg-3-32-4:3111,4
hg-3-32-5:3111,4
hg-3-32-1:1,3111,5010,1333,4,3,1221
hg-3-32-2:1,3111,4,1205,3
hg-3-32-3:1,3111,2062,4,1205,3,6073
hg-3-33:1,5890,1347,4,1383,3,6100,1214,134
hg-3-33-1:5890,4,1383,6100,1214
hg-3-33-2:5890,4,1383,6100,1214
hg-3-34:1682,2801,2278,1,1740,1244,4,3,1221
hg-3-35:1,4,1205,3,1221
hg-3-35-1:1,3111,4,1205,3,1221,2133,1707
hg-3-35-2:1,1740,4,1205,3,1221,1539
hg-3-35-2-1:1682,1571,1,5917,1740,2982,4,1205,3,1221,1539,1214
hg-3-35-2-3:1,1740,4,1205,3,1221,1539,1214
hg-3-35-3:1,4,1205,3,1221,73
hg-3-36:1,2062,4,3,73
hg-3-36-1:1,2062,4,3,1719
hg-3-36-3:2062,4,73
hg-3-36-2:1,2062,4,3,73,134
hg-3-37:1,4,1205,3,1719,134,1348
hg-3-38:2319,1,2782,2062,5894,3,2161,73,134,1357
hg-3-39:1,2062,4,3,1214,134
hg-3-39-1:5679,2278,1,2062,2914,4,3,1221,1214,134,6256,5685
hg-3-39-2:5679,2278,1,2782,2062,2914,4,3,73,1214,134,5685
hg-3-39-3:5679,1,2062,4,3,1214,134
hg-3-39-7:2062,1205,1214,134
hg-3-39-5:5679,1682,1571,1,2062,1740,4,3,1221,1214,134
hg-3-39-5-1:5679,1682,1571,1,2062,1740,4,3,1221,1214,134
hg-3-39-5-4:2062,1740,4,1221,1214,134
hg-3-39-5-5:2062,1740,4,1221,1214,134
hg-3-39-5-2:5679,2062,1637,1755,5920,1740,4,1205,1925,1221,1214,134
hg-3-39-5-3:5679,1682,1571,2062,1740,4,6022,1221,1214,134
hg-3-39-4:5679,1682,1571,1,2062,5971,2283,2914,4,3,1214,134,5685
hg-3-39-6:5679,2062,2914,1214,134,5685
hg-3-40:1,1755,3,1637,843
hg-3-40-1:2708,5679,1,1755,3,1285,1637,843
hg-3-40-2:5679,6285,2836,2278,1,2782,1755,3,1637,843
hg-3-40-3:5679,1660,1,1755,5918,5919,3422,3,1637,843
hg-3-40-4:5679,1,1755,2283,4,3,1637,843
hg-3-40-5:5679,1,1755,5686,1456,3,5682,1637,843
hg-3-40-7:5679,1,1755,4,3,1637,843
hg-3-40-8:1755,843
hg-3-40-6:5679,1,1755,3,1637,73,843,2279
hg-3-41:1,4,3,6127,73
hg-3-42:1,2782,5847,3111,2062,3056,4,1205,3
hg-3-43:1,3111,1740,4,1205,3,1221,134
hg-3-43-1:1682,1571,1,3111,2062,1740,3056,4,1205,3,1221,134
hg-3-43-2:1682,1571,1,3111,1740,1333,4,1205,3,1221,134
hg-3-43-2-1:3111,1740,1333,4,1205,1221
hg-3-43-2-2:3111,1740,1333,4,1205,1221
hg-3-44:1,2782,3111,2062,4,1383,3
hg-3-45:1,5798,3111,2062,4,1205,3
hg-3-45-1:1737,1,5798,3111,2062,4,3,1628,134
hg-3-45-2:1,5799,3111,2062,1236,4,3
hg-3-45-3:1,3111,2062,1347,4,3
hg-3-45-6:3111,2062
hg-3-45-4:1,3111,2062,1205,3,6087,2965,73
hg-3-45-5:1,5798,3111,2062,2786,1236,1205,3
hg-3-46:1,2782,3111,1236,1205,3
hg-3-47:1,2078,2266,3056,4,6021,1205,1383,3,73
hg-3-47-1:2078,2266,3056,4,1383
hg-3-47-2:2078,2266,3056,4,1383
hg-3-48:1,4,3,1221,134
hg-3-49:1,2782,3,73
hg-3-50:1,2782,3111,3056,1205,1383,3,1221,134
hg-3-51:2336,1784,1,1341,3,1342,1514,73,1214
hg-3-52:2796,1,2782,1392,3137,1205,1383,3,73
hg-3-52-1:2796,1,2782,1392,3137,1205,1383,3,73
hg-3-53:80,1,2782,4,3,134
hg-3-53-1:80,1,2782,1786,1236,4,3,1719,134
hg-3-53-2:30,80,1,5678,2782,2927,4,6027,3,73,134
hg-3-54:1,2782,2062,2794,3,6109
hg-3-55:1,2046,4,1205,3,1221,1348
hg-3-56:1,1350,4,3,73,134
hg-3-57:3138,2185,2336,1,3,1327,3136,2787,2788,1351,1214
hg-3-58:2320,1,2782,2982,4,3,1221,1214,134
hg-3-58-1:2320,1,2982,4,3,1221,1214,134,843
hg-3-58-2:2320,80,1,2782,2982,4,3,1221,73,1214,134
hg-3-58-3:2320,1,1352,2982,3,1221,1214,2805
hg-3-58-13:2320,2982,1221,1214
hg-3-58-4:2320,2056,1,1353,2982,2952,3,1221,2758,1214,134
hg-3-58-5:1682,1571,2320,1,2982,4,3,1221,73,1214
hg-3-58-6:2320,1,2062,2982,4,6044,3,1214,2341
hg-3-58-7:1682,1571,2320,1,5678,2782,2927,2062,2982,3056,4,5686,3,1719,5682,1221,73,1214,134
hg-3-58-8:2320,1,2782,2982,4,3,1214
hg-3-58-9:2320,1,2782,2982,4,3,1719,1221,6190,1214,134
hg-3-58-10:2320,1,3399,2982,4,3,1221,1214
hg-3-58-10-1:2320,3399,2982,1221,1214
hg-3-58-10-2:2320,3399,2982,1221,1214
hg-3-58-10-3:2320,3399,2982,1221,1214
hg-3-58-10-4:2320,3399,2982,1221,1214
hg-3-58-11:1682,1571,2320,1,2982,3056,2914,4,3,1221,1214,5685
hg-3-58-12:1682,1571,2320,1,2782,2982,3056,3,1221,1214
hg-3-58-12-1:2320,2982,3056,1221,1214
hg-3-58-12-2:2320,2982,3056,1221,1214
hg-3-58-12-3:2320,2982,3056,1221,1214
hg-3-58-12-4:2320,2982,3056,1221,1214
hg-3-59:1,4,1205,1383,3,73
hg-3-60:2336,80,1,3012,4,3,6313,1354
hg-3-61:1,1740,4,3,1221,134
hg-3-62:1,5957,4,3,73,1214,134
hg-3-63:1,2062,4,1205,3,73,6198
hg-3-78:1,4,3
hg-3-64:2336,1784,1,1341,3,1342,1343,1785
hg-3-65:1,2062,1236,4,3,1351
hg-3-66:1,4,3,73,134,6250
hg-3-66-1:2320,1,2062,4,3,73,134
hg-3-66-2:1,4,3,73,134,6250
hg-3-67:1,2782,2493,4,3,1355
hg-3-67-1:2493,4
hg-3-67-2:2493,4
hg-3-67-3:2493,4
hg-3-68:1,2062,4,3,6056,1356,134,1357,6254,6255
hg-3-68-1:2062,4,6056,6254,6255
hg-3-68-2:2062,4,6056,6254,6255
hg-3-69:1,3111,2062,4,1205,3,1358
hg-3-69-1:1,3111,2062,4,1205,3,1358
hg-3-69-1-1:3111,2062,4,2794
hg-3-69-1-2:3111,2062,4,2794
hg-3-69-1-3:3111,2062,4,2794
hg-3-69-2:1682,1571,1,3111,2062,4,1205,3,1358
hg-3-70:1,3111,4,1205,2488,3,134
hg-3-71:1,3111,4,1205,3,1221
hg-3-71-1:1,3111,2982,4,1205,2975,3,1221,134
hg-3-71-2:1,3111,4,1205,3,1221,134
hg-3-72:1,1350,4,3,73,1214,134
hg-3-73:1,2081,2790,1205,3
hg-3-73-1:1,2081,2790,3,73
hg-3-73-2:1,5832,1346,2081,2790,1205,3
hg-3-73-3:1,2777,2081,2790,2493,2794,3
hg-3-73-3-1:1,2777,2081,2790,2493,2794,3
hg-3-73-3-2:1267,1,2777,2081,2790,2493,4,2794,3
hg-3-73-3-3:2777,2081,2790,2493,2794
hg-3-73-5:2081,2790
hg-3-73-4:1,2062,2081,2790,4,1205,3
hg-3-73-4-1:2115,1,2062,2081,2790,4,1205,3
hg-3-73-4-2:1267,1,1346,2062,2081,2790,2914,4,1205,3,5685
hg-3-73-4-3:1,2062,2081,2790,5962,1205,3
hg-3-73-4-4:1267,1,2062,2081,2790,1205,3
hg-3-73-4-5:1,2062,2081,2790,1205,3,1329,6274
hg-3-74:1,1360,4,1205,3
hg-3-74-1:2336,1,5830,5831,2777,1360,4,1205,3
hg-3-74-1-1:2336,1,5830,5831,2777,1360,4,1205,3
hg-3-74-1-2:2336,1,5830,5831,2777,1360,4,1205,3
hg-3-74-2:2796,1,1360,1205,1383,3,73,134
hg-3-74-3:2808,1,1359,6001,1360,1205,3,2807
hg-3-74-3-1:2808,1,1359,6001,1360,1205,3,2807
hg-3-74-3-2:2808,1,1359,6001,1360,1205,3,2807
hg-3-74-4:1,1361,1360,3,6272,6273,2807
hg-3-74-5:1,1360,4,1205,3,6118,1424,6275
hg-3-74-6:1,5830,1360,4,1205,3,1351,6276
hg-3-74-6-1:1,2062,1360,4,2794,3,1351,6276
hg-3-74-6-2:1,5831,1360,4,1205,3,1351,6247,6276
hg-3-75:1,1733,3056,6010,4,3,1221,6115
hg-3-75-1:1,2536,3056,6010,4,3,1221,6115,3282
hg-3-75-2:1,1733,3056,6010,4,3,1221,6115
hg-3-75-3:1,1733,3056,6010,4,3,1221,6115
hg-3-75-5:30,1,5938,1733,3056,6010,4,3,1221,6115
hg-3-76:2320,1,3056,4,3,1339,73,1214
hg-3-76-1:2320,1,6293,1333,3056,4,5686,3,5682,1339,73,1214,134
hg-3-76-3:2320,3056,4,1339,1214
hg-3-76-2:2320,1,3056,4,5686,3,5682,1339,1628,73,1214
hg-4:1,3
hg-4-1:1362,1,1272,1205,3,1221
hg-4-2:1,5871,4,3
hg-4-3:1,1452,1978,1456,3,6093
hg-4-4:1,1363,5010,3,1221
hg-4-7:1,4,3
hg-4-8:1,4,3
hg-4-5:1,5926,2790,1205,3
hg-5:1,4,3
hg-5-12:1,4,3
hg-5-1:1,1295,1597,4,3,1635
hg-5-2:1,2062,5941,4,3,73
hg-5-3:1,2081,2493,4,3
hg-5-4:1,2062,4,1205,3,73
hg-5-5:1,2062,4,1205,3,73
hg-5-6:1,2062,5888,1295,4,3
hg-5-7:1,5887,2914,3,6281
hg-5-7-2:5887,2914
hg-5-7-1:1,5887,5889,2914,3
hg-5-7-3:5887,2914
hg-5-7-4:5887,2914
hg-5-8:1,4,3,1261,73
hg-5-9:1,3111,2062,2786,3
hg-5-9-1:1,3111,2062,2786,2794,3
hg-5-9-2:1,3111,2062,2786,1205,3
hg-5-9-3:2336,1,3012,1341,3111,2062,3,73
hg-5-9-4:3111,2062
hg-5-9-5:3111,2062
hg-5-9-6:3111,2062
hg-5-10:1,3111,2062,2786,1205,3
hg-5-10-3:3111,2062,1205
hg-5-10-1:1,3111,2062,2786,1597,1205,3,1283
hg-5-10-2:1,3111,2062,2786,1205,3,2161,1351,1214
hg-5-11:1,4,1205,3,1221,1273
hg-6:12755,1,3356,4,3,1221
hg-6-1:1,1331,3356,1205,3,1221
hg-6-2:1,3356,4,1205,3,1221,73
hg-7:1,3
hg-7-1:1,1272,5884,5010,1205,3,1221
hg-7-2:1362,1,1272,3357,5010,1205,3,1221
hg-7-2-1:1362,1272,3357,5010,1205
hg-7-2-2:1362,1272,3357,5010,1205
hg-7-2-3:1362,1272,3357,5010,1205
hg-7-9:1,4,3
hg-7-3:1,3111,1236,4,1205,3,1214
hg-7-3-1:3111,1236,4,1205,1214
hg-7-3-2:3111,1236,4,1205,1214
hg-7-3-3:3111,1236,4,1205,1214
hg-7-3-4:3111,1236,4,1205,1214
hg-7-4:1,1365,1366,3358,4,1205,3,1367
hg-7-5:1,2081,4,3,6172,6173
hg-7-6:1362,1,1272,3357,1368,1205,3,1221
hg-7-7:1362,1682,1,1272,3357,1368,5959,1205,3,1221
hg-7-7-1:1362,1682,1571,1,1272,3357,1368,2046,2962,1205,3,1221,1261,1332
hg-7-7-3:1362,1682,1368,5959
hg-7-7-2:1362,1682,1571,1,1272,3357,1368,5959,1205,3,1221
hg-7-8:1362,1,1272,5010,1205,3,1221,1332,6263
hg-7-8-1:1362,1,1272,5010,1205,3,1221,1332
hg-7-8-2:1362,1571,1,1272,1248,5010,1205,3,1221,1332,2204
hg-8:1,3
hg-8-1:1,5781,4,3
hg-8-1-3:5781
hg-8-1-1:80,1,5781,3111,4,3
hg-8-1-2:1,5781,6014,4,3
hg-8-1-4:5781
hg-8-1-5:5781
hg-8-1-6:5781
hg-8-2:1,4,3
hg-8-2-1:5690,5691,1,4,3
hg-8-2-2:4
hg-8-2-3:4
hg-8-2-4:4
hg-8-3:1,4,3
hg-8-3-1:1,5789,2816,4,3
hg-8-3-4:4
hg-8-3-3:1,5838,5839,1637,4,3
hg-8-13:1,4,3
hg-8-4:1,2062,4,3
hg-8-4-2:2062,1205
hg-8-4-3:2062,1205
hg-8-4-4:2062,1205
hg-8-4-5:2062,1205
hg-8-4-6:2062,1205
hg-8-4-1:1437,1438,1435,1,2062,1333,2982,4,1205,3
hg-8-5:1267,1378,1,1369,4,3,843
hg-8-5-9:1267,1378,1369,4,843
hg-8-5-1:1737,1267,1378,1,1369,4,3,73,843
hg-8-5-10:1267,1378,1369,4,843
hg-8-5-3:1267,1378,1,1369,4,3,843
hg-8-5-4:1737,1267,1378,1,1369,4,6049,1608,3,843
hg-8-5-5:1267,1408,5733,1378,1,1369,1295,4,3,843
hg-8-5-6:1267,1388,1378,1,1369,4,3,843
hg-8-5-8:1267,1378,1,1369,4,3,6184,843
hg-8-6:1,4,3
hg-8-6-8:4
hg-8-6-1:1,2816,4,3,843
hg-8-6-2:1371,1,4,1205,3
hg-8-6-9:4
hg-8-6-3:1,2919,4,3
hg-8-6-10:4
hg-8-6-4:1,4,3,6307
hg-8-6-5:1,5899,3356,4,3
hg-8-6-6:1,4,1383,3
hg-8-6-7:1,4,3,6142,6209,2205
hg-8-7:1737,1,6289,2062,4,3
hg-8-7-2:1737,6289,2062,4
hg-8-7-3:1737,6289,2062,4
hg-8-7-4:1737,6289,2062,4
hg-8-7-1:1737,1267,1,6289,2062,4,3
hg-8-7-1-1:1737,1267,1,6289,2062,4,3
hg-8-7-1-2:1737,1267,1,6289,2062,4,3
hg-8-7-1-3:1737,1267,1,6289,2062,4,3
hg-8-7-5:1737,6289,2062,4
hg-8-7-6:1737,6289,2062,4
hg-8-8:1,4,3,843
hg-8-8-2:4,843
hg-8-8-3:4,843
hg-8-8-1:1,2816,6297,4,3,843
hg-8-8-4:4,843
hg-8-9:1,4,3
hg-8-9-1:1,4,3,2281
hg-8-9-1-1:1,5792,4,1205,3,2281
hg-8-9-1-5:4,2281
hg-8-9-1-2:1,2404,4,3,2281
hg-8-9-1-6:4,2281
hg-8-9-1-7:4,2281
hg-8-9-1-8:4,2281
hg-8-9-1-4:2958,3006,2784,1,4,3,2281
hg-8-9-2:1,4,3
hg-8-9-2-4:4
hg-8-9-2-1:2057,1,1637,5980,4,3
hg-8-9-2-5:4
hg-8-9-2-2:1,4,3
hg-8-9-2-3:1,4,3,6168
hg-8-9-3:1,4,3
hg-8-9-4:1,4,3
hg-8-9-4-1:4
hg-8-9-4-2:4
hg-8-9-4-3:4
hg-8-9-4-4:4
hg-8-9-4-5:4
hg-8-10:1,6288,4,2975,3
hg-8-10-1:80,1,4,1205,2975,3,73
hg-8-10-2:4,1205,2975
hg-8-10-3:4,1205,2975
hg-8-10-4:4,1205,2975
hg-8-10-5:4,1205,2975
hg-8-14:1,4,3
hg-8-11:1,1369,4,3,843,1382
hg-8-11-2:1,1369,4,3,843,1382
hg-8-11-4:5692,1308,1,1369,1637,4,3,3227,843
hg-8-11-5:3138,2057,1,1369,1637,843
hg-8-11-6:1,1369,1381,4,3,843
hg-8-11-63:4,843
hg-8-11-9:1408,5744,1,1369,1637,4,3,843
hg-8-11-11:1,1369,4,1205,3,1221
hg-8-11-12:1267,1408,1378,1,1369,2982,4,3,843
hg-8-11-17:1,1369,4,3,843
hg-8-11-21:2784,1,1369,1637,3,843,1382
hg-8-11-22:1,1369,1637,4,3,843
hg-8-11-25:1267,1,1369,1380,1637,4,1608,3,73,843
hg-8-11-26:1,1369,1637,2919,4,3,843,1382,6246
hg-8-11-28:1,1369,4,3,73,843,1382
hg-8-11-29:1,1369,1637,4,3,73,843,1382
hg-8-11-44:1,1369,1637,4,3,843
hg-8-11-64:4,843
hg-8-11-47:1,1369,1637,4,3,843,1382
hg-8-11-48:1779,1378,1,1369,4,3,843
hg-8-11-49:1267,1,1369,4,3,843
hg-8-11-51:1,1369,4,3,843
hg-8-11-52:1267,1,1369,4,3,843
hg-8-11-65:4,843
hg-8-11-66:4
hg-8-11-62:1,1369,4,3
hg-8-12:1,6291,4,3
hg-8-12-1:1,2144,4,3
hg-8-12-2:1,1370,2913,4,1383,3
hg-8-12-8:4
hg-8-12-3:1,2144,4,3,6262
hg-8-12-4:1,2144,5979,4,1383,3
hg-8-12-9:4
hg-8-12-5:1,4,3,73
hg-8-12-10:4
hg-8-12-6:1,4,3,6251
hg-8-12-11:4
hg-8-12-12:4
hg-8-12-7:1,6291,5968,4,1383,3
hg-8-12-7-1:6291,5968,4,1383
hg-8-12-7-2:6291,5968,4,1383
hg-8-12-7-3:6291,5968,4,1383
hg-8-12-7-4:6291,5968,4,1383
hg-9:12755,1,1370,3,1716
hg-9-1:1,1370,1205,3,1221
hg-9-1-1:1,1370,1205,3,1221
hg-9-1-1-1:1221
hg-9-1-1-2:1221
hg-9-1-1-3:1221
hg-9-1-1-4:1221
hg-9-1-2:5690,1682,1571,1,1272,1370,1205,3,1221,1273
hg-9-1-3:1,5854,2134,1370,2137,3297,1205,3,1221
hg-9-1-4:1,1370,1205,3,2557,1221
hg-9-1-5:1682,1571,1,1370,1372,1205,3,1221,1273
hg-9-1-5-3:1,1370,1372,3,1221,1273
hg-9-1-5-6:1372,1221,1273
hg-9-1-5-5:1,1370,1372,3,1221,1273
hg-9-1-6:1682,1571,1,1370,1205,6045,3,1221
hg-9-1-6-6:1205,1221
hg-9-1-6-1:1682,1571,1388,1,1370,3,1221
hg-9-1-6-2:1682,1571,1,1370,1205,6046,3,1221,1273
hg-9-1-6-3:1682,1571,1,1370,3,1221,1273
hg-9-1-6-7:1205,1221
hg-9-1-6-4:1,1331,1370,5010,1205,3,1221,1273
hg-9-1-6-5:1,1370,3,1221,1273
hg-9-1-6-8:1221
hg-9-1-7:1371,1,1370,3356,5960,1205,3,1221
hg-9-1-7-1:1371,1,1370,3356,5960,1205,1383,3,1221
hg-9-1-7-2:1,1370,3356,5925,5960,1205,3,1221
hg-9-1-13:1205,1221
hg-9-1-8:1,1370,4,1205,1383,3,1221,6107,1214
hg-9-1-9:1682,1571,1,1370,1372,3289,5963,3297,1205,3,1221
hg-9-1-10:1682,1571,1,1370,2919,1205,6038,3,1221
hg-9-1-11:1,1370,1649,2169,4,1205,6055,3,1221
hg-9-1-12:1682,1571,1,1370,2137,1649,1205,3,1221,6166
hg-9-2:1,1370,3,1273
hg-9-3:1378,1,1370,3,1221
hg-9-3-1:1378,1,1370,3,1221
hg-9-3-1-1:1378,1,1370,3,1221
hg-9-3-1-2:1378,1,1370,3,1221
hg-9-3-1-3:1378,1,1381,1370,3,1221,3280
hg-9-3-1-4:1378,1,1370,3,1221
hg-9-3-1-5:1378,1,1370,3,1221
hg-9-3-1-6:1378,1,1370,3,1221
hg-9-3-1-7:1378,1,1370,3,1221
hg-9-3-2:1378,1,1370,3,1221
hg-9-3-2-1:1378,1,1370,3,1221
hg-9-3-2-2:1378,1,1370,3,1221
hg-9-3-2-3:1378,1,1370,3,1221
hg-9-3-2-4:1378,1,1370,3,1221
hg-9-3-2-5:1378,1,1370,3,1221
hg-9-3-3:1682,1571,1378,1,1381,1370,3,1221
hg-9-3-4:1571,1378,1,1370,5895,3,1221
hg-9-3-4-1:1378,1,1370,5895,3,1221
hg-9-3-4-2:1856,1571,1378,1,1370,5895,3,1221
hg-9-3-4-3:5733,2792,1378,1,1370,5895,3,1221
hg-9-3-4-5:1571,1378,1,1370,5895,3,1221
hg-9-3-4-8:1378,5895,1221
hg-9-3-4-6:1571,1378,1,1370,5895,1295,3,1221
hg-9-3-4-7:1571,1378,1,1370,5895,3,1221
hg-9-3-5:1378,1,1370,3,1221
hg-9-3-6:1378,1,1370,3,1221
hg-9-3-6-1:1378,1,1370,3,1221
hg-9-3-6-2:1378,1,1370,3,1221
hg-9-3-6-3:1378,1,1370,3,1221
hg-9-3-6-4:1378,1,1370,3,1221
hg-9-3-6-5:1378,1,1370,3,1221
hg-9-3-6-6:1378,1,1379,1380,1381,1370,3,1221,1382
hg-9-4:1378,1,1370,3,1221,3280
hg-9-4-1:1378,1,1370,3,1221,1273,3280
hg-9-4-3:1378,1221,3280
hg-9-4-2:1378,1,1370,3,1221,1273,3280
hg-9-5:1,1370,3,1221
hg-9-6:1682,1571,1,1370,5010,3,1221
hg-9-6-1:1682,1571,1,2028,1370,5010,1205,3,1221
hg-9-6-2:1682,1571,5774,1,5010,3,1221
hg-9-7:5708,1,1811,1370,1373,3,1221
hg-9-8:1,1370,3,1221
hg-9-8-1:1,5851,5861,3141,5863,1370,1374,1205,3,1221
hg-9-8-7:1221
hg-9-8-2:1,1370,1375,3142,3,1221
hg-9-8-3:1,1370,3142,3,1221,1376
hg-9-8-3-1:1,1370,3142,3,1221,1376
hg-9-8-3-2:1,1370,3142,3,1221,1376
hg-9-8-4:1,5863,1370,1374,3,1221,3141,1377
hg-9-8-4-1:1,5863,1370,1374,3,1221,3141,1377
hg-9-8-4-2:1,5863,1370,1374,3,1221,3141,1377
hg-9-8-4-3:1,5863,1370,1374,3,1221,3141,1377
hg-9-8-4-4:1,5863,1370,1374,3,1221,3141,1377
hg-9-8-5:1,1370,3142,3,1221,1376
hg-9-8-6:1,1331,1370,1374,1205,3,1221,3141,1377
hg-9-9:1,1370,1654,3,1221,6238
hg-9-10:1378,1,1379,1380,1381,1370,3,1221,1382
hg-9-10-1:1378,1,1379,1380,1381,1370,3,1221,1382
hg-9-10-3:1221
hg-9-10-4:1221
hg-9-10-5:1221
hg-9-10-6:1221
hg-9-10-2:1682,1571,1378,1,1379,1380,1381,1370,3,1221,1382
hg-9-11:1,1370,3,1221
hg-9-12:1371,1,1370,1383,3,1221,1214
hg-9-12-1:1371
hg-9-12-2:1371
hg-10:1,3
hg-10-1:1,1637,6003,4,3
hg-10-2:2319,1,1361,5894,4,3,843
hg-10-2-1:2319,1,1361,6292,5894,5896,4,3,843
hg-10-2-2:2319,1,1361,5894,4,3,3136,843
hg-10-3:1267,1,2777,5896,4,3,73
hg-10-4:3138,2336,1,5927,3136,4,3,73
hg-10-5:2958,1,1637,2117,4,3
hg-10-6:1,4,3,1214,843
hg-10-6-1:1,5952,5954,1295,3,1214,843
hg-10-6-2:1408,1603,5733,5734,1,4,3,1214,843
hg-10-6-3:1408,5733,1,1295,4,3,1214,843
hg-10-6-4:5735,1,1295,1597,4,3,73,1214,843
hg-10-6-5:1408,1378,1,1381,4,3,1221,1214,843
hg-10-6-6:50,1,3054,3003,2780,4,3,1214,843
hg-10-6-7:1,4,3,1214,843
hg-10-6-8:1682,1571,1378,1,5865,1295,1597,4,3,1214,843
hg-10-6-9:1,5866,2989,1295,1597,4,3,1214,843
hg-10-6-10:1316,2057,1378,1,1637,4,3,2281,1214,843
hg-10-6-11:2058,2057,2056,5763,1378,1,1384,1637,1385,4,4051,3,1214,843
hg-10-6-11-1:2058,2057,2056,5763,1378,1,1384,1637,1385,4,4051,1456,3,1261,1637,1214,843
hg-10-6-11-2:2058,2057,2056,5763,1378,1,1384,1380,1637,1385,4,4051,3,1214,1386,843
hg-10-6-11-3:2058,2057,2056,1378,1,1384,1637,1385,4,4051,3,1214,843
hg-10-6-11-4:5679,2058,2057,2056,1378,1,5842,1384,1637,1385,4,4051,3,1637,1214,843
hg-10-6-11-5:2058,2057,2056,1378,1,1384,1637,1385,4,4051,3,1261,843
hg-10-6-11-5-1:2058,2057,2056,1378,1,1384,1637,1385,4,4051,3,1261,843
hg-10-6-11-5-2:2058,2057,2056,1378,1,1384,1637,1385,4,4051,3,1261,843
hg-10-6-11-5-3:2058,2057,2056,1378,1,1384,1637,1385,4,4051,3,1261,843
hg-10-6-11-6:2058,2057,2056,5763,1378,1,1384,1637,1385,4,4051,3,2281,1214,843
hg-10-6-11-7:5679,2058,2057,2056,5763,1378,1,1384,1380,1637,1385,4,4051,3,1261,1214,843
hg-10-6-11-8:2058,2057,2056,1378,1,1384,1637,1385,4,4051,3,2066,1214,843
hg-10-6-11-9:2058,2057,2056,1378,1,1384,1637,5935,1385,4,4051,3,1214,843
hg-10-6-11-9-1:2058,2057,2056,1378,1,1384,1637,5935,5936,1385,4,4051,3,1285,1214,843
hg-10-6-11-9-2:5679,2058,2057,2056,5761,1378,1,1384,1637,5935,1385,4,4051,3,1261,1214,843
hg-10-6-11-10:1598,5679,2058,2057,2056,1378,1,1384,1637,1385,4,4051,3,1285,1637,1390,1214,843
hg-10-6-11-11:2058,2057,2056,1378,1,1384,1637,1385,4,4051,3,1261,1214,843
hg-10-6-11-12:5679,1308,2058,2057,2056,1378,1,1384,1637,1385,4,4051,3,1698,1214,1386,843
hg-10-6-11-13:2058,2057,2056,1378,1,1384,1637,1385,4,4051,1456,3,1261,1214,843
hg-10-6-11-14:1316,2058,2057,2056,1378,1,1384,1637,1385,4,4051,3,6181,1214,843
hg-10-6-11-14-1:2058,2057,2056,1378,1,1384,1637,1385,4,4051,3,6181,1214,843
hg-10-6-11-14-2:1316,2058,2057,2056,1378,1,1384,1637,1385,4,4051,3,6181,1214,843
hg-10-6-11-15:2058,2057,2056,1387,1378,1,1384,1637,1385,4,4051,3,1261,1214,843
hg-10-6-11-16:2058,2057,2056,5763,1378,1,1384,1637,1385,4,4051,3,1261,1214,843
hg-10-6-11-16-3:2058,2057,2056,5763,1378,1637,4,4051,1261,1214,843
hg-10-6-11-16-1:2058,2057,2056,5763,1378,1,1384,1637,1385,4,4051,1456,3,1261,1214,843
hg-10-6-11-16-2:2058,2057,2056,5763,1378,1,1384,1637,1385,4,4051,3,1261,1214,843
hg-10-6-11-17:2058,2057,2056,1378,1,5807,1384,1637,1385,4,4051,3,1214,843
hg-10-6-12:1737,1378,1,1380,4,6028,3,1214,843,1389
hg-10-6-13:1378,1,1380,5865,1295,4,6029,1608,3,1214,843
hg-10-6-14:1408,1603,5733,5186,2792,1378,1,1380,2914,4,3,1214,843,5685
hg-10-6-15:1408,2792,1378,1,1380,1295,1597,2914,4,3,1221,1214,843,5685
hg-10-6-16:5762,1378,1,2777,4,3,1214,843
hg-10-6-17:2184,1378,1,4,3,6134,73,1214,843
hg-10-6-17-1:2184,1378,4,6134,73,1214,843
hg-10-6-17-2:2184,1378,4,6134,73,1214,843
hg-10-6-17-3:2184,1378,4,6134,73,1214,843
hg-10-6-18:1388,1378,1,1295,4,3,2349,1214,843
hg-10-7:1,1637,1456,3
hg-10-7-1:3138,1,1637,1456,3,6220
hg-10-7-2:1,2262,1637,4,1456,3,73
hg-10-7-3:1,2262,1637,4,1456,3
hg-10-7-4:2972,1,1637,4,1456,3,1637
hg-10-8:1,4,1205,3,1221,1214,6210
hg-10-9:2057,1,4,3
hg-10-9-1:5718,2058,2057,1,1384,1637,4,3,1386
hg-10-9-21:2057,4
hg-10-9-2:2057,5769,1,4,3
hg-10-9-3:2057,1387,1,1637,4,3,2281
hg-10-9-4:2057,1,2989,4,1205,3,1214
hg-10-9-4-1:2057,1,2989,4,1205,3,1214
hg-10-9-4-2:2057,1,2989,4,1205,3,1214
hg-10-9-5:2057,2056,1,4,1456,3,1637
hg-10-9-6:1682,1571,1388,2057,1,4,3,1221,1273
hg-10-9-7:3138,2057,2056,1,5875,4,1456,3,1637
hg-10-9-7-1:3138,2057,2056,1,5862,5875,1755,4,1456,3,1637
hg-10-9-7-2:5679,3138,2057,2056,1,5875,5876,4,1456,3,1637,2281
hg-10-9-8:5679,5719,2057,1,1384,1637,4,3,1356,1386
hg-10-9-9:2057,1,5877,1637,4,1456,3,2281
hg-10-9-10:894,1737,2057,1,4,3,843
hg-10-9-11:2057,1,4,1205,3,73
hg-10-9-12:1267,2336,1,3012,2777,4,3
hg-10-9-12-1:1267,2336,80,1,3012,2777,4,3
hg-10-9-12-2:1267,2336,1,3012,5982,4,3
hg-10-9-13:1,5795,4,2794,3
hg-10-9-13-3:5795,4,2794
hg-10-9-13-2:1,5795,2404,4,2794,1205,3
hg-10-9-14:1,1341,2989,2404,5981,4,1205,3
hg-10-9-14-1:2404,5981,4
hg-10-9-14-2:2404,5981,4
hg-10-9-15:1,1637,5994,4,3,843
hg-10-9-16:1,2989,1597,4,3,73
hg-10-9-17:5679,2057,1,1385,3145,4,3,1261,1637,1389
hg-10-9-22:4
hg-10-9-18:2958,2336,1,5995,4,3737,3,73
hg-10-9-18-1:2958,2336,2057,5995,4,3737,73
hg-10-9-18-2:2958,2336,2057,5995,4,3737,73
hg-10-9-19:1,1295,6004,4,3,843
hg-10-9-20:2057,1,1384,1637,4,3,2281
hg-10-9-20-1:2057,2056,1,1384,1637,4,1456,3,2281
hg-10-9-20-2:2057,1,1384,1637,1755,4,1456,3,1285,2281
hg-10-10:1,5839,1637,6026,3,843
hg-10-11:1316,1,1385,3,1418,1390,1214
hg-10-11-1:1682,1571,1391,1,5901,1295,2914,4,3,1221,1390,1214,5685
hg-10-11-2:1,4,3,1221,1390,1214,843
hg-10-11-2-1:1682,1571,1,5010,4,1205,3,1221,1390,1214,843
hg-10-11-2-2:5679,5698,1391,1,5939,4,3,1221,1390,1214,843
hg-10-11-2-3:1,5849,6005,4,3,1221,1390,1214,843
hg-10-11-2-4:1,4,3,1221,1390,1214,843
hg-10-11-2-5:1,4,3,1221,1390,1214,843
hg-10-11-2-6:1,4,3,1221,1390,1214,843
hg-10-11-3:5679,1316,1,1385,1418,1390,1214
hg-10-11-3-6:1316,1385,1418,1390,1214
hg-10-11-3-1:1316,2057,1,1385,6025,1418,1339,1390,1214,1425
hg-10-11-3-2:1316,1391,1,1385,1418,1261,1390,1214
hg-10-11-3-3:1316,1,1385,1418,1261,1390,1214
hg-10-11-3-4:1316,1,1385,1418,1390,1214
hg-10-11-3-7:1316,1385,1418,1390,1214
hg-10-11-3-5:1316,1,1385,1418,1390,1214,1425
hg-10-11-4:5679,1316,1,1385,1418,1390,1214
hg-10-11-4-1:5679,1308,1316,1,1637,1385,3,1418,1221,6116,1390,1214
hg-10-11-4-2:1598,5679,1316,1391,1,1637,1385,3,1418,1390,1214
hg-10-12:2336,1,1341,3,3136,73
hg-10-13:1,2989,5896,4,3,73
hg-10-14:1,4,3,1285
hg-10-14-1:1,4,1205,3,1285
hg-10-14-2:2784,80,1,3111,3
hg-10-14-3:1408,1,1295,3,6144,1324
hg-10-14-4:1,4,3,1285
hg-10-14-5:1,1649,4,3,1221,6145
hg-10-14-6:1,2989,1597,4,3
hg-10-14-6-1:1,2989,1295,1597,4,3127,3
hg-10-14-6-1-1:2989,1295,1597,4,3127
hg-10-14-6-1-2:2989,1295,1597,4,3127
hg-10-14-6-1-3:2989,1295,1597,4,3127
hg-10-14-6-1-4:2989,1295,1597,4,3127
hg-10-14-6-2:1,2989,1295,1597,2914,4,3,5685
hg-10-14-7:1408,1,4,3,1221,1273
hg-10-14-8:1316,1,5791,2062,1456,3
hg-10-14-8-1:1316,1,5791,2062,4,1456,3,6147
hg-10-14-8-2:1316,2057,1,5791,2062,4,1456,3,2066,2059,2279
hg-10-14-9:1,3111,4,1205,3,1214
hg-10-14-10:1,2062,2783,4,3,1285,6148
hg-10-14-10-1:1,2062,2783,4,2952,3,1285,6148
hg-10-14-10-2:5679,1316,1,2062,2783,4,3,1285,6148,2059
hg-10-14-11:1,4,3,6156
hg-10-14-11-3:4,6156
hg-10-14-11-4:4,6156
hg-10-14-11-1:1,5915,4,3,6156
hg-10-14-11-2:1,4,3,846,87,6149,6156
hg-10-15:2185,1,4,3,73,1214
hg-10-16:1,4,3
hg-10-16-1:1,4,1205,3
hg-10-16-1-1:5002,1,4,1205,3,1221,6248,5029
hg-10-16-1-2:1,2404,4,1205,3
hg-10-16-1-2-1:1,3102,2404,4,1205,3
hg-10-16-1-2-2:1,3102,2404,4,1205,3
hg-10-16-1-3:1,3102,2786,4,1205,3
hg-10-16-1-7:4,1205
hg-10-16-1-4:1,2989,2130,4,1205,3
hg-10-16-1-5:80,1,1597,4,1205,3,73
hg-10-16-1-6:1,3102,2786,4,1205,3
hg-10-16-1-6-3:2786,4,1205
hg-10-16-1-6-1:1,3102,2786,4,1205,3,6146
hg-10-16-1-6-2:1,3102,2786,4,1205,3
hg-10-16-1-8:4,1205
hg-10-16-2:1,1236,4,3
hg-10-16-3:1,5855,4,6043,3,73
hg-10-16-4:2958,3006,2784,1,5814,4,3
hg-10-16-10:4
hg-10-16-5:80,1,1597,4,1205,3,73
hg-10-16-6:80,1,1597,1786,4,3,73,6180
hg-10-16-7:1,3102,4,3
hg-10-16-8:2056,80,1,1392,4,1383,3
hg-10-16-8-1:2287,2056,80,1,1341,1392,4,1383,3,1393
hg-10-16-8-3:2056,80,1392,4,1383
hg-10-16-8-2:2056,80,1,1392,4,1383,3
hg-10-16-8-4:2056,80,1392,4,1383
hg-10-16-9:1,2062,4,2794,1205,3
hg-10-16-9-4:2062,4,2794,1205
hg-10-16-9-1:1,2062,4,2794,1205,3
hg-10-16-9-1-1:1,2062,4,2794,1205,3
hg-10-16-9-1-2:1,2062,4,2794,1205,3
hg-10-16-9-5:2062,4,2794,1205
hg-10-16-9-2:1,2062,4,2794,1205,3,73
hg-10-16-9-2-1:1,2062,4,2794,1205,3,73
hg-10-16-9-2-2:1,2062,4,2794,1205,3,73
hg-10-16-9-3:1,2062,2130,4,2794,1205,3
hg-10-17:1,1637,4,3,1261
hg-10-17-1:2958,1,2950,2994,1637,3,1261
hg-10-17-3:1637,1261
hg-10-17-2:1,2816,5883,1637,4,3,1261
hg-10-18:1,1786,4,1205,6041,1729,3,73,1214
hg-10-18-1:1,1786,1236,4,1205,6041,1729,3,73,1214
hg-10-18-2:1,5794,3111,1786,4,1205,6041,1729,3,73,1214
hg-10-18-2-1:5794,3111,1786,1205,6041,1729,1214
hg-10-18-2-2:5794,3111,1786,1205,6041,1729,1214
hg-10-18-2-3:5794,3111,1786,1205,6041,1729,1214
hg-10-18-2-4:5794,3111,1786,1205,6041,1729,1214
hg-10-18-2-5:5794,3111,1786,1205,6041,1729,1214
hg-10-18-3:1,1786,4,1205,6041,1729,3,1634,73,1214,3039
hg-10-18-4:1,1786,4,1205,6041,1729,3,73,1539,1214
hg-10-18-4-1:1,1786,4,1205,6041,1729,3,73,1539,1214,3039
hg-10-18-4-2:1,1786,4,1205,6041,1729,3,73,1539,1214,3039
hg-10-19:1,5808,3111,4,3,73,1214
hg-10-19-1:1,5808,3111,1597,4,3,73,1214
hg-10-19-2:1,5808,3111,1726,4,1205,3,73,1214
hg-10-19-6:5808,3111,4,73,1214
hg-10-19-3:2319,1,5808,3111,1733,4,3,73,1214,6260
hg-10-19-4:1,5808,3111,1786,4,3,73,1214,6259
hg-10-19-5:1,5808,3111,4,1205,3,73,1214,6268,6269
hg-11:2336,1,4,3
hg-11-1:3359,2810,1779,1,3
hg-11-1-1:3359,2810,1779,1,3
hg-11-1-18:3359,2810,1779
hg-11-1-2:3359,2810,1779,1,5852,4,1205,3,1221,1774
hg-11-1-2-1:3359,2810,1779,1205
hg-11-1-2-2:3359,2810,1779,1205,1221,1774
hg-11-1-2-3:3359,2810,1779,1205,1221,1774
hg-11-1-2-4:3359,2810,1779,1205,1221,1774
hg-11-1-3:3359,2810,1779,1,3,73
hg-11-1-3-1:3359,2810,1779,1,3,73
hg-11-1-3-2:3359,2810,1779,1,3,73
hg-11-1-4:3359,2810,1779,1,5070,5977,3,73
hg-11-1-4-1:3359,2810,1779,1,5070,5977,3,1221,73
hg-11-1-4-2:3359,2810,5713,1779,1,5070,1597,5977,3,73
hg-11-1-5:3359,2810,1779,1,3,843
hg-11-1-5-1:3359,2810,5725,1779,1,3,843
hg-11-1-5-2:3359,2810,1779,1,3,843
hg-11-1-5-3:3359,2810,5725,1779,1,3,843
hg-11-1-5-4:3359,2810,5725,1779,1,3,6205,843
hg-11-1-5-5:3359,2810,5724,1779,1,3,843
hg-11-1-6:2810,5727,1779,1,5783,3
hg-11-1-7:3359,2810,1779,1,2062,1205,3,73
hg-11-1-8:3359,2810,1779,5772,1,5678,3111,2927,2914,3,73,5685
hg-11-1-9:3359,2810,1779,1,2062,3
hg-11-1-10:3359,2810,1779,1,2062,3
hg-11-1-10-1:3359,2810,1779,1,2062,1295,3
hg-11-1-10-6:3359,2810,1779,2062
hg-11-1-10-2:3359,2810,1779,1,2062,1205,3,1221
hg-11-1-10-3:3359,2810,1779,1,5678,2927,2062,3
hg-11-1-10-4:3359,2810,1779,5773,1,2062,3
hg-11-1-10-7:3359,2810,1779,2062
hg-11-1-10-5:3359,2810,1779,1,2062,3
hg-11-1-11:3359,2810,1779,1,1295,3,1221
hg-11-1-11-6:3359,2810,1779,1295
hg-11-1-11-7:3359,2810,1779,1295
hg-11-1-11-1:3359,2810,1682,5002,1779,1,1295,3,1221
hg-11-1-11-2:3359,2810,1779,1,5822,1295,3
hg-11-1-11-8:3359,2810,1779,1295
hg-11-1-11-3:3359,2810,1779,1,1295,3
hg-11-1-11-4:3359,2810,1779,1,5823,5824,1295,3
hg-11-1-11-5:3359,2810,1779,1,1295,2081,3
hg-11-1-12:3359,2810,1779,1,3411,5978,3,6191
hg-11-1-13:1737,3359,2810,1779,1,3,134
hg-11-1-14:2810,1388,1779,1,3,1221
hg-11-1-15:2810,1779,1,2062,1597,5967,5968,1786,3,73
hg-11-1-16:2810,1779,1,3,1221,6277
hg-11-1-17:3359,2810,1779,1,1205,1383,3
hg-11-2:1779,1,3147,2811,3
hg-11-2-1:2813,1779,1,3147,2811,3
hg-11-2-1-1:3360,2813,1779,1,3147,2811,3,1261
hg-11-2-1-2:2813,2812,5704,1779,1,3147,3
hg-11-2-1-3:2813,1779,1,3147,2811,3,1261
hg-11-2-1-4:2813,1779,1,3147,2811,3,1261
hg-11-2-1-5:2813,1779,1,3147,2811,3,1261
hg-11-2-1-6:2813,1779,1,3147,2811,3,1261
hg-11-2-1-7:2813,1779,1,3147,2811,6050,3,6061,1261
hg-11-2-1-8:2813,1779,1,3147,2811,3,6066,1261
hg-11-2-1-9:2813,1779,1,3147,2811,2302,3
hg-11-2-1-10:2813,1779,1,3147,2811,3,1261
hg-11-2-1-11:2813,1779,1,3147,2811,1295,3,1261
hg-11-2-2:1779,1,3147,2811,3
hg-11-2-2-1:2813,1779,1,3147,2811,3,843
hg-11-2-2-1-1:2813,5703,1779,1,3147,2811,3,843
hg-11-2-2-1-2:2813,1779,1,3147,2811,3,843
hg-11-2-2-2:1779,1,3147,2811,3,73
hg-11-2-2-2-1:1779,1,3147,2811,3,73
hg-11-2-2-2-2:1779,1,3147,2811,3,73
hg-11-2-2-3:1779,1,3147,2811,2989,3,6121
hg-11-2-3:1779,1,3148,5819,3147,2811,1295,3
hg-11-2-3-18:1779,5819,3147,2811,1295
hg-11-2-3-1:1779,1,3148,5819,3147,2811,1295,3,73
hg-11-2-3-2:1779,1,3148,5819,3361,3147,2811,1295,3,1261
hg-11-2-3-3:1779,1,3148,5819,3147,2811,1295,1597,3
hg-11-2-3-3-1:1779,1,3148,5819,3147,2811,1295,1597,3
hg-11-2-3-3-2:1779,1,3148,5819,3147,2811,1295,1597,3
hg-11-2-3-4:1779,1,3148,5819,3361,3147,2811,1295,3
hg-11-2-3-5:1779,1,3148,5819,3147,2811,1295,5973,3,73
hg-11-2-3-6:1779,1,3148,5819,3147,2811,5880,1295,1786,3,73
hg-11-2-3-7:1779,1,3148,5816,5819,3147,2811,1295,3,1261,73
hg-11-2-3-8:1779,1,5819,3147,2811,1295,3
hg-11-2-3-9:1779,1,3148,5819,3147,2811,1295,1597,3,1261
hg-11-2-3-10:1779,1,3148,5819,3147,2811,1295,3
hg-11-2-3-10-1:5741,1779,1,3148,5819,3147,2811,1295,3,1221
hg-11-2-3-10-2:1779,1,3148,5819,3147,2811,1295,3,6095,6096
hg-11-2-3-11:1779,1,3148,5819,3147,2811,1295,3,1261,73
hg-11-2-3-12:1779,1,3148,5819,3147,2811,1295,3,1261
hg-11-2-3-13:1779,1,3148,5819,3147,2811,1295,3,1261,73
hg-11-2-3-13-1:1779,1,3148,5819,3147,2811,1295,3,1261,73
hg-11-2-3-13-2:1779,1,3148,5819,3147,2811,1295,3,1261,73
hg-11-2-3-14:1779,1,3148,5819,3147,2811,1295,3
hg-11-2-3-15:1779,1,3148,5819,3147,2811,2062,1295,1786,3,6270
hg-11-2-3-19:1779,5819,3147,2811,1295
hg-11-2-3-16:1779,1,3148,5819,3147,2811,2302,1295,3,73
hg-11-2-3-16-1:5760,1779,1,3148,5819,3147,2811,2302,1295,3,73
hg-11-2-3-16-2:1779,1,3148,5819,3147,2811,2302,1295,3,73
hg-11-2-3-17:1779,1,3148,5819,3147,2811,1295,1597,3,1261,6279
hg-11-2-4:3360,1779,1,3148,3361,3147,2811,3
hg-11-2-5:1779,1,3147,2811,3,73
hg-11-2-5-6:1779,3147,2811,73
hg-11-2-5-1:1779,1,3147,2811,1219,1295,1597,3,73
hg-11-2-5-2:1779,1,5820,3147,2811,1295,6000,3,1261,73
hg-11-2-5-3:1779,1,3147,2811,3,73
hg-11-2-5-3-1:1779,1,3147,2811,3,73
hg-11-2-5-3-2:1779,1,3147,2811,3,73
hg-11-2-5-3-3:1779,1,3147,2811,1295,2794,3,6309,73
hg-11-2-5-3-7:1779,3147,2811,73
hg-11-2-5-3-8:1779,3147,2811,73
hg-11-2-5-3-4:1362,1779,1,3147,2811,2046,1205,3,1221,73,2040
hg-11-2-5-3-6:1779,1,3147,2811,3,73
hg-11-2-5-7:1779,3147,2811,73
hg-11-2-5-4:1779,1,3147,2811,3,73
hg-11-2-5-5:1779,1,3148,3147,2811,3,73
hg-11-2-5-5-1:1408,5733,2792,1779,1,3148,3147,2811,1295,3,73
hg-11-2-5-5-4:1779,3148,3147,2811,73
hg-11-2-5-5-2:1779,1,3148,3147,2811,3,73,6279
hg-11-3:1779,80,1,1597,2913,4,3,1716
hg-11-3-1:1779,80,1,5845,1597,2913,5977,1786,4,3,1261,1716
hg-11-3-2:2221,2226,1779,1,1597,2913,1786,4,3,1716
hg-11-3-3:1779,80,1,5821,1597,2913,4,3,1716
hg-11-3-4:1779,1,1597,5974,2913,4,3,1716,843
hg-11-3-4-1:1779,80,1,5974,2913,4,3,1719,1716,3150,843
hg-11-3-4-2:1779,1,5974,2913,4,3,1716,843
hg-11-3-5:1779,80,1,2062,5892,1597,2913,1786,4,3,1719,1716
hg-11-3-13:1779,80,1597,2913,1716
hg-11-3-6:2958,3365,1779,80,1,2814,1597,2913,3,1716
hg-11-3-7:30,2226,1779,80,1,5906,1597,2913,4,3,1716,1777
hg-11-3-7-5:2226,1779,80,5906,1597,2913,1716,1777
hg-11-3-7-1:30,2958,2222,2226,1779,1,2814,5906,1597,2913,3,1716
hg-11-3-7-2:30,2226,1779,80,1,5906,1597,2913,6008,4,3,1716,73,1777
hg-11-3-7-3:30,2226,1779,80,1,5906,1597,2913,1786,4,3,1716,73,1777
hg-11-3-7-4:30,2958,2226,1779,1,5906,1597,2913,4,3,1716
hg-11-3-8:2798,1779,80,1,1597,2913,5977,2914,3,1716,5685
hg-11-3-9:1779,1,1597,1786,4,3,1716,3150
hg-11-3-10:1779,80,1,2913,5976,1786,4,3,1716,6211
hg-11-3-14:1779,80,1597,2913,1716
hg-11-3-11:30,1779,80,1,1597,2913,5977,1786,4,3,1716,1787
hg-11-3-12:2958,2784,3258,1779,1,1597,2913,3,1716
hg-11-4:80,1,5913,2815,3,73
hg-11-4-1:5729,1779,80,1,5913,2815,1786,2914,3,1261,73,5685
hg-11-4-1-1:5729,1779,80,5913,2815,1261,73
hg-11-4-1-2:5729,1779,80,5913,2815,1786,1261,73
hg-11-4-2:2320,80,1,5913,2815,1295,1597,3,73
hg-11-4-3:1779,80,1,5913,2815,1786,3,73
hg-11-4-4:1779,80,1,3012,5913,2815,2914,3,73,843,5685
hg-11-4-5:80,1,2814,5911,5912,5913,3,73,843
hg-11-4-6:1779,80,1,5913,2815,1786,2914,3,73,5685
hg-11-4-7:80,1,5913,2815,5914,3,73,843,6282
hg-11-4-7-5:80,5913,2815,5914,73,843,6282
hg-11-4-7-6:80,5913,2815,5914,73,843,6282
hg-11-4-7-1:80,1,5902,5913,2815,5914,3,73,843,6282
hg-11-4-7-2:80,1,5913,2815,5914,6053,3,73,843,6282
hg-11-4-7-3:80,1,5913,2815,5914,3,1716,73,843,6282
hg-11-4-7-4:80,1,5913,2815,5914,3,73,843,2279,6282
hg-11-4-8:1779,80,1,5913,2815,1786,3,6069,73
hg-11-5:80,1,2815,4,3,843
hg-11-5-1:2319,80,1,2815,5987,4,3,73,843
hg-11-5-2:1779,80,1,5810,5835,2815,4,1205,3,843
hg-11-5-3:80,1,2815,4,6048,3,843
hg-11-5-4:1779,80,1,2815,4,3,843
hg-11-5-4-1:1267,1779,80,1,2815,4,3,843
hg-11-5-4-2:5700,1779,80,1,2815,4,3,843
hg-11-5-4-4:1779,80,1,2815,4,3,843
hg-11-6:1779,1,4,3
hg-11-6-33:50,5689,1779,1,4,3,73
hg-11-6-33-1:50,1779,4,73
hg-11-6-33-2:50,1779,4,73
hg-11-6-33-3:50,1779,4,73
hg-11-6-33-4:50,1779,4,73
hg-11-6-33-5:50,1779,4,73
hg-11-6-1:1779,1,3147,4,3
hg-11-6-1-1:2813,1779,1,3147,2811,3
hg-11-6-1-4:1779,3147,4
hg-11-6-1-5:1779,3147,4
hg-11-6-1-2:1779,1,3147,4,3
hg-11-6-1-3:1779,1,3147,4,3
hg-11-6-2:1779,1,5787,4,3
hg-11-6-2-1:1779,5775,1,4,3,1221,1774
hg-11-6-2-2:1779,1,5977,1786,4,3
hg-11-6-2-12:1779,4
hg-11-6-2-4:1779,5777,1,5882,2816,3,843
hg-11-6-2-5:1779,5779,1,4,3
hg-11-6-2-11:1779,4
hg-11-6-2-6:5738,1779,1,3416,5946,6296,3,1221
hg-11-6-2-7:1779,1,5787,4,3
hg-11-6-2-7-2:1779,1,5787,4,3
hg-11-6-2-7-3:1779,1,5786,5787,4,3,843
hg-11-6-2-7-5:1779,1,5787,1786,4,3,6171
hg-11-6-2-7-8:1779,1,5787,4,3
hg-11-6-2-7-9:1779,1,5787,4,3
hg-11-6-2-7-10:1779,1,5787,4,3
hg-11-6-2-7-12:1779,1,5787,5829,1649,4,3,1221
hg-11-6-2-7-13:1779,1,5787,2062,4,3
hg-11-6-2-7-14:1779,1,5787,4,3,73
hg-11-6-2-7-15:1779,1,5787,5859,4,3
hg-11-6-2-7-20:1779,1,5787,4,3
hg-11-6-2-7-21:1779,1,5787,2062,1597,4,3
hg-11-6-2-7-23:1779,1,5787,2062,4,3
hg-11-6-2-7-24:1779,1,5787,1786,4,3
hg-11-6-2-7-28:1779,1,5787,4,6018,3
hg-11-6-2-7-29:1779,1,5787,4,3
hg-11-6-2-7-40:1779,5787,4
hg-11-6-2-7-32:1737,1779,1,5787,4,3,73
hg-11-6-2-7-33:1779,1,5787,4,3
hg-11-6-2-7-34:1779,1,5787,4,3
hg-11-6-2-7-35:1779,1,5787,4,3
hg-11-6-2-7-41:1779,5787,4
hg-11-6-2-7-38:1779,1,5787,4,3
hg-11-6-2-7-39:1779,1,5787,2144,4,3
hg-11-6-2-8:1779,1,2816,4,3,1407
hg-11-6-2-13:1779,4
hg-11-6-2-14:1779,4
hg-11-6-2-15:1779,4
hg-11-6-2-16:1779,4
hg-11-6-2-9:1779,1,1597,3,6064,1221,2817
hg-11-6-2-10:1779,1,4,6041,3,6086
hg-11-6-3:1682,1571,1779,1,3148,4,3,73
hg-11-6-3-7:1779,3148,4,73
hg-11-6-3-8:1779,3148,4,73
hg-11-6-3-9:1779,3148,4,73
hg-11-6-3-1:2057,1779,1378,1,3148,1637,4,3,73
hg-11-6-3-10:1779,3148,4,73
hg-11-6-3-2:1779,1,3148,4,3,73,843
hg-11-6-3-11:1779,3148,4,73
hg-11-6-3-3:1779,1,3148,3003,2780,3255,3,73,2778
hg-11-6-3-4:1779,1,3148,4,3,73,843
hg-11-6-3-5:1779,1,3148,2062,4,3,73
hg-11-6-3-6:1779,1,3148,1405,3,6110,73
hg-11-6-4:1779,1,4,3
hg-11-6-4-1:2958,1779,1,2994,2814,3
hg-11-6-4-2:1779,1,4,3
hg-11-6-4-6:1779,4
hg-11-6-4-7:1779,4
hg-11-6-4-8:1779,4
hg-11-6-5:1779,1,3147,4,3,73
hg-11-6-5-1:1779,1,3147,1597,4,3,73
hg-11-6-5-5:1779,3147,4,73
hg-11-6-5-4:1779,1,3147,1786,4,3,73
hg-11-6-6:1779,1,4,3
hg-11-6-6-1:1779,1,5843,2062,4,3
hg-11-6-6-1-1:1779,2062,4
hg-11-6-6-1-2:1779,2062,4
hg-11-6-6-2:1779,1,2681,4,3
hg-11-6-7:1779,1,4,3
hg-11-6-7-1:1779,1,4,3,1925
hg-11-6-7-5:1779,4
hg-11-6-7-6:1779,4
hg-11-6-7-3:1779,1,1786,4,3
hg-11-6-7-4:1779,1,4,3,843
hg-11-6-8:1779,1,4,3
hg-11-6-8-1:1779,1,5820,3147,5999,4,73
hg-11-6-8-4:1779,4
hg-11-6-8-2:1779,1,4,3,6168,6169,843
hg-11-6-8-5:1779,4
hg-11-6-8-6:1779,4
hg-11-6-8-3:1779,1,2989,4,3,73
hg-11-6-9:1779,1,4,3
hg-11-6-9-1:1779,1,5815,4,3
hg-11-6-9-1-1:1779,1,5815,1927,4,3,843
hg-11-6-9-1-2:1779,1,5815,3114,1927,4,3
hg-11-6-9-1-3:1779,1,5815,3114,1927,4,3
hg-11-6-9-1-5:1779,1,5815,1927,4,3
hg-11-6-9-4:1779,4
hg-11-6-9-2:1779,1,1295,3,2817
hg-11-6-9-3:1779,1,2404,4,3
hg-11-6-10:1779,1,5907,4,3,73
hg-11-6-10-1:1779,1,3147,5907,4,3,73,843
hg-11-6-10-2:1779,1,5907,5908,4,3,73
hg-11-6-36:1779,4
hg-11-6-11:1779,1,4,3,1397
hg-11-6-11-1:1779,1,5910,4,3,1397
hg-11-6-11-9:1779,1,4,3,1261,6178,6179,1397
hg-11-6-11-11:1779,1,5833,4,3,1397
hg-11-6-11-11-1:1779,1,4,3
hg-11-6-11-11-2:1779,1,4,3
hg-11-6-11-12:1267,1779,1,4,3,1397
hg-11-6-11-13:1779,1,5819,4,3,1397
hg-11-6-11-14:1779,1,4,3,1397
hg-11-6-11-15:1779,1,5860,4,3,1397
hg-11-6-11-16:1779,1,4,3,1397
hg-11-6-11-20:1779,1,4,3,1397
hg-11-6-11-21:1779,1,5943,4,3,1397
hg-11-6-11-22:1779,1,3416,4,3,1397
hg-11-6-11-23:1779,1,4,3,1397
hg-11-6-11-26:1779,1,4,3,1397
hg-11-6-11-29:1267,1779,1,3416,4,3,1397
hg-11-6-11-33:1779,1,4,1412,3,1397
hg-11-6-11-34:1388,1779,1,4,3,1397
hg-11-6-11-35:1779,1,4,3,1716,1397
hg-11-6-11-41:1779,1,4,3,1397
hg-11-6-11-46:1779,1,4,3,1397
hg-11-6-11-52:1388,1779,1,4,3,1397
hg-11-6-11-55:1779,4
hg-11-6-12:1779,1,4,3
hg-11-6-12-6:1779,4
hg-11-6-12-2:1779,1,5933,1350,4,3,73
hg-11-6-12-3:1779,1,2062,4,1205,3
hg-11-6-12-7:1779,4
hg-11-6-12-4:1779,1,3,2567
hg-11-6-12-5:1779,1,2046,4,1205,3,1221,1555
hg-11-6-13:1779,1,4,3
hg-11-6-13-5:1779,4
hg-11-6-13-6:1779,4
hg-11-6-13-7:1779,4
hg-11-6-13-8:1779,4
hg-11-6-13-4:1779,1,5929,2081,4,3
hg-11-6-14:1779,1,5969,4,3
hg-11-6-14-1:1779,1,5969,4,3
hg-11-6-14-2:1779,5969,4
hg-11-6-14-3:1779,5969,4
hg-11-6-15:1779,1,4,3
hg-11-6-15-1:1779,1,4,3
hg-11-6-15-2:1779,1,1786,4,3,73
hg-11-6-15-3:1779,4
hg-11-6-16:1779,1,4,3
hg-11-6-16-4:1779,4
hg-11-6-16-5:1779,4
hg-11-6-16-3:1779,1,1295,4,3,73
hg-11-6-16-6:1779,4
hg-11-6-16-7:1779,4
hg-11-6-17:1779,1,4,3,1716
hg-11-6-17-11:1779,4,1716
hg-11-6-17-3:1779,1,4,3,1716
hg-11-6-17-12:1779,4,1716
hg-11-6-17-8:1779,1,4,3,1716
hg-11-6-17-10:1779,1,4,3,1716
hg-11-6-17-13:1779,4,1716
hg-11-6-18:1779,1,4,3
hg-11-6-18-1:1779,1,3147,2811,3,73
hg-11-6-18-12:1779,4
hg-11-6-18-13:1779,4
hg-11-6-18-14:1779,4
hg-11-6-18-8:1779,1,4,3,73,5582
hg-11-6-18-9:1779,1,2989,4,3,73
hg-11-6-18-11:1779,1,4,3,6070,73
hg-11-6-19:1682,1571,1779,1,5793,2989,2914,4,3,5685
hg-11-6-19-1:5756,1779,1,2989,1458,2914,4,3,73
hg-11-6-19-1-1:5756,1779,1,2364,2989,1458,2914,4,1456,3,73
hg-11-6-19-1-2:5732,5756,1779,1,2989,1458,2914,4,3,73
hg-11-6-19-1-5:5756,1779,2989,1458,2914,4,73
hg-11-6-19-1-3:5756,1779,1,2989,1458,2914,4,3,1261,73
hg-11-6-19-1-4:5756,1779,1,2989,1458,2914,4,3,73,1356
hg-11-6-19-2:5755,1779,1,1295,4,3
hg-11-6-19-10:1779,2989,4
hg-11-6-19-11:1779,2989,4
hg-11-6-19-3:1779,1,3102,2914,4,3,5685
hg-11-6-19-4:1779,80,1,5801,3012,4,3,73
hg-11-6-19-5:1779,1,5793,3147,4,3,73
hg-11-6-19-5-1:1779,1,5793,3147,2989,4,6047,3,73
hg-11-6-19-5-2:1779,1,5793,3147,2811,2989,5907,4,3,73
hg-11-6-19-6:1779,1,6288,2989,2062,4,3,73
hg-11-6-19-6-1:5737,1779,1,6288,2989,2062,1927,4,3,73
hg-11-6-19-6-5:1779,6288,2989,2062,4,73
hg-11-6-19-6-6:1779,6288,2989,2062,4,73
hg-11-6-19-6-2:1779,1,6288,2989,2062,4,3,73
hg-11-6-19-6-7:1779,6288,2989,2062,4,73
hg-11-6-19-6-8:1779,6288,2989,2062,4,73
hg-11-6-19-6-3:1682,1779,1,6288,2989,2062,2169,4,3,1221,73
hg-11-6-19-6-4:1682,1571,1779,1,6288,1272,2989,2062,5945,4,3,1221,73,1555
hg-11-6-19-7:1779,1,3147,4,3
hg-11-6-19-7-1:1779,1,3147,1597,4,3,73
hg-11-6-19-7-2:1779,1,5793,3147,4,3,1221
hg-11-6-19-8:1779,1,2989,2914,4,3,843
hg-11-6-19-9:1779,1,2989,1458,2914,4,1456,3
hg-11-6-19-9-1:1779,1,2989,1458,2914,4,1456,3,6314
hg-11-6-19-9-3:1779,2989,1458,2914,4,1456
hg-11-6-19-9-2:1779,1,2989,1458,2914,4,1456,3
hg-11-6-20:1779,1,4,1412,3
hg-11-6-20-7:1779,1,4,1412,3
hg-11-6-20-14:1779,4,1412
hg-11-6-20-8:1779,1,2989,4,1205,1412,3
hg-11-6-20-10:1267,1779,1,4,1412,1498,3
hg-11-6-20-13:1779,1,4,1412,1498,3
hg-11-6-21:1779,1,1452,1458,4,3
hg-11-6-21-1:1779,1,1452,2994,2814,3,843
hg-11-6-22:1779,1,5803,4,3
hg-11-6-22-1:1779,1,5803,2788,3,1261,3136,2787
hg-11-6-22-2:1779,1,5803,3111,5886,4,3
hg-11-6-22-8:1779,5803,4
hg-11-6-22-5:1779,1,5803,5804,2989,4,3
hg-11-6-22-9:1779,5803,4
hg-11-6-22-7:1779,1,5803,4,3
hg-11-6-23:1779,1,3326,2135,1404,2062,4,3,6110
hg-11-6-23-6:1779,3326,2135,1404,2062,4
hg-11-6-23-3:1779,1,3326,2135,1404,2062,4,3,6110,73
hg-11-6-23-4:1779,1,3326,2135,1404,2062,4,3
hg-11-6-23-7:1779,3326,2135,1404,2062,4
hg-11-6-23-5:1779,1,3326,2135,1404,2062,4,3,6252
hg-11-6-24:1779,1,5802,4,3
hg-11-6-24-4:1779,5802,4
hg-11-6-24-5:1779,5802,4
hg-11-6-24-6:1779,5802,4
hg-11-6-24-2:1779,1,5802,2046,4,1205,3,1555
hg-11-6-24-7:1779,5802,4
hg-11-6-24-3:1779,1,5802,3,6143,2567
hg-11-6-34:1779,4
hg-11-6-35:1779,4
hg-11-6-25:1779,1,4,3
hg-11-6-25-2:2390,1779,1,4,3,1716
hg-11-6-25-4:1779,1,5836,6294,4,3,843
hg-11-6-25-7:3415,1779,1,1452,1458,4,3,6201
hg-11-6-26:1779,1,1786,4,3,6185,6187
hg-11-6-26-3:1779,1786,4
hg-11-6-26-1:1779,1,1786,4,3,6315,6185
hg-11-6-26-2:1779,1,1786,4,6051,3,73,6185
hg-11-6-27:1779,1,4,3
hg-11-6-27-6:1779,4
hg-11-6-27-1:2336,1779,80,1,4,3
hg-11-6-27-2:1779,1,4,3
hg-11-6-27-4:1779,1,4,3
hg-11-6-27-5:1779,1,1295,3,2817
hg-11-6-28:1779,1,4,3,1261,843
hg-11-6-28-1:2958,1779,1,2814,3,1261,843
hg-11-6-28-2:1779,4,1261,843
hg-11-6-28-3:1779,4,1261,843
hg-11-6-29:1779,1,3147,2811,3
hg-11-6-29-1:1779,1,3147,2811,3
hg-11-6-29-4:1779,3147,2811
hg-11-6-29-2:1779,1,3147,2811,3,73
hg-11-6-29-3:1779,1,3147,2811,3,73,6253
hg-11-6-30:1779,1,5809,4,3
hg-11-6-30-1:5726,2221,1779,1,5809,4,3,843
hg-11-6-30-2:1779,5809,4
hg-11-6-30-3:1779,5809,4
hg-11-6-30-4:1779,5809,4
hg-11-6-30-5:1779,5809,4
hg-11-6-30-6:1779,5809,4
hg-11-6-31:1779,1,2062,4,3
hg-11-6-31-1:1779,2062,4
hg-11-6-31-2:1779,2062,4
hg-11-6-31-3:1779,2062,4
hg-11-6-32:1779,1,4,3,1261
hg-11-6-32-2:1779,1,1458,1978,4,3,1261
hg-11-6-32-3:1779,1,1786,4,3,1261
hg-11-6-32-4:1779,4,1261
hg-11-7:1,1370,4,3,1221
hg-11-7-53:4050,1779,1,1272,1331,4049,1370,4,3,1221
hg-11-7-1:1,1370,1649,4,3,1221
hg-11-7-2:1,5826,1370,4,3,1221
hg-11-7-3:1,1331,1370,4,3,1221
hg-11-7-4:1398,1,1370,4,3,1221
hg-11-7-4-7:1398,1370,4,1221
hg-11-7-4-1:5730,5778,1398,1,2820,1370,3,1221
hg-11-7-4-2:1779,1398,1,3148,1370,4,3,1221
hg-11-7-4-3:2583,1398,1,1370,5874,4,6019,1205,3,1221
hg-11-7-4-4:1779,1398,1,5858,1370,2816,4,3,1221
hg-11-7-4-5:1398,1,3148,1370,4,3,1221
hg-11-7-4-8:1398,1370,4,1221
hg-11-7-4-9:1398,1370,4,1221
hg-11-7-4-6:1398,1,3148,1370,2816,4,3,1221
hg-11-7-5:1,1331,1370,2169,1205,3,1221,3151,1400
hg-11-7-6:1,1370,4,1205,3,1221
hg-11-7-7:1,4049,1370,4,3,1221,1774
hg-11-7-8:1388,1,1370,4,3,1221,2215
hg-11-7-9:1,1331,5844,5864,1370,4,1205,3,1221
hg-11-7-10:1,3147,2811,1370,3,1221
hg-11-7-11:1,5870,1370,4,3,1221,1774
hg-11-7-12:1779,1,1331,3147,2811,1370,1649,3,1221
hg-11-7-12-1:1779,1,1331,3147,2811,1370,1649,4,3,1221,73,1774
hg-11-7-12-2:1779,1,1331,3147,2811,1370,1649,4,3,1221
hg-11-7-13:1779,1,3148,3147,1370,5904,5905,4,3,1221
hg-11-7-14:1,1370,4,3,1221
hg-11-7-14-1:1779,1,5868,1370,4,3,1221
hg-11-7-14-8:1370,4,1221
hg-11-7-14-2:1,1370,4,3,1221
hg-11-7-14-7:1370,4,1221
hg-11-7-14-3:1,2811,1370,3,1221,6119
hg-11-7-14-4:1,1331,2811,1370,1649,3,1221,73
hg-11-7-14-5:1779,1,3148,2811,1370,2913,3,1221
hg-11-7-14-6:1,1331,1370,4,3,1221
hg-11-7-15:1,1370,4,1383,3,1221,1774
hg-11-7-16:1779,1,1331,1370,6296,4,3,1221
hg-11-7-16-1:1388,1779,1,1331,1370,3416,6296,4,3,1221,1273
hg-11-7-16-2:1779,1,1331,1370,5943,6296,1295,4,3,1221
hg-11-7-16-3:1779,1331,1370,6296,4,1221
hg-11-7-17:1,1370,4,3,1221,1273
hg-11-7-17-1:1388,5720,1779,1,1370,4,3,1221,1273
hg-11-7-17-1-2:1388,1779,1370,4,1221,1273
hg-11-7-17-1-3:1388,1779,1370,4,1221,1273
hg-11-7-17-1-4:1388,1779,1370,4,1221,1273
hg-11-7-17-2:1,1370,4,3,1221,1273
hg-11-7-17-2-1:1370,4,1221,1273
hg-11-7-17-2-2:1370,4,1221,1273
hg-11-7-54:1388,1779,1,1370,4,3,1221,1273
hg-11-7-18:1,1331,1370,4,3,1221,6161
hg-11-7-19:1,1370,4,3,1221
hg-11-7-19-1:1,4049,1370,1786,4,3,1221,73
hg-11-7-19-2:1,1370,1333,4,1205,3,1221
hg-11-7-19-3:1,1370,5973,4,3,1221
hg-11-7-19-6:1370,4,1221
hg-11-7-19-4:1,1370,4,1205,3,1221,1261,6186,1774
hg-11-7-19-7:1370,4,1221
hg-11-7-20:1,5850,1370,5921,4,1205,3,1221,1401
hg-11-7-20-1:1370,5921,4,1221,1401
hg-11-7-20-2:1370,5921,4,1221,1401
hg-11-7-20-3:1370,5921,4,1221,1401
hg-11-7-21:1388,1,1370,4,3,1221
hg-11-7-22:1,1370,5928,4,3,1221
hg-11-7-23:1,1370,2169,4,1205,3,1221,1400
hg-11-7-24:1,1370,1649,4,3,1221
hg-11-7-24-1:1370,1649,4,1221
hg-11-7-24-2:1370,1649,4,1221
hg-11-7-26:1779,1,1402,1370,5922,4,3,1221
hg-11-7-27:1388,1,1370,4,3,1221,1273
hg-11-7-27-1:1388,1,1370,5943,4,3,1221,1273
hg-11-7-27-2:1388,1779,1,1370,4,3,1221,1273
hg-11-7-28:1,1370,5970,4,1205,3,1221,6264
hg-11-7-29:1,1370,5983,4,3,1221,6103,1716
hg-11-7-30:2184,1883,1,1370,2186,1295,3,1221
hg-11-7-30-1:2184,1883,1,1370,2186,1295,4,3,1221
hg-11-7-30-2:2184,1883,1,1370,2186,1295,4,3,1221
hg-11-7-30-3:2184,1883,1,1370,2186,1295,4,3,1221
hg-11-7-30-4:2184,1883,1,1370,2186,1295,4,3,1221
hg-11-7-30-5:2184,1883,1,1370,2186,6007,3,1221,2322
hg-11-7-31:1,1331,1370,4,6016,1205,3,1221,6237
hg-11-7-32:1682,1571,1779,1,1370,4,6017,3,1221
hg-11-7-33:1,1370,4,6024,3,1221
hg-11-7-34:1,1370,5944,2169,1205,3,1221
hg-11-7-35:1,1331,4049,1370,4,1205,1403,3,1221,6120,6139
hg-11-7-36:1779,1,1370,4,3,1221
hg-11-7-37:1779,1,1370,4,3,1221
hg-11-7-38:1,1370,2169,4,3,1221
hg-11-7-38-1:1,1370,2169,4,3,1221
hg-11-7-38-2:1,1370,2169,4,3,1221
hg-11-7-38-4:1,1370,2169,4,3,1221
hg-11-7-38-3:1,1370,2169,4,3,1221
hg-11-7-39:1,1331,3012,1370,1404,2062,1405,1333,1244,4,1205,3,1221
hg-11-7-40:1,4049,1370,4,3,1221,6111,6139,3151
hg-11-7-41:1,1370,2062,4,1205,3,1221,6113,1401,6240
hg-11-7-41-1:1370,2062,4,1221,6113,6240
hg-11-7-41-2:1370,2062,4,1221,6113,6240
hg-11-7-42:1,1370,4,1205,1403,3,1221,6120
hg-11-7-43:5770,5745,1,1370,4,3,1221,1406
hg-11-7-44:1388,1,1370,4,3,1221
hg-11-7-45:1,1370,4,3,1221,1482,1774
hg-11-7-46:1,1370,4,3,1221,1774
hg-11-7-46-1:1,1331,4049,1370,4,3,1221,6120,1774
hg-11-7-46-11:1370,4,1221,1774
hg-11-7-46-2:1,1370,4,3,1221,1774
hg-11-7-46-3:1,1370,1649,4,3,1221,1774
hg-11-7-46-4:1,1370,4,3,1221,1774
hg-11-7-46-5:1,2811,1370,3,1221,1774
hg-11-7-46-6:1779,1,1370,1649,4,3,1221,1774
hg-11-7-46-7:1,1370,4,3,1221,1774
hg-11-7-46-8:1,1370,4,3,1221,1774,6221
hg-11-7-46-9:1,2811,1370,3,1221,1774
hg-11-7-46-10:1,3147,1370,4,3,1221,1774
hg-11-7-47:2190,1,1370,4,3,1221
hg-11-7-48:1,3367,1370,4,3,1221,6136
hg-11-7-48-1:3367,1370,4,1221,6136
hg-11-7-48-2:3367,1370,4,1221,6136
hg-11-7-48-3:3367,1370,4,1221,6136
hg-11-7-49:1,5846,1370,4,1205,3,1221
hg-11-7-50:1,2816,1205,3,1221,1407,6261
hg-11-7-50-1:2816,1221,6261
hg-11-7-50-2:2816,1205,1221,6261
hg-11-7-50-3:2816,1221,6261
hg-11-7-50-4:2816,1205,1221,6261
hg-11-7-51:1,1520,1521,1370,4,1205,3,1221,2567,1401,6208
hg-11-7-52:1,1370,4,3,1221
hg-11-8:1779,1,1295,3,2817
hg-11-8-1:30,5693,5694,1,2777,1295,3,2778,837,2817
hg-11-8-2:1779,2818,1,1295,3,2914,73,6187,2817,5685
hg-11-8-3:5705,1779,1,1295,3,2817
hg-11-8-4:1408,1603,1779,3111,1,1295,3,2914,2817,5685
hg-11-8-5:1779,1,5845,1295,3,2817
hg-11-8-78:1779,1295,2817
hg-11-8-6:1779,1,1295,4,3,2817,843
hg-11-8-6-4:1779,1295,2817,843
hg-11-8-6-1:1779,1,6287,5837,4,3,2817,843
hg-11-8-6-5:1779,1295,2817,843
hg-11-8-6-6:1779,1295,6063,2817,843
hg-11-8-6-3:6284,1779,1,1295,3,1221,2817,843
hg-11-8-7:1779,1,5678,2818,2927,1295,3,2817
hg-11-8-8:1779,1,5784,5825,1295,1205,3,1221,3150,2817
hg-11-8-9:1388,1779,1,1295,1205,3,1221,2817
hg-11-8-10:1779,1,1295,3,2817
hg-11-8-11:1779,1,1295,3,2817
hg-11-8-12:1779,1,1295,3,73,6192,2817
hg-11-8-12-1:1779,5780,1,1295,3,73,2817
hg-11-8-12-2:1779,1,5943,1295,3,73,6193,2817
hg-11-8-13:1779,1,1384,1295,3,2817
hg-11-8-14:1779,1,1295,3,73,134,2817
hg-11-8-15:1779,1,1295,3,1221,134,2817
hg-11-8-16:1779,1,1295,3,2817
hg-11-8-16-1:1779,1,5788,1295,3,2817
hg-11-8-16-7:1779,2817
hg-11-8-16-5:1779,1,5010,3,2205,2817
hg-11-8-16-8:1779,2817
hg-11-8-16-6:1571,1779,1,1272,1248,3,1221,2817
hg-11-8-17:1682,1571,1779,1,1272,2046,1248,1295,5010,3,1221,2817,1348
hg-11-8-17-1:1779,1,1272,5817,2046,1248,1295,5010,3,1221,2817,1348
hg-11-8-17-6:1779,1272,2046,1295,5010,1221,2817
hg-11-8-17-2:1682,1571,1779,1,1272,2046,1248,1295,5010,3,1221,2817,1348
hg-11-8-17-3:1779,1,1272,2046,1248,5010,4,1205,3,1221,2817,1348
hg-11-8-17-4:1682,1571,1779,1,1272,2046,1248,1295,5010,3,1221,1555,2817,1348
hg-11-8-17-5:1682,1571,1779,1,1272,2046,1248,1295,5010,3,1221,1555,2817,1348
hg-11-8-18:1362,1682,1571,1779,1,2046,4,1205,3,1221,6215,2817
hg-11-8-19:1779,1,5891,1295,2169,3,2817,843
hg-11-8-20:1779,1,3147,1295,3,73,2817
hg-11-8-21:1779,1,1295,2914,3,73,2817,5685,6280
hg-11-8-22:1779,1,4,3,2161,2817
hg-11-8-22-3:1779,4,2161,2817
hg-11-8-22-1:1779,1,2989,2914,4,1205,3,2161,2817,5685
hg-11-8-22-2:1779,1,2146,2989,4,3,2161,73,2817
hg-11-8-23:1388,1779,2818,1,1295,3,2817
hg-11-8-24:1779,1,1295,3,2817
hg-11-8-24-2:1779,1295,2817
hg-11-8-24-3:1295,2817
hg-11-8-24-1:1388,1779,1,2818,3,2817
hg-11-8-25:1682,1571,1388,1779,1,5678,2818,1295,3,1221,2817
hg-11-8-26:1779,1,1295,3,2817
hg-11-8-27:1779,1,1295,3,73,134,2817,843
hg-11-8-28:1779,1,1295,2914,3,2817,5685
hg-11-8-28-1:1779,1,2062,1295,3,6135,2817
hg-11-8-28-1-1:1779,1,2062,1295,3,6135,2817
hg-11-8-28-1-2:1779,1,2062,1295,3,6135,2817
hg-11-8-28-2:1779,1,1295,2914,3,1221,2817,5685
hg-11-8-28-2-1:1779,1,2062,4,3,1221,134,2817
hg-11-8-28-2-2:1779,1,1295,3,1221,2817
hg-11-8-28-2-3:1779,1,5678,1295,1597,2781,3,1221,2817
hg-11-8-28-2-4:1779,1,1295,3,1221,2817
hg-11-8-28-2-5:1779,1,1295,3,1606,2817
hg-11-8-28-2-6:1779,1,2062,1295,3,2817
hg-11-8-28-2-7:1779,1295,1221,2817
hg-11-8-29:1779,1,5845,1410,1295,1786,1205,3,2817
hg-11-8-30:1388,1779,1,5943,1295,3,2817
hg-11-8-30-1:1388,1779,1,5909,5943,1295,2914,3,2817,5685
hg-11-8-30-2:1388,1779,1,5943,1295,1597,3,2817
hg-11-8-31:1388,1779,1,1295,3,2817
hg-11-8-31-1:1388,1779,1,1295,3,2817
hg-11-8-31-2:1682,1571,1388,1779,1,1295,2914,3,2817,5685
hg-11-8-32:2958,1779,1,4,3,2817,843
hg-11-8-33:1779,1,1295,2914,3,73,6157,2817,843,5685
hg-11-8-33-1:1779,1,1295,3,73,6157,2817,843
hg-11-8-33-2:1779,1,1295,2914,3,73,6189,2817,843,5685
hg-11-8-34:1779,1,5924,1295,3,2817
hg-11-8-35:1779,1,1295,3,2817
hg-11-8-36:1779,1,1295,3,73,2817
hg-11-8-37:1779,1,3,73,2817
hg-11-8-79:1779,1295,2817
hg-11-8-38:1779,1,1295,6040,3,2817
hg-11-8-39:5714,5715,1388,1779,2818,1,1295,3,2914,6206,5685
hg-11-8-39-6:5714,5715,1779,2818,1295,6206
hg-11-8-39-1:5714,5715,1388,1779,2818,1,1295,3,2914,6206,5685
hg-11-8-39-7:5714,5715,1779,2818,1295,6206
hg-11-8-39-8:5714,5715,1779,2818,1295,6206
hg-11-8-39-2:5714,5715,1388,1779,2818,1,1295,3,2914,6206,5685
hg-11-8-39-9:5714,5715,1779,2818,1295,6206
hg-11-8-39-10:5714,5715,1779,2818,1295,6206
hg-11-8-39-11:5714,5715,1779,2818,1295,6206
hg-11-8-39-12:5714,5715,1779,2818,1295,6206
hg-11-8-39-3:5714,5715,1388,1251,1779,2818,1,1295,3,6206
hg-11-8-39-4:5714,5715,1388,1779,2818,1,1295,3,6206
hg-11-8-39-5:5714,5715,1388,1779,2818,1,1295,3,2914,6206,5685
hg-11-8-40:1779,1,3147,1295,3,73,134,2817
hg-11-8-40-1:1779,3147,1295,73,2817
hg-11-8-40-2:1779,3147,1295,73,2817
hg-11-8-40-3:1779,3147,1295,73,2817
hg-11-8-40-4:1779,3147,1295,73,2817
hg-11-8-40-5:1779,3147,1295,73,2817
hg-11-8-40-6:1779,3147,1295,73,2817
hg-11-8-41:1779,1,5855,3102,1295,2914,1205,3,2161,2817,5685
hg-11-8-41-1:1779,1,5855,3102,1295,1205,1383,3,2161,2817
hg-11-8-41-2:1779,1,5855,5857,3102,1295,1205,3,2161,2817
hg-11-8-41-2-1:1779,5855,3102,1295,1205,2161,2817
hg-11-8-41-2-2:1779,5855,3102,1295,1205,2161,2817
hg-11-8-41-2-3:1779,5855,3102,1295,1205,2161,2817
hg-11-8-41-3:1779,1,5855,3102,1295,2914,1205,3,2161,73,2817,5685
hg-11-8-41-3-1:1779,5855,3102,1295,1205,2161,73,2817
hg-11-8-41-3-2:1779,5855,3102,1295,1205,2161,73,2817
hg-11-8-41-3-3:1779,5855,3102,1295,1205,2161,73,2817
hg-11-8-41-3-4:1779,5855,3102,1295,1205,2161,73,2817
hg-11-8-41-4:1779,1,5855,3102,1295,1205,3,2161,73,2817
hg-11-8-41-5:1779,1,5855,3102,1295,1205,3,2161,73,2817
hg-11-8-41-5-1:1779,1,5855,3102,1295,2914,1205,3,2161,73,2817,6244,5685
hg-11-8-41-5-2:1779,1,5855,3102,1295,1205,3,2161,73,2817
hg-11-8-41-6:1779,1,5855,3102,1295,2914,1205,3,2161,2817,5685
hg-11-8-41-6-1:1779,1,5855,3102,1295,2914,1205,1383,3,2161,2817,5685
hg-11-8-41-6-2:1779,1,5855,3102,1295,1205,3,2161,2817
hg-11-8-41-7:1779,1,5800,5855,3102,1295,1205,3,2161,73,2817
hg-11-8-41-7-1:1779,1,5800,5845,5855,3102,1295,1205,3,2161,73,2817
hg-11-8-41-7-2:1779,1,5800,5855,3102,1295,1205,1383,3,2161,73,2817
hg-11-8-41-8:1779,1,5845,5855,2062,3102,1295,2914,1205,1383,3,2161,2817,5685
hg-11-8-41-8-1:1779,1,5845,5855,2062,2262,3102,1295,1236,1205,1383,3,2161,1221,2817
hg-11-8-41-8-2:1779,1,5845,5855,2989,2062,3102,1295,2914,1205,1383,3,2161,2817,5685
hg-11-8-41-9:1779,1,5855,2062,3102,1295,1205,3,2161,73,2817
hg-11-8-41-10:1779,1,5855,3102,1295,2914,1205,3,2161,6167,2817,5685
hg-11-8-41-11:1779,1,5855,3102,1295,2914,1205,3,2161,2817,5685
hg-11-8-41-11-1:1779,1,5855,3102,1295,1205,3,2161,6195,2817
hg-11-8-41-11-2:1779,1,5855,3102,1295,1205,3,2161,73,2817
hg-11-8-41-12:1779,1,5678,5855,2927,3102,1295,2781,1786,1205,3,2161,73,2817
hg-11-8-41-13:1779,1,5855,3102,1295,1205,3,2161,2817,6224
hg-11-8-41-13-1:1779,1,5855,3102,1295,1205,3,2161,2817,6224,843
hg-11-8-41-13-2:1779,1,5678,5855,2927,3102,1295,2781,1786,1205,3,2161,2817,6224
hg-11-8-41-14:1779,1,5678,5855,2927,3102,1295,2781,2914,1205,3,2161,73,2817,6245,5685
hg-11-8-41-14-1:1779,1,5855,2989,3102,1295,1205,3,2161,73,2817,6245
hg-11-8-41-14-2:1779,1,5855,3102,1295,1205,3,2161,73,2817,6245
hg-11-8-80:1779,1295,2817
hg-11-8-42:1779,1,2818,1295,2914,2148,3,2817,5685
hg-11-8-42-1:1388,1779,1,2818,1295,2148,3
hg-11-8-42-2:1779,1,2818,1295,2148,3,73,2817,6243
hg-11-8-42-3:1779,1,2818,1295,2148,3,2817
hg-11-8-42-4:1779,2818,1295,2148,2817
hg-11-8-43:50,1388,1779,1,2818,1208,1295,3
hg-11-8-44:1388,1779,1,1295,3,1221,6160,2817
hg-11-8-44-1:1388,1779,1295,1221,6160,2817
hg-11-8-44-2:1388,1779,1295,1221,6160,2817
hg-11-8-44-3:1388,1779,1295,1221,6160,2817
hg-11-8-44-4:1388,1779,1295,1221,6160,2817
hg-11-8-45:1779,1,1295,1411,2914,3,2817,5685
hg-11-8-46:1779,1,1295,2914,3,2817,5685
hg-11-8-47:1779,1,1295,1597,6011,3,2817
hg-11-8-48:1779,1,1295,3,2199,2817
hg-11-8-48-1:1779,1,1295,3,2199,2817,1348
hg-11-8-48-2:1779,1,1295,6301,3,2199,2817
hg-11-8-49:1779,1,1295,6302,6013,3,2817
hg-11-8-50:1779,1,1295,6303,3,73,2817,1348
hg-11-8-51:1779,1,1295,2914,3,2824,2817,5685
hg-11-8-52:2221,1779,1,1295,3,6089,2817
hg-11-8-52-3:2221,1779,1295,6089,2817
hg-11-8-52-1:2221,1779,1,5845,1295,6304,3,6089,2817
hg-11-8-52-2:2221,1779,1,1384,1295,3,6088,6089,2817
hg-11-8-53:1779,1,3,2817,843
hg-11-8-54:1779,1,1208,1295,3003,3,73,2817
hg-11-8-54-1:1779,1208,3003,73,2817
hg-11-8-54-2:1779,1208,3003,73,2817
hg-11-8-55:1779,1,1295,1412,3,2817
hg-11-8-55-3:1779,1295,2817
hg-11-8-55-1:1779,1,1295,1412,3,2817
hg-11-8-55-2:1779,1,1295,1597,1412,3,73,2817
hg-11-8-56:1779,1,1295,3,2817
hg-11-8-57:2336,1779,1,2777,3,73
hg-11-8-58:1779,1,1295,3,2817
hg-11-8-58-1:1388,1779,1,2818,1295,3,2817
hg-11-8-58-5:1779,1295,2817
hg-11-8-58-6:1779,1295,2817
hg-11-8-58-4:1779,1,1295,1205,3,2817
hg-11-8-59:1388,1779,1,1295,3,6065,2817
hg-11-8-60:1779,1,1295,3,2817
hg-11-8-61:1779,1,1295,3,2817
hg-11-8-61-1:2336,1779,80,1,1295,3,2817
hg-11-8-61-1-1:2336,1779,80,1,1295,3,2817
hg-11-8-61-1-2:2336,1779,80,1,1295,3,2817
hg-11-8-61-2:1779,1,5678,2927,1295,2781,3,2817
hg-11-8-61-3:1779,1295,2817
hg-11-8-62:1779,1,1295,2914,3,2817,5685
hg-11-8-63:2221,1779,1,1295,1786,3,2817
hg-11-8-63-1:2221,1779,1,1295,1786,6023,3,2817
hg-11-8-63-2:2221,1779,1,1295,1786,6023,3,2817
hg-11-8-64:1779,1,1295,2914,3,1221,6126,2817,5685
hg-11-8-65:1779,1,1295,2914,3,6131,2817,5685
hg-11-8-65-5:1779,1295,6131,2817
hg-11-8-65-6:1779,1295,6131,2817
hg-11-8-65-1:1779,1,1295,3,6131,2817
hg-11-8-65-2:1779,1,1295,3,6131,2817
hg-11-8-65-3:1779,1,2194,1295,3,6131,2817
hg-11-8-65-4:1779,1,1208,1295,1597,3,6131,6132,2817
hg-11-8-65-4-1:1779,1,1208,1295,1597,3,6131,6311,6132,2817
hg-11-8-65-4-2:1779,1,1208,1295,1597,3,6131,6132,2817
hg-11-8-66:1779,1,1295,1205,3,6155,2817
hg-11-8-67:1779,1,3,3136,73,2817
hg-11-8-67-1:1779,1,2146,2081,3,3136,73,2817
hg-11-8-67-2:1779,1,2989,3,3136,73,2817
hg-11-8-68:1779,1,1295,2914,3,2817,5685
hg-11-8-69:1779,1,1295,2914,3,2817,5685
hg-11-8-70:1682,1571,1779,1,1295,3,2817
hg-11-8-70-5:1779,1,1295,3,2817
hg-11-8-71:1779,1,3416,5946,1295,2914,3,1221,2817,5685
hg-11-8-81:1779,1295,2817
hg-11-8-72:1779,1,1295,3,73,2817
hg-11-8-73:2221,1779,1,1295,1786,3,6316,2817
hg-11-8-74:1779,1,1295,3,2817
hg-11-8-75:1779,1,1295,3,73,6192,2817
hg-11-8-76:1779,1,1295,2914,3,1635,6222,2817,5685
hg-11-8-77:1779,1,1295,2914,3,2817,5685
hg-11-11:1,2577,3102,2786,1205,3,1221,1400
hg-11-9:1,2062,3102,2786,5985,3
hg-11-10:1779,1,6015,3,2819
hg-11-10-1:1779,1413,1,3,2819
hg-11-10-1-1:1779,1413,1,2820,3,2819
hg-11-10-1-2:1779,1413,1,2820,3,1351,2819
hg-11-10-2:1779,1,1786,3,2819
hg-11-10-2-1:1779,1,5858,1786,3,2819
hg-11-10-2-2:1779,1,3148,1786,3,2819,6207
hg-11-10-3:1779,1,1786,3,73,2819
hg-11-10-3-1:1779,1,5943,1786,3,73,2819
hg-11-10-3-2:1779,1,1786,3,73,2819
hg-11-10-3-3:1779,1,1786,3,73,2819
hg-11-10-3-4:1779,1,1786,3,6141,73,2819
hg-11-10-4:1779,1,2062,3,2819
hg-11-10-4-1:5728,1779,1,5841,2062,3,73,2819
hg-11-10-4-2:1779,1,1414,2062,1499,3,73,2819
hg-11-10-4-3:1779,1,2062,3,6072,73,2819
hg-11-10-5:1779,1,5858,2820,3411,1597,1786,3,2819
hg-11-10-5-1:5711,1779,1,5858,2820,3411,1597,1786,3
hg-11-10-5-2:1779,1,5858,2820,3411,1597,5977,1786,3
hg-11-10-5-3:1779,1,2820,3411,1597,1786,3,73,2819
hg-11-10-5-4:1779,1,5858,2820,1415,3411,1597,1786,3,2819
hg-11-10-5-5:1779,1,5858,2820,3411,1597,1786,6015,3
hg-11-10-5-6:1779,1,5858,2820,3411,2062,1786,3,6312
hg-11-10-5-7:1779,1,5856,5858,2820,3411,1786,3
hg-11-10-5-7-4:1779,5856,5858,3411,1786
hg-11-10-5-7-1:5753,1779,1,5856,5858,2820,3411,2062,1786,3,1351
hg-11-10-5-7-2:1779,1,5856,5858,2820,3411,1786,3,1351
hg-11-10-5-7-2-1:1779,5856,5858,3411,1786,1351
hg-11-10-5-7-2-2:1779,5856,5858,3411,1786,1351
hg-11-10-5-7-5:1779,5856,5858,3411,1786
hg-11-10-5-7-3:1779,1,5856,5858,2820,3411,1786,3,6188,1351,6278
hg-11-10-5-8:1779,1,5858,2820,3411,1597,1786,3
hg-11-10-6:1779,1,5678,2927,2062,2821,1416,1295,2914,3,2819,5685
hg-11-10-6-1:50,1388,1779,1,2818,2062,2821,1416,1295,2914,3,2819,5685
hg-11-10-6-2:1779,1,2062,2821,1416,1295,4,3
hg-11-10-6-2-1:1779,80,1,2062,2821,1416,1295,4,3
hg-11-10-6-2-3:1779,1,2062,2821,1416,4,3,73
hg-11-10-6-2-4:30,6286,1779,1,2062,2821,1416,4,3
hg-11-10-6-3:5757,1779,1,2062,2821,1416,1295,2914,3,2819,843,5685
hg-11-10-6-4:1779,1,5678,2927,2062,2821,1416,1295,2914,4,3,2819,5685
hg-11-10-6-5:50,1779,1,5678,2927,2062,2821,1416,1295,2914,3,2819,5685
hg-11-10-6-5-6:50,1779,2062,2821,1416,1295,2819
hg-11-10-6-5-5:50,1779,1,2062,2821,1416,1295,3,2819
hg-11-10-6-5-3:50,1779,1,2062,2821,1416,1295,3,2819
hg-11-10-6-5-1:50,1779,1,2062,2821,1416,1295,3,2819
hg-11-10-6-5-4:50,1779,1,2062,2821,1416,1295,3,2819
hg-11-10-6-5-7:50,1779,2062,2821,1416,1295,2819
hg-11-10-6-5-2:50,1779,1,2062,5893,2821,1416,1295,3,2819
hg-11-10-6-5-8:50,1779,2062,2821,1416,1295,2819
hg-11-10-6-6:50,1779,1,5678,2927,2062,2821,1295,2914,3,2819,5685
hg-11-10-6-6-4:50,1779,1,2062,5893,2821,1295,3,2819
hg-11-10-6-6-3:50,1779,1,2062,2821,1295,3,2819
hg-11-10-6-6-6:50,1779,2062,2821,1295,2819
hg-11-10-6-6-5:50,1779,1,2062,2821,1295,3,2819
hg-11-10-6-6-7:50,1779,2062,2821,1295,2819
hg-11-10-6-6-8:50,1779,2062,2821,1295,2819
hg-11-10-6-6-2:1779,1,2062,5893,2821,1295,3,2819
hg-11-10-6-6-1:1779,1,2062,2821,1295,3,2819
hg-11-10-6-8:1779,2062,2821,1416,1295,2819
hg-11-10-6-7:50,1388,1779,2818,2062,2821,1416,1,1295,3,2819
hg-11-10-7:1779,1,2914,3,6140,73,2819
hg-11-10-7-1:1779,1,1786,2914,3,73,2819
hg-11-10-7-2:1779,1,2078,3,73,2819,843
hg-11-10-7-3:1779,1,2914,3,73,2819
hg-11-10-7-12:1779,73,2819
hg-11-10-7-4:1779,1,5869,3,73,2819
hg-11-10-7-5:1779,1,5678,1597,2781,3,73,2819
hg-11-10-7-13:1779,73,2819
hg-11-10-7-6:1779,1,3,6105,73,2819
hg-11-10-7-14:1779,73,2819
hg-11-10-7-7:1779,1,5678,5972,2781,1786,3,6088,73,2819
hg-11-10-7-8:1779,1,5678,2781,2914,3,73,2819,5685
hg-11-10-7-9:1779,1,2989,1295,2914,3,73,2819,5685
hg-11-10-7-10:1779,1,1786,3,73,2819
hg-11-10-7-10-1:1779,1,1786,3,73,2819
hg-11-10-7-10-2:1779,1,1786,3,73,2819
hg-11-10-7-11:1779,1,3,73,2819
hg-11-10-8:1779,1,2062,3,2819
hg-11-10-8-4:1779,2062,2819
hg-11-10-8-5:1779,2062,2819
hg-11-10-8-1:1779,1,2062,3,73,2819
hg-11-10-8-2:1779,1,2062,1295,1786,3,73,2819
hg-11-10-8-3:1779,1,2062,3,73,2819
hg-11-10-9:1737,1779,1,3,73,2819
hg-11-10-9-1:1737,1779,1,3111,4,3,73,6203,2819
hg-11-10-9-2:1737,1267,1779,1,4,3,73,2819
hg-11-10-10:1779,1,5678,2927,2914,3,73,2819,5685
hg-12:12755,1,3
hg-12-1:1,4,3,1214
hg-12-1-1:1,4,3,1214
hg-12-1-1-1:1,5812,5813,1417,1419,4051,1214
hg-12-1-1-2:1,5811,1295,4,3,1221,1214
hg-12-1-1-4:4,1214
hg-12-1-1-3:1,3111,4,3,1539,1214
hg-12-1-2:1316,2057,1,5916,1385,3,1418,1261,1390,1214
hg-12-1-3:1316,1,1417,5686,1419,5682,1261,6114,1214
hg-12-1-4:1,4,3,6128,73,1214
hg-12-1-4-1:4,6128,1214
hg-12-1-4-2:4,6128,1214
hg-12-1-5:1682,1571,1,4,2975,3,1214
hg-12-1-5-1:1,2404,4,2975,3,1634,1214
hg-12-1-5-1-1:1,2989,2404,4,2975,3,1634,2405,1214
hg-12-1-5-1-2:1,2989,2404,4,2975,3,1634,1518,1214,1283
hg-12-1-5-1-3:1,2404,4,2975,3,1634,2405,1214
hg-12-1-5-2:2958,2222,3006,2784,3258,1,1295,4,2975,3,1214,2223
hg-12-1-5-3:1,3111,2062,3102,4,2975,3,1214
hg-12-1-6:1737,1,1420,4,3,1214
hg-12-1-6-1:1737,1267,1,1420,1295,1597,4,3,1214
hg-12-1-6-2:1737,1267,1,1420,4,3,1214
hg-12-1-6-4:1737,1420,4,1214
hg-12-1-6-3:1737,1,1420,4,3,1214
hg-12-1-6-3-6:1737,1420,4,1214
hg-12-1-6-3-1:1737,1,1420,1669,4,3,1214
hg-12-1-6-3-2:1737,1,1420,4,3,1214,6219,1280,1283
hg-12-1-6-3-3:1737,1,1420,2062,4,3,1214
hg-12-1-6-3-4:1737,1,1420,4,3,1214,1280
hg-12-1-6-3-5:1737,1,1420,4,3,1214,1283
hg-12-1-7:1,1295,1597,3,1214,2817
hg-12-1-7-1:1388,1,2194,1669,1295,3,1597,1214,2215,2817
hg-12-1-7-1-4:2194,1669,1295,1597,1214,2215,2817
hg-12-1-7-1-5:2194,1669,1295,1597,1214,2215,2817
hg-12-1-7-1-2:1,2194,1669,1295,3,1597,1214,1606,2215,2817
hg-12-1-7-1-3:1388,1,2194,1669,1295,3,1597,1214,2215,2817
hg-12-1-7-2:1388,1,1295,1597,3,1214,2817
hg-12-1-7-2-1:1388,1,2194,1295,3,1597,1214,2817
hg-12-1-7-2-2:1388,1,1295,3,1597,1214,2817
hg-12-1-7-3:5932,1,5953,1295,3,1597,1214,1388,2817
hg-12-1-7-4:1388,1,2818,1295,1597,3,1214,2817
hg-12-1-7-4-3:1388,2818,1295,1597,1214,2817
hg-12-1-7-4-1:1388,1251,2818,1,1295,3,1597,6009,1214,6206,2817
hg-12-1-7-4-2:1388,1251,2818,1,1295,3,1597,1214,2817
hg-12-1-7-5:1388,1,1295,3,1597,1214,2817
hg-12-1-7-6:1682,1571,1,1295,1597,3,1221,1434,1214,2817
hg-12-1-7-7:6283,1,1295,1597,3,1214,2817
hg-12-1-7-7-1:6283,1,1295,1597,3,1214,2817
hg-12-1-7-7-2:6283,1,1295,1597,3,1214,2817
hg-12-1-7-14:1295,1597,1214,2817
hg-12-1-7-8:2189,1388,1251,1,1295,3,1597,1214,2817
hg-12-1-7-9:1682,1571,1388,1422,1208,1,1295,3,1597,1726,6170,1214,2817
hg-12-1-7-10:1,1295,3,1597,1214,1388,2817
hg-12-1-7-11:1388,1,1295,1597,3,6150,6151,1214,2817
hg-12-1-7-11-1:1388,5716,1,1295,3,1597,6150,6151,1214,2817
hg-12-1-7-11-2:1388,1,1295,3,1597,6150,6151,1214,2817
hg-12-1-7-12:1682,1571,1,1295,1597,5998,3,1221,1214,6197,2956,2817
hg-12-1-7-12-1:1295,1597,1221,1214,6197,2817
hg-12-1-7-12-2:1295,1597,1221,1214,6197,2817
hg-12-1-7-12-3:1295,1597,1221,1214,6197,2817
hg-12-1-7-12-4:1295,1597,1221,1214,6197,2817
hg-12-1-7-13:1,1295,1597,3,6118,1214,2817,1283
hg-12-1-8:1,2786,3,2106,1424,1214
hg-12-1-8-1:3,2106,4,1424,1214
hg-12-1-8-2:3,2106,4,1424,1214
hg-12-1-8-3:3,2106,4,1424,1214
hg-12-1-9:1316,2057,1,1385,3,1261,1214,1425
hg-12-1-19:4,1261,1214
hg-12-1-19-4:1437,1,1370,5010,1,3,1333,1574,1244,2982,4,1205,3,1261,1214
hg-12-1-19-4-2:1437,1438,1435,1,1370,5010,1,3,1333,1574,1244,2982,4,1205,3,1261,1214
hg-12-1-19-4-4:5010,1333,1574,2982,4,1205,1261,1214
hg-12-1-19-4-5:5010,1333,1574,2982,4,1205,1261,1214
hg-12-1-19-4-6:5010,1333,1574,2982,4,1205,1261,1214
hg-12-1-19-4-7:5010,1333,1574,2982,4,1205,1261,1214
hg-12-1-19-4-3:1437,1438,1,1370,5010,1,3,1333,1574,1244,2982,4,1205,3,1261,1214
hg-12-1-19-4-1:1682,1571,1437,1,1370,5010,1,3,1333,1574,1244,2982,4,1205,3,1261,1214
hg-12-1-19-2:1,4,4051,3,1261,1566,1214
hg-12-1-19-2-1:1,4,4051,3,1261,1566,1214
hg-12-1-19-2-5:1,5947,5948,4,4051,3,1261,1566,1214
hg-12-1-19-2-6:4,3,1261,1566,1214
hg-12-1-19-2-7:4,3,1261,1566,1214
hg-12-1-19-2-3:1,4,4051,3,1261,1566,1214
hg-12-1-19-2-8:4,3,1261,1566,1214
hg-12-1-19-2-9:4,3,1261,1566,1214
hg-12-1-19-2-2:4,3,1261,1566,6122,1214
hg-12-1-19-2-4:1,4,4051,6054,3,1261,1566,1214
hg-12-1-19-5:4,1261,1214
hg-12-1-19-6:4,1261,1214
hg-12-1-19-7:4,1261,1214
hg-12-1-19-1:1,4,3,1221,1261,1214
hg-12-1-19-1-5:1,4,3,1221,1261,1214
hg-12-1-19-1-6:1,4,3,1221,1261,1214
hg-12-1-19-1-6-1:4,1261,1214
hg-12-1-19-1-6-2:4,1261,1214
hg-12-1-19-1-1:1,4,3,1221,1261,1214
hg-12-1-19-1-4:1,4,3,1221,1261,1214
hg-12-1-19-1-2:1,4,3,1221,1261,1214
hg-12-1-19-1-3:1,4,3,1221,1261,1214
hg-12-1-19-1-7:4,1261,1214
hg-12-1-19-1-8:4,1261,1214
hg-12-1-19-3:1316,2057,1419,4052,1261,1214,6199
hg-12-1-19-3-1:1316,2057,5965,1419,4052,1261,1214,6199
hg-12-1-19-3-2:1316,2057,2612,1419,4052,1261,1214,6199,6060
hg-12-1-19-3-3:30,1316,2057,1419,4051,4052,1261,1214,6199
hg-12-1-10:1,3276,4,3,1214
hg-12-1-11:1,3111,4,3,1214
hg-12-1-11-1:1,3111,4,3,6182,2243,6183,1214
hg-12-1-11-1-1:1,3111,2062,4,3,6062,6182,2243,6183,1214
hg-12-1-11-1-2:1,3111,2062,4,3,73,6182,2243,6183,1214
hg-12-1-11-2:2319,1,3111,4,3,1214,2203
hg-12-1-12:1,4,6033,1456,3,1214
hg-12-1-12-1:1,4,6033,1456,3,1214
hg-12-1-12-2:1,4,6033,1456,3,1445,1339,1214,1446
hg-12-1-12-3:1,4,6033,1456,3,1214
hg-12-1-13:1,3111,2062,4,3,2822,73,1214
hg-12-1-13-1:1,3111,2989,2062,4,1205,3,2822,73,1214
hg-12-1-13-2:1,3111,2062,2914,4,1205,3,2822,73,1214,5685
hg-12-1-13-2-1:3111,2062,4,1205,73,1214
hg-12-1-13-2-2:3111,2062,4,1205,73,1214
hg-12-1-13-2-3:3111,2062,4,1205,73,1214
hg-12-1-13-2-4:3111,2062,4,1205,73,1214
hg-12-1-14:1,3102,2914,4,1205,3,1214,5685
hg-12-1-15:1,2914,4,3,2822,73,1214,5685
hg-12-1-16:1,2914,4,1205,3,2822,73,1214,5685
hg-12-1-16-1:5742,1,2914,4,1205,3,2822,73,1214,5685
hg-12-1-16-2:1,4,1205,3,2822,73,1214
hg-12-1-17:1,4,1205,3,6108,73,1214
hg-12-1-18:1,1417,4,5686,1419,4051,1456,3,5682,1261,1214
hg-12-1-18-1:1,1417,2186,4,1419,4051,1456,3,1261,6310,1214
hg-12-1-18-2:1,1417,1385,4,1419,4051,1456,3,1261,6164,1214
hg-12-1-20:4,1214
hg-12-2:1,4,2975,3
hg-12-2-1:1,3111,4,2794,2975,3
hg-12-2-1-1:1426,1,3111,2062,4,2794,1205,2975,3
hg-12-2-1-15:3111,4,2794,2975
hg-12-2-1-16:3111,4,2794,2975
hg-12-2-1-6:1,5782,3111,4,2975,3
hg-12-2-1-7:1737,1,3111,4,3737,2975,3
hg-12-2-1-10:1,3111,2081,2790,2975,3
hg-12-2-1-8:1,3111,2790,2794,2975,3
hg-12-2-1-9:1,3111,4,2794,2975,3,6194
hg-12-2-1-11:1,1341,3111,2794,2975,3,6242
hg-12-2-1-12:1737,1426,1,3111,4,2975,3
hg-12-2-1-13:2958,3006,2784,1,3111,2975,3
hg-12-2-1-14:1,3111,2062,2404,4,2794,1205,2975,3
hg-12-2-2:1426,2823,5699,1,1341,3,1,2786,3,1205,2975
hg-12-2-3:1,1430,4,1205,2975,3
hg-12-2-3-1:1267,1,1430,4,2975,3
hg-12-2-3-1-1:1267,4,2975
hg-12-2-3-1-2:1267,4,2975
hg-12-2-3-1-3:1267,4,2975
hg-12-2-3-1-4:1267,4,2975
hg-12-2-3-2:1,1430,4,1205,2975,3
hg-12-2-3-2-1:4,1205,2975
hg-12-2-3-2-2:4,1205,2975
hg-12-2-3-2-3:4,1205,2975
hg-12-2-4:1,4,2975,3
hg-12-2-5:1,3111,1342,4,2975,3,1628
hg-12-2-5-1:1,3111,1342,4,2975,3,1628,73
hg-12-2-5-2:2336,1,3111,1342,4,2975,3,1628
hg-12-2-5-3:1,3111,1342,4,2975,3,1628
hg-12-2-5-4:3111,1342,4,2975,1628
hg-12-2-6:1,4,1205,2975,3
hg-12-2-6-1:1431,1,4,1205,2975,3,6118,73
hg-12-2-6-1-1:1431,1,4,1205,2975,3,6118,73,6242
hg-12-2-6-1-2:1431,1,3111,5934,4,1205,2975,3,6118,73
hg-12-2-6-2:1,4,1205,2975,3,73
hg-12-2-6-2-1:1737,1,4,1205,2975,3,73
hg-12-2-6-2-2:1,2404,4,1205,2975,3,73
hg-12-2-6-2-6:4,1205,2975,73
hg-12-2-6-2-3:1267,1,4,1205,2975,3,73,6242
hg-12-2-6-2-8:4,1205,2975,73
hg-12-2-6-2-4:1,2081,2790,2404,2975,3,2965,73
hg-12-2-6-2-7:4,1205,2975,73
hg-12-2-6-2-5:1737,6283,1,2975,3,73
hg-12-2-6-3:1,3111,2062,4,1205,3,1351
hg-12-2-6-3-1:5696,1,3111,2062,4,1205,3,1351
hg-12-2-6-3-2:1,3111,2062,4,1205,3,1351
hg-12-2-6-3-3:1431,1,3111,2062,4,1205,3,6123,73,1351
hg-12-2-6-3-4:1,3111,2062,4,1205,3,73,1351
hg-12-2-6-4:5731,1,2062,4,1205,2975,3
hg-12-2-6-5:1,1521,4,1205,2975,3,6123,2916
hg-12-2-6-5-1:1,1521,4,1205,2975,3,6123,2916
hg-12-2-6-5-2:1,1521,4,1205,2975,3,6123,2916
hg-12-2-6-5-3:1,1521,4,1205,2975,3,6123,2916
hg-12-2-7:1,3111,4,2975,3,6242
hg-12-2-7-1:1,3111,2777,2975,3,73,6242
hg-12-2-7-2:1,3111,4,2975,3,73,6242,6239
hg-12-2-7-3:80,1,5806,3012,1341,2975,3,73,6242
hg-12-2-7-4:80,1,3111,4,3737,2975,3,73,6242
hg-12-2-7-5:2228,1,3111,5010,1,3,1333,1244,2982,4,1205,2975,3,1221
hg-12-2-8:1431,5743,1,4,2975,3,2965,73,6213,6242,6240
hg-12-2-8-1:1431,1,4,2975,3,2965,73,6213,6242,6240
hg-12-2-8-1-1:4,2975,2965,6213,6242,6240
hg-12-2-8-1-2:4,2975,2965,6213,6242,6240
hg-12-2-8-1-3:4,2975,2965,6213,6242,6240
hg-12-2-8-1-4:4,2975,2965,6213,6242,6240
hg-12-2-8-3:4,2975,2965,6242,6240
hg-12-2-8-2:1431,1,4,1205,2975,3,2965,6118,73,6242,6240
hg-12-2-9:1,4,1205,2975,3
hg-12-2-9-1:1,2062,4,1205,2975,3
hg-12-2-9-2:1,3012,4,1205,2975,3
hg-12-2-9-3:1737,1,1341,1342,2975,3,73
hg-12-2-9-4:1,2081,4,1205,2975,3
hg-12-2-9-6:4,1205,2975
hg-12-2-9-5:1,2062,4,1205,2975,3
hg-12-2-10:1,2914,4,1205,2975,3,5685
hg-12-3:1,2175,3,1221,2179
hg-12-3-1:1682,1571,1,2175,3,1221,2179
hg-12-3-2:1,2175,3,1221,2179
hg-12-3-3:1682,1571,1,2175,3,1221,2179
hg-12-3-4:1,2175,2694,3,1221,2179
hg-12-3-4-1:1,2175,2694,3,1221,6118,2179
hg-12-3-4-2:1,2175,2694,6299,4,3,1221,2179
hg-12-3-5:1,2175,6295,3,1221,1433,2179
hg-12-3-5-5:2175,6295,1433,2179
hg-12-3-5-1:1,2576,2175,2177,6295,6032,3,1221,1433,2179,2699
hg-12-3-5-1-1:2576,2175,2177,6295,6032,1433,2179,2699
hg-12-3-5-1-2:2576,2175,2177,6295,6032,1433,2179,2699
hg-12-3-5-2:1,1272,2175,6295,3,1221,1433,2179
hg-12-3-5-3:1,2175,6295,3,1221,1433,2179
hg-12-3-5-4:1682,1571,1,2175,6295,3,1221,1433,2179
hg-12-3-6:1,2175,3,1221,2179
hg-12-3-7:1682,1571,1,5797,2175,3,1221,2179
hg-12-3-8:1,2175,2694,3,1221,2179,3152
hg-12-3-9:1856,1,2175,1432,3,1221,2179
hg-12-3-10:1856,1408,1,2175,3,1221,1433,2179
hg-12-3-11:1,2175,4,3,1221,2179,6216
hg-12-3-11-1:1,5828,2175,2177,4,3,2179,6216
hg-12-3-11-2:1,2175,4,3,1221,2179,6216
hg-12-3-12:1682,1571,1,2175,3,1221,6104,2179
hg-12-3-13:1,2576,2175,3,1221,6118,6162,2179
hg-12-3-14:1,2576,2175,2694,3,1221,2179,3362,2699
hg-12-3-14-1:1,2576,2175,2694,2177,2680,3,1221,2179,3362,2699
hg-12-3-14-2:1,2576,2175,2694,2177,6295,2680,3,2179,3362,2699
hg-12-3-14-3:1,2576,2175,2694,2177,2717,2680,3,2179,3362,2699,2701
hg-12-3-15:1682,1571,1,2175,3,1221,2179,6235
hg-12-3-16:2175,2179
hg-12-4:1,2681,4,3,3152
hg-12-4-12:2681,4
hg-12-4-1:5749,1,2681,4,3,3152
hg-12-4-1-1:5749,5750,5751,1,2681,4,3,3152
hg-12-4-1-3:5749,2681,4,3152
hg-12-4-1-2:5749,5752,1,2681,4,3,3152
hg-12-4-1-4:5749,2681,4,3152
hg-12-4-13:2681,4
hg-12-4-2:1,2681,4,3,3152
hg-12-4-2-1:5712,1,2681,4,3,3152
hg-12-4-2-2:1388,1,2681,4,3,3152
hg-12-4-2-3:1737,1,2681,4,3,3152
hg-12-4-2-4:1,2681,4,3,6170,3152
hg-12-4-2-5:1,2681,4,3,3152,1283
hg-12-4-3:1388,1,2681,4,3,3152
hg-12-4-3-5:1388,2681,4,3152
hg-12-4-3-6:1388,2681,4,3152
hg-12-4-3-7:1388,2681,4,3152
hg-12-4-3-3:1388,1,2818,2681,4,3,3152
hg-12-4-3-4:1267,1388,1,2681,4,3,3152
hg-12-4-4:1,2681,4,3
hg-12-4-4-1:1,2681,4,3,6090
hg-12-4-4-1-2:1388,1,5997,2681,3
hg-12-4-4-1-5:2681,4
hg-12-4-4-1-3:1,2681,4,3
hg-12-4-4-1-4:1,2681,4,6030,3,2126
hg-12-4-4-2:5701,1,2681,4,3
hg-12-4-4-3:1,5996,2681,4,3
hg-12-4-4-4:1388,5748,1,5997,2681,3
hg-12-4-4-5:80,1,3111,2681,4,3,1433
hg-12-4-4-14:2681,4
hg-12-4-4-6:1,2681,4,3
hg-12-4-4-7:1,2681,4,3
hg-12-4-4-7-1:1,2681,4,3,3152
hg-12-4-4-7-2:1,2681,4,3,6071
hg-12-4-4-8:1,2681,4,3,6268
hg-12-4-4-8-1:1,2681,4,3,6102,6268
hg-12-4-4-8-2:5723,1,2681,4,3,6268
hg-12-4-4-15:2681,4
hg-12-4-4-9:1,2681,4,3,6249,1280
hg-12-4-4-10:1,2681,4,3,6218,6219
hg-12-4-4-11:1,2681,4,3,6269
hg-12-4-4-12:1,5796,2681,4,3,1611
hg-12-4-4-13:1,2681,4,3,1433
hg-12-4-14:2681,4
hg-12-4-15:2681,4
hg-12-4-5:1,5797,2681,4,3
hg-12-4-5-2:5797,2681,4
hg-12-4-5-3:5797,2681,4
hg-12-4-5-4:5797,2681,4
hg-12-4-5-1:1267,1,5797,2681,4,6039,3
hg-12-4-16:2681,4
hg-12-4-6:1,2681,4,3,3152
hg-12-4-6-7:2681,4
hg-12-4-6-1:1267,1388,1,2681,4,3
hg-12-4-6-2:1,2681,4,3
hg-12-4-6-3:1883,1251,1,2681,4,3
hg-12-4-6-4:1,2681,4,3
hg-12-4-6-8:2681,4
hg-12-4-6-5:1,2681,4,3,3152
hg-12-4-6-6:1,5834,2681,4,3,6235
hg-12-4-7:3087,1856,1,2681,4,3,3152
hg-12-4-17:2681,4
hg-12-4-8:1,2144,2681,4,3,6098
hg-12-4-8-4:2057,1378,1,1637,2681,4051,1261
hg-12-4-8-5:1,2144,2681,4,3
hg-12-4-8-7:2058,2057,1,2144,2681,4,3,6098
hg-12-4-8-30:2144,2681,4
hg-12-4-8-13:1,2144,2681,4,3,6097,6098
hg-12-4-8-15:1,2144,2681,4,3,6097
hg-12-4-8-17:1408,1,2144,2681,4,3,6133
hg-12-4-8-31:2144,2681,4
hg-12-4-8-18:1,2144,2681,4,3,6097
hg-12-4-8-20:1,2144,2681,4,3
hg-12-4-8-21:1,2144,2681,4,3
hg-12-4-8-22:80,1,2144,2681,4,3
hg-12-4-8-23:1,2144,2919,2681,4,3
hg-12-4-8-24:1,2144,2681,4,3,6098
hg-12-4-8-32:2144,2681,4
hg-12-4-8-29:2184,1,2144,2681,4,3
hg-12-4-9:1,2681,4,3,6162
hg-12-4-9-2:2681,4,6162
hg-12-4-9-3:2681,4,6162
hg-12-4-9-4:2681,4,6162
hg-12-4-9-1:80,1,3012,2681,4,3,6162
hg-12-4-9-5:2681,4,6162
hg-12-4-9-6:2681,4,6162
hg-12-4-9-7:2681,4,6162
hg-12-4-9-8:2681,4,6162
hg-12-4-18:2681,4
hg-12-4-10:1,5805,2681,4,3,2586
hg-12-4-10-3:5805,2681,4,2586
hg-12-4-10-4:5805,2681,4,2586
hg-12-4-10-5:5805,2681,4,2586
hg-12-4-10-6:5805,2681,4,2586
hg-12-4-10-7:5805,2681,4,2586
hg-12-4-10-1:1,5805,2681,4,3,2586,6218,6232,6233
hg-12-4-10-1-1:1,5805,2681,4,3,2586,6217,6218,6219,6233
hg-12-4-10-1-2:1,5805,6300,2681,4,3,2586,6218,6233
hg-12-4-10-1-5:1,5805,2681,4,3,2586,6218,6219,6233
hg-12-4-10-2:1,5805,2681,4,3,2700,2586
hg-12-4-11:1,2681,4,3,6236
hg-12-4-11-1:1,2681,4,3,6236
hg-12-4-11-1-1:1388,1,2681,4,3,6236
hg-12-4-11-1-3:2681,4,6236
hg-12-4-11-1-2:1,2681,4,3,6236
hg-12-4-11-3:2681,4,6236
hg-12-4-11-4:2681,4,6236
hg-12-4-11-2:1,2681,4,3,6235,6236
hg-12-5:1388,1,1295,4,3
hg-12-5-1:1388,1408,1,1295,1597,4,3
hg-12-5-1-1:1388,1408,1,1295,1597,4,3
hg-12-5-1-2:1388,1408,1,1295,1597,4,3
hg-12-5-3:1388,1295,4
hg-12-5-2:1682,1571,1388,1,1295,3
hg-12-6:1,4,3,1214
hg-12-6-1:1,2144,1830,4,3,1214
hg-12-6-1-1:1,2144,1830,5931,4,3,1214
hg-12-6-1-3:2144,1830,4,1214
hg-12-6-1-4:2144,1830,4,1214
hg-12-6-1-2:1,2144,1830,4,3,1214,6319
hg-12-6-2:1,2144,4,3,1434,1214,6318
hg-12-6-3:1,5930,2919,6038,3,3119
hg-12-6-9:1,4,3,1221,1214
hg-12-6-9-1:4,1221,1214
hg-12-6-9-2:4,1221,1214
hg-12-6-9-3:4,1221,1214
hg-12-6-4:1,1830,4,3,1214,6212
hg-12-6-4-1:1,1272,1830,1331,5010,4,1205,3,1221,1214,6212
hg-12-6-4-3:1830,4,1214,6212
hg-12-6-4-2:1,1830,4,3,6175,1214,6212
hg-12-6-5:1,2144,4,3,6174,1214
hg-12-6-5-1:1,2144,4,3,1434,1214
hg-12-6-5-2:1,2144,4,1205,3,6174,1214
hg-12-6-6:1267,1,2144,4,3,1434,1214
hg-12-6-6-1:1267,1,2144,4,3,1434,1214
hg-12-6-6-2:1267,1,2144,4,3,1434,1214
hg-12-6-7:1,1295,5955,4,3,6124,1434,1214
hg-12-6-8:1,4,3,1214
hg-12-6-8-1:1,4,3,1214
hg-12-6-8-2:1,5897,4,6037,3,1214
hg-13:1435,1,1370,1,3,1244,4,1205,3
hg-13-1:1435,1333,1,5872,1370,5010,1,3,1244,4,1205,3,1221,1261
hg-13-1-1:5872,5010,3,4,1205,1221,1261
hg-13-1-2:5872,5010,3,4,1205,1221,1261
hg-13-2:1435,1333,1,1370,5010,1,3,1244,3,1221
hg-13-3:1435,1333,1,1370,5010,1,3,1244,2982,2793,1205,3,1221
hg-13-4:1435,1333,1,1370,5010,1,3,1244,2982,4,1205,3,1221
hg-13-5:1437,1435,1333,1,1370,2786,5937,1,3,1244,2982,1205,3,1221,2168
hg-13-5-1:1682,1571,1437,1435,1333,1,1370,2786,5937,1,3,1244,2982,4,3,1221,2168
hg-13-5-2:1682,1571,1437,1435,1333,1,1370,2786,5937,1,3,1244,2982,4,1205,3,1221,2168
hg-13-5-3:1682,1571,1437,1435,1333,1,1370,2786,5937,2404,1,3,1244,2982,4,3,1221,1351,2168
hg-13-5-4:1682,1571,2228,1437,1435,1333,1,1370,2786,5937,5988,1,3,1244,2982,4,3,1221,2168
hg-13-5-5:1682,1571,1437,1435,1333,1,1370,2786,5937,5993,1,3,1244,2982,4,1205,3,1221,1351,2168
hg-13-6:1435,1333,1,1370,5010,1,3,1244,2982,4,1205,3,1221
hg-13-7:1437,5736,1438,1435,1,1370,1,3,1244,2982,3
hg-13-7-1:1437,5736,1438,1435,1,1370,1,3,1244,2982,3
hg-13-7-2:1437,5736,1438,1435,1,1370,5900,1,3,1244,2982,3
hg-13-7-5:5736,2982
hg-13-7-6:5736,2982
hg-13-7-3:1437,5736,1438,1435,1,1370,5881,1,3,1244,2982,3
hg-13-7-4:1682,1571,1437,5736,1438,1435,1,1370,1,3,1244,2982,3
hg-13-8:1435,1333,1,1370,5010,1,3,1244,2982,3,1925,1221,1214
hg-13-8-1:5010,2982,1925,1221
hg-13-8-2:5010,2982,1925,1221
hg-13-9:1437,1435,1333,1,1370,2062,5010,1,3,1244,2982,4,1205,3,1221,1351
hg-13-9-1:1682,1571,1437,1435,1333,5740,1,1370,2062,5010,1,3,1244,2982,4,1205,3,1221,1351
hg-13-9-2:1437,1435,1333,5747,1,1370,2062,5010,1,3,1244,2982,4,1205,3,1221,1351
hg-13-9-3:1437,1435,1333,5754,1,5678,2927,1370,2062,2081,5010,2781,1,3,1244,2982,2914,4,3,1221,1351,5685
hg-13-9-5:2062,5010,2982,4,1221,1351
hg-13-9-6:2062,5010,2982,4,1221,1351
hg-13-9-4:1682,1571,1437,1435,1333,1,1370,2062,5010,1,3,1244,2982,4,1205,3,1221,1351
hg-13-10:2228,1435,1333,1,1370,1,3,1244,2982,4,2793,1205,3,1925,1221,1539,2168
hg-13-10-1:2228,2982,4,2793,1925,1539,2168
hg-13-10-2:2228,2982,4,2793,1925,1539,2168
hg-13-10-3:2228,2982,4,2793,1925,1539,2168
hg-13-11:1435,1333,1,1370,1,3,1244,2982,4,1205,3,1221
hg-13-12:1435,1,1370,1,3,1244,4,1205,1440,3,1221,843,6271
hg-13-12-1:1435,1370,1,3,1244,4,1205,1440,843,6271
hg-13-12-2:1435,1370,1,3,1244,4,1205,1440,843,6271
hg-13-13:1435,1,1370,2062,1,3,1333,1244,2982,4,3,6229
hg-13-13-1:1435,1,1370,2062,5010,1,3,1333,1244,2982,4,1205,3,6229
hg-13-13-1-6:2062,5010,1333,2982,4,1205,6229
hg-13-13-1-7:2062,5010,1333,2982,4,1205,6229
hg-13-13-1-2:1437,1435,1,1370,2062,5010,1,3,1333,1244,2982,4,1205,3,6229
hg-13-13-1-3:1437,1438,1435,1,1370,2062,5010,1,3,1333,1244,2982,4,1205,3,6229
hg-13-13-1-4:1435,1,1370,2062,5010,1,3,1333,1244,2982,4,1205,3,6229,6231
hg-13-13-1-5:1435,1,1370,2062,2404,5010,1,3,1333,1244,2982,4,1205,3,6229
hg-13-13-2:1437,1435,1,1370,2062,1,3,1333,1244,2982,4,1205,3,6229
hg-13-13-3:1435,1,1370,2062,1,3,1333,1244,2982,4,1205,3,6228,6229,6230
hg-14:1,4,3
hg-14-6:1,4,3
hg-14-7:1,4,3
hg-14-8:1,4,3
hg-14-1:1,2062,5989,4,3,73
hg-14-2:1,3111,2081,5010,2789,1205,3,73
hg-14-3:1,5990,5991,5992,4,3,1214
hg-14-4:1,1248,5010,1205,3,1925,1221,1439
hg-14-5:1,1637,1440,1456,1214
hg-15:2336,1,2777,4,3,1716
hg-15-1:1259,2336,1,2777,3
hg-15-1-1:1259,2336,1,2777,1360,1205,3,73
hg-15-1-2:1441,1259,2336,1,2777,3,1261
hg-15-1-2-1:1261
hg-15-1-2-2:1261
hg-15-1-11:1259,2336,1,2777,5686,3,6257
hg-15-1-3:1259,5709,5710,2336,1,2777,3
hg-15-1-4:30,1259,2336,1,2777,1342,3,1628,6258
hg-15-1-4-1:1342,1628,6258
hg-15-1-4-2:1342,1628,6258
hg-15-1-4-3:1342,1628,6258
hg-15-1-5:1441,1259,2336,80,1,2777,5878,3
hg-15-1-6:1259,80,1,2777,6012,3
hg-15-1-6-1:1259,2336,80,1,2777,6012,3
hg-15-1-6-2:1259,80,1,2777,1342,3109,6012,1608,3
hg-15-1-12:1259,2336,1,2777,5686,3,6257
hg-15-1-7:30,2336,80,1,2777,1342,6034,3,134
hg-15-1-8:2336,1442,1,2777,3
hg-15-1-8-1:2336,1,2777,3
hg-15-1-8-2:2336,1,2777,3
hg-15-1-9:3138,5771,2336,1784,1,1341,3,1342,1343,3,1785,6158
hg-15-1-9-1:3138,5771,1784,1785,6158
hg-15-1-9-2:3138,5771,1784,1785,6158
hg-15-1-9-3:3138,5771,1784,1785,6158
hg-15-1-9-4:3138,5771,1784,1785,6158
hg-15-1-9-5:3138,5771,1784,1785,6158
hg-15-1-10:1259,2336,1,2777,5686,3,6106,6257
hg-15-2:2336,1,2777,3276,5986,3
hg-15-3:2336,1,2777,3276,1627,3,73
hg-15-3-1:2336,1,2777,3276,6035,1627,3,73
hg-15-3-2:2336,1,2777,3276,1627,3,73
hg-15-3-3:2336,1,2777,3276,1627,3,73
hg-15-3-4:2336,1,5867,2777,3276,1627,3,73,134
hg-15-3-5:2336,1,2777,3276,1627,3,73,6202,843
hg-15-3-6:2336,1,2777,3276,1627,3,73,6204
hg-15-4:1,2777,3,6227
hg-15-4-1:1,2777,3,6227
hg-15-4-1-1:1,2777,3,6227
hg-15-4-1-2:1,2777,3,6227
hg-15-4-2:1,2777,3,73,6227
hg-15-4-5:1,2777,3,6227
hg-15-4-4:80,1,2777,3,6227
hg-15-4-3:2336,1,2777,3,6227
hg-16:1,1431,3,5742,1,2965,3,6118,6240
hg-16-1:1431,5742,1,2975,6052,3,2965,6118,73,6213,6242
hg-16-2:1431,5742,1,1295,3,2965,6118,1696,6240,6241
hg-17:5721,1,5958,1445,1338,6068,1339,6092,1214,1446,6265
hg-17-1:5695,5771,1,5958,1445,1338,1339,1707,1214,1446
hg-17-2:2496,1,1,5958,1627,1445,1338,1339,1628,2497,1214,1446,6265
hg-17-3:1,5958,6058,1445,1338,1339,6092,1628,1214,1446,6265
hg-17-3-1:1,5958,5686,6058,1445,1338,5682,1339,6092,1628,1214,1446,6265
hg-17-3-1-1:1,3,5903,5958,5686,6058,1445,1338,5682,1339,6092,1628,1214,1446,6265
hg-17-3-1-2:1,3,5903,5950,5958,5686,6058,1445,1338,5682,1339,6092,1628,1214,1446,6265
hg-17-3-2:1447,1,3,5950,5958,5686,6058,1445,6068,5682,1339,6092,1628,1214,1446,6265
hg-17-3-3:1,5958,5686,6058,1445,1338,6068,5682,1339,6092,1628,1214,1446,6265
hg-17-3-3-1:1,3,5903,5950,5958,5686,6058,1445,1338,6068,5682,1339,6092,1628,1214,1446,6265
hg-17-3-3-2:1,3,5950,5958,5686,6058,1445,1338,6068,5682,1339,6092,1628,1214,1446,6265
hg-17-3-3-2-1:5950,5958,6058,1445,6068,6092,1628,1446,6265
hg-17-3-4:1,1,3,5958,5686,3,6058,6059,6308,1445,1338,5682,1339,6069,6092,1628,1214,1446,6265
hg-17-3-5:5958,6058,6092,1628,6265
hg-17-3-6:5958,6058,6092,1628,6265
hg-17-4:1,5958,3,1445,1338,1339,1261,1218,1214,6265
hg-17-4-1:1,3,5949,5958,1445,1338,1339,1261,1218,1628,1214,1446,6265
hg-17-4-3:5958,1445,1261,1218,6265
hg-17-4-2:5679,5771,1,3,5958,5686,1445,1338,5682,1339,1261,1218,1628,1214,1446,6265
hg-17-5:1,5827,5958,3,1445,1338,1339,1214,1446,6265
hg-17-5-1:1,5827,1,5958,5686,1445,1338,5682,1339,1628,1214,1446,6265
hg-17-5-1-1:5827,1,3,5958,5686,1445,1338,6068,5682,1339,1628,1214,1446,6265
hg-17-5-1-2:5721,5827,1,3,5958,1445,1338,1339,1628,1214,1446,6265
hg-17-5-3:5827,5958,1445,1446,6265
hg-17-5-2:1,5827,5958,3,1445,1338,1339,1628,1214,1446,6265
hg-17-5-2-1:1,5827,5958,3,1445,1338,1339,1628,1214,1446,2203,6265
hg-17-5-2-2:5827,1,3,5958,5686,1445,1338,6068,5682,1339,1261,1628,6138,1214,1446,6265
hg-17-5-2-2-1:5827,1,3,5958,1445,1338,6068,1339,1261,1628,6138,1214,1446,6265
hg-17-5-2-2-2:5827,1,3,5958,1445,1338,6068,1339,1261,1628,6138,1214,1446,6265
hg-17-6:1,5958,1445,1338,1339,6092,1214,1446,6265
hg-17-6-1:3,5958,6092,6265
hg-17-6-2:3,5958,6092,6265
hg-18:1,3
hg-18-1:1,3111,3,1448,1707
hg-18-1-1:1,5848,3111,1320,4,3,1448,1707
hg-18-1-2:1,3111,4,3,1221,1448,1707
hg-18-1-3:1,3111,4,3,6075,1448,1707
hg-18-1-3-1:3111,4,6075,1448,1707
hg-18-1-3-2:3111,4,6075,1448,1707
hg-18-1-4:1,3111,3,1448,1707
hg-18-1-19:3111,1448,1707
hg-18-1-5:1408,5733,1,3111,1295,3,1448,1707,6196
hg-18-1-6:1,3111,2919,3,1448,1707
hg-18-1-7:2057,1,3111,3,6074,1221,1448,1707
hg-18-1-8:1,3111,4,3,6317,1448,1707
hg-18-1-8-1:3111,4,1448,1707
hg-18-1-8-2:3111,4,1448,1707
hg-18-1-8-3:3111,4,1448,1707
hg-18-1-8-4:3111,4,1448,1707
hg-18-1-8-5:3111,4,1448,1707
hg-18-1-8-6:3111,4,1448,1707
hg-18-1-9:1,3111,4,3,73,1448,1707
hg-18-1-9-1:1,3111,4,3,73,1448,1707
hg-18-1-9-2:1,3012,3111,4,3,73,1448,1707
hg-18-1-10:1,3111,2062,4,3,1448,1707
hg-18-1-11:30,1,3111,2989,3385,4,3,73,1448,1707
hg-18-1-11-3:30,3111,2989,3385,4,73,1448,1707
hg-18-1-11-1:30,1,3111,2989,3385,4,3,2758,73,1448,1707
hg-18-1-11-4:30,3111,2989,3385,4,73,1448,1707
hg-18-1-11-2:30,1,3111,2989,3385,4,3,6079,6080,73,1448,1707
hg-18-1-12:1,3111,4,3,1221,1448,1707
hg-18-1-13:1,3111,5956,4,1205,3,1448,1707
hg-18-1-13-4:3111,5956,4,1205,1448,1707
hg-18-1-13-1:1,3111,5956,4,1205,3,6077,1448,1707
hg-18-1-13-2:1308,1,3111,5956,4,1205,3,1448,1707
hg-18-1-13-3:1,3111,5956,4,1205,3,1448,1707
hg-18-1-20:3111,1448,1707
hg-18-1-14:1,3111,4,3,6078,73,1448,1707
hg-18-1-15:1,3111,4,2848,3,6081,1448,1707
hg-18-1-16:1682,1571,1,3111,3,1221,1448,1707
hg-18-1-16-1:5722,1,3111,3,1221,1448,1707,6196
hg-18-1-16-2:1682,1571,1,3111,3,6084,1221,1448,1707
hg-18-1-21:3111,1448,1707
hg-18-1-17:1,3111,3385,4,3,6082,2758,1448,1707
hg-18-1-17-1:30,1,3111,3385,4,3,6082,2758,1448,1707
hg-18-1-17-2:1,3111,3385,1205,3,6076,6082,2758,1448,1707,2896
hg-18-1-17-3:1,3111,3385,4,3,6079,6082,2758,1448,1707
hg-18-1-17-4:1,3111,3385,4,6036,3,2758,1448,1707
hg-18-1-18:30,1,3111,4,1205,3,3395,1448,1707
hg-18-2:1,4,3
hg-18-2-4:4
hg-18-2-1:1,2062,2914,4,3
hg-18-2-1-1:1,2062,1295,2914,4,3,3363
hg-18-2-1-2:1,2062,1295,2914,4,3
hg-18-2-2:1,2786,5010,4,1205,3,2557,1221
hg-18-2-3:1,4,3,3363,6129,6130,1214,1449
hg-18-2-5:4
hg-18-2-6:4
hg-18-2-7:4
hg-18-2-8:4
hg-18-3:1,2825,3,3363,6129,73,1214,1449
hg-18-3-1:2825,6129,73
hg-18-3-2:2825,6129,73
hg-18-3-3:2825,6129,73
hg-18-4:1,3,73,2890,6165,1214
hg-18-4-1:73,2890
hg-18-4-2:73,2890
hg-18-4-3:73,2890
hg-18-4-4:73,2890
hg-18-5:1,4,3,6083,73,1214
hg-18-5-1:4,6083
hg-18-5-2:4,6083
hg-18-5-3:4,6083
hg-19:1,4,3
hg-19-1:5697,1779,1,1786,4,1205,3,73
hg-19-2:2784,80,1,3
hg-19-3:1388,5758,1,4,3
hg-19-3-1:1388,5758,1,4,6041,3
hg-19-3-2:1388,5759,1,4,3
hg-19-4:2784,3258,80,1,2148,3
hg-19-5:1,5785,2816,4,6031,3
hg-19-12:1,4,3,1221
hg-19-11:1,2062,4,1456,3,1221
hg-19-13:1388,1,4,6041,3
hg-19-6:1,1450,3297,5964,4,3,1221
hg-19-7:1,2062,5937,1450,3297,5966,1236,4,3,1221
hg-19-8:1,4,3
hg-19-9:1,4,3
hg-19-10:1,4,3
hg-20:1,3
hg-20-1:2958,3006,2784,2226,1,3
hg-20-2:80,1,3012,4,3
hg-21:12755,5746,1,5898,4,3,1364
lb:2336,2226,1,3
lb-1:30,2958,3006,2784,3258,2336,2226,1,2958,3,837
lb-1-15:2958,3006,2784,3258,2336,2226,1,2958,3
lb-1-16:2958,3006,2784,3258,2336,2226,1,2958,3
lb-1-17:2958,3006,2784,3258,2336,2226,1,2958,3
lb-1-12:2958,3006,2784,3258,2336,2226,1,2958,3
lb-2:2958,3006,2784,3258,2336,2226,1,2958,3,837
lb-3:2958,3006,2784,3258,2336,2226,1,2958,3,837
lb-3-3:2958,3006,2784,3258,2336,2226,1,2958,3
lb-3-4:2958,3006,2784,3258,2336,2226,1,2958,3
lb-3-5:2958,3006,2784,3258,2336,2226,1,2958,3
lb-4:2958,3006,3258,2336,2226,1,3364,2784,3365,3,837
lb-16:2226,1,3
lb-5:50,2958,3006,2784,3258,2336,2226,1,3
lb-6:50,30,2958,3006,2784,3258,2336,2226,1,3,837
lb-6-1:50,2958,3006,2784,3258,2336,2226,1,3
lb-7:50,30,2958,3006,2784,3258,2336,2226,1,3,837
lb-8:50,2784,2336,1,2958,3,837
lb-15:2222,2958,3006,2784,3258,2336,2226,1,2958,3
lb-9:2784,2336,1,3
lb-9-1:2958,3006,3258,2336,2226,1,2777,3,2219
lb-9-2:50,1,3012,1341,2958,3
lb-9-3:50,1,2786,3
lb-9-4:1,2777,2958,3
lb-9-5:1,4,3,73,2220
lb-9-6:1,2777,2958,3
lb-9-7:2221,1,4,3
lb-9-8:50,2958,3006,2784,3258,2336,2226,1,2958,3,837
lb-10:50,2222,2958,3006,2784,3258,2336,2226,1,2958,3
lb-11:50,30,2784,2336,2226,1,2958,3,1716,837,2223
lb-12:2958,3006,2784,3258,2336,2226,1,3,2224,2225,837
lb-12-2:2958,3006,2784,3258,2336,2226,1,3,2224,2225
lb-12-3:2958,3006,2784,3258,2336,2226,1,3,2224,2225
lb-12-5:2958,3006,2784,3258,2336,2226,1,3,2224,2225
lb-12-9:2958,3006,2784,3258,2336,2226,1,3,2224,2225
lb-13:50,30,2958,3006,2784,3258,2336,2226,1,3,837,2223
lb-14:50,2958,3006,2784,3258,2336,2226,1,2958,3
ma-1-1:2336,1,2777,3000,3,2778,837
ma-1-4:1,3,1221,837
ma-2-2-4:1285
me:2274
me-8:2529,2530,2531,2532,2533,2534
me-1:2535,2536,1823,2758,2537
me-1-1:2535,2536,2537
me-1-2:2535,2536,2537
me-1-3:2538,2535,2536,2537
me-2:2536,2539,1823
me-2-1:2535,2536,2539,2540,2541
me-2-1-1:2536,2539,2540,2541
me-2-1-2:2536,2539,2540,2541
me-2-1-3:2536,2539,2540,2541
me-2-2:2536,2539,2542,2541
me-2-2-1:2536,2539,2542,2541
me-2-2-2:2536,2539,2542,2541
me-2-2-3:2536,2539,2542,2541
me-3:1823,1793
me-3-1:1822,1793
me-3-3:1793
me-3-2:1793
me-3-4:1793
me-3-5:1793
me-3-6:1793
me-9:2529,2536,1823,2533,2537
me-4:2535,1733,1823,2544
me-4-1:2535,1733,2544
me-4-2:2535,1733,2544
me-4-3:2535,1733,2544
me-10:2663
me-10-3:2663
me-10-2:2663,2668
me-10-1:2666,2663
me-5:2536,2545
me-6:2538,2409,1823,1793
me-7:2274,2535,2536,2547,2546,1823,2537
me-7-1:2535,2536,2547,2546,2537
me-7-3:2535,2536,2547,2546,2537
me-7-2:2535,2536,2547,2546,2537
me-7-4:2535,2536,2547,2546,2537
os-1:1,4,3
os-1-1:2966,80,1,3
os-1-2:2228,2229,1244,4,1221
os-1-3:4,3023
os-1-4:2230,2231,1,4,3
os-2:1,4,2922,3,73
os-3-1:2966,1,2232,3
os-3-2-1:1,4,3
os-3-2-1-1:2233,2922
os-3-2-1-2:2922,2234,2235
os-3-2-1-3:2922,2234
os-3-2-2:2233,1,2922,2234,3
os-3-2-3:1,2922,3
os-3-2-4:2237
os-3-2-4-1:2237
os-3-2-4-2:2237
os-3-3:1,2922,3
os-3-4:1,4,3023,3
os-3-9:2958,3006,2784,3258,2336,2226,1,3
os-3-5:1,3
os-3-5-1:2238,3153,1,3
os-3-5-2:2238,3153,1,3
os-3-5-3:2238,3153,1,3
os-3-5-4:2238,3153,1,3
os-3-6:1,4,3
os-3-7:1,2922,3
os-3-8:1,2922,3
os-3-10:1,3154,4,3
os-3-10-1:1,3154,4,3
os-3-10-2:1,3154,4,3
os-3-10-3:1,3154,4,3
os-3-10-4:1,3154,4,3
os-3-11:1,2922,2234,3
os-3-12:1,2922,2234,3
os-3-13:1,2966,2234,3
os-3-13-1:1,2966,2234,3
os-3-13-2:1,2966,2234,3
os-3-14:1,2922,3
os-3-15:1,4,3
os-3-16:2958,3006,2784,3258,2336,2226,1,3
os-3-17:1,2922,3
os-3-17-1:1,2922,2234,3
os-3-17-2:1,2922,2234,3
os-3-18:1,4,3
os-4:4
os-4-1:1,3
os-4-2:3155
os-4-2-1:3155
os-4-2-2:3155
os-4-2-3:3155
os-4-3:1,3
os-4-3-1:1,4,3
os-4-3-2:1,4,3
os-4-3-3:1,4,3,73
os-4-4:1,2922,3
os-4-4-1:1,2922,3,843
os-4-4-2:1,2922,3,843
os-4-4-3:1,2922,3,843
os-4-4-4:1,3,2203,843
os-4-4-5:1,2922,3,843
os-4-4-6:1,2922,3,843
os-4-5:2062
os-4-5-1:2062,2234
os-4-5-2:2062,2234
os-4-5-3:2062,2234
os-4-6:1,3,1261
os-4-7-1:1,3
os-4-7-2:1,3
os-4-8:1,3
os-4-8-1:1,2922,3
os-4-8-2:1,2922,3
os-4-9:1,3
os-4-9-1:1,2234,3
os-4-9-2:1,3
os-4-9-3:1,3
os-4-9-4:1,3
os-4-9-5:1,3
os-4-9-6:1,3
os-4-9-7:1,3156,3
os-4-9-8:1,3
os-4-9-9:1,2240,3,1,3
os-4-9-9-3:1,2240,3,1,3,2537
os-4-9-9-4:1,2240,3,1,3
os-4-9-9-5:1,2538,3366,2240,3,1,3
os-4-9-9-6:1,2240,3,1,3
os-4-9-10:1,3,134
os-4-9-11:1,3
os-4-9-12:1,3,3157
os-4-9-13:1,3
os-4-9-14:1,3,73
os-4-10:2242,1,3
os-4-11:2243
os-4-12:50,1,2922,3,2244,2245
os-5:3367
os-5-1:3367
os-5-2:3367
os-6:1,4,3
os-7:1,2922
os-7-1:2922,2504
os-7-2:2922,2504
os-8:1,4,2787
os-8-1:3136,2787
os-8-2:3136,2787
os-8-3:3136,2787
os-9:4
os-9-1:4,3158
os-9-2:4,3158
os-9-3:4,3158
os-9-4:4,3158
os-9-5:4,3158
os-10-1:3368,1,3
os-10-2-1:1682,1571,3159
os-10-2-2:3159
os-10-2-3:3159
os-10-2-4:3159
os-10-2-5:3159
os-10-3:1733
os-10-4:1634
os-10-5:3369,2234,1634
os-10-7:1272
os-10-8:3370,1272,1248,1221
os-10-9:1822,1272,2246,3066
os-10-10:2234,1911,2247
os-11-1:1,2924,3
os-11-2:2248,1,2924,3
os-11-3:1388,1,1295,3
os-11-4:1,1295,2249,3
os-11-5:1,2527,1,3,3,2251,2956
os-11-5-1:1,2527,1,3,3,2251,2956
os-11-5-2:1,2527,1,3,3,2251,2956
os-11-5-3:1,2527,1,3,3,2251,2956
os-11-5-4:1,2527,1,3,3,2251,2956
os-11-5-5:1,2527,1,3,3,2251,2956
os-11-5-6:1,2527,1,3,3,2251,2956
os-11-5-7:1,2527,1,3,3,2251,2956
os-11-5-8:1,2527,1,3,3,2251,2956
os-11-6:1,2924,3
os-11-6-1:1,2924,3,3371
os-11-6-2:1,2924,3,3371
os-11-6-3:1,2924,3,3371
os-11-6-4:1,2924,3,3371,1221
os-11-6-5:1,2924,3,3371
os-11-6-6:1,2924,3,3371
os-11-7:1,2924,3
os-11-8-1:1,2924,3,3161
os-11-8-2:1,2924,3,3161
os-11-8-3:1,2924,3,3161
os-11-8-4:1,2924,3,3161
os-11-8-5:1,2924,3,3161
os-11-8-6:1,2924,3,3161
os-11-8-7:1,2924,3,3161
os-11-8-8:1,2924,3,3161
os-11-8-9:1,2924,3,3161
os-11-9:1,2924,3
os-11-10:1,3
os-11-10-1:1,3
os-11-10-1-1:1,3
os-11-10-1-2:1,3
os-11-10-2:5679,1,3,2967
os-11-10-3:1,2254,3
os-11-11-1:1,3
os-11-11-1-1:1,2255,3
os-11-11-1-2:1,2255,3
os-11-11-1-3:1,2255,3
os-11-11-1-4:1,2255,3
os-11-11-1-5:1,2255,3
os-11-11-1-6:1,2255,3
os-11-11-1-7:1,2255,3
os-11-11-1-8:1,2255,3
os-11-11-1-9:1,2255,3
os-11-11-2:1,3
os-11-11-3:1,3
os-11-11-3-1:1,3
os-11-11-3-2:1,3
os-11-11-3-3:1,3
os-11-11-3-4:1,3
os-11-11-3-5:1,3
os-11-11-3-6:1,3
os-11-11-3-7:1,3
os-11-11-3-8:1,3
os-11-11-4:1,3
os-11-11-4-1:5679,1,2256,3
os-11-11-4-2:5679,1,2256,3
os-11-11-5:1,3,2257,3162
os-11-11-6:1,3
os-11-11-6-1:1,3
os-11-11-6-2:1,3
os-11-11-6-3:1,3
os-11-11-6-4:1,3
os-11-11-6-5:1,3
os-11-11-6-6:1,3
os-11-11-7:1,3
os-11-11-7-1:1,3,2257,3162,2258
os-11-11-7-2:1,2914,3,3162,5685
os-11-11-7-2-1:1,2254,2914,3,3162,5685
os-11-11-7-2-2:3162
os-11-11-7-2-2-1:1,2914,3,3162,5685
os-11-11-7-2-2-2:1,2254,2914,3,3162,5685
os-11-11-7-3:1,3,2914,5685
os-11-11-7-3-1:1,3,2914,1,3162,3,2967,5685
os-11-11-7-3-2:2967,1,3,1,3162,3
os-11-11-7-3-3:1,3,2914,1,3162,3,2967,5685
os-11-11-7-3-4:1,3,1,3162,3,2967
os-11-11-7-3-5:1,3,1,3162,3,2967
os-12-1:50,1,3
os-12-3:2261,2262,2234
os-12-4:50,2234
os-12-5:4,2263,73
os-12-6:4,2234,2219
os-13-1:2092,2264,2265,2266,3165
os-13-2:2092,2264,2267,3166,2266
os-13-2-1:2922
os-13-2-1-1:1,3166,2922,3
os-13-2-1-2:1,3166,2922,3
os-13-2-2:2092,2264,3166,2266,2914,5685
os-13-2-3:2264,3166
os-13-2-4:2264,3166,2914,5685
os-13-2-5:1,3
os-13-3:1,1272,3,2268
os-13-4:2092,2264,2266,3165
os-13-5:2240,3165
os-13-6:4,3165
os-13-7:1682,1,1,2270,3,4,3
os-13-8:1,2271,4,3
os-13-9:2234
os-13-10:1682,1272,4
os-14:1,3
os-14-1:1,2956,3
os-14-2:1,2272,3
os-14-3:1,3
rc-1:1,3
rc-2:30,1,3
rc-3:1,3
se-4-4-1:30,5033,5034,5035,5036,5037
so:3167
so-4:2642,2643,2644,2645
so-1:2646,1859,3167,1733,2648
so-1-1:3372,2646,1859,3167,1733,2648
so-1-15:2649,2642,2650,2651,2646,2652,2653
so-1-15-1:2649,2642,2651,2646,2652,2653
so-1-2:2654,2646,1859,3167,1733,2648
so-1-2-11:2654,2646,1859,3167,1733,2648
so-1-2-12:2654,2646,1859,3167,1733,2648
so-1-2-13:2654,2646,1859,3167,1733,2648
so-1-2-1:2654,2646,1859,3167,1733,2648
so-1-2-14:2654,2646,1859,3167,1733,2648
so-1-2-8:2654,2646,1859,3167,1733,2648
so-1-3:2642,2646,1859,3167,2655,1733,2648
so-1-3-1:2642,2646,1859,3167,2655,1733,2648
so-1-4:2646,1859,3167,1733,2648,2656
so-1-5:2646,1859,3167,1733,2648
so-1-6:2657,2646,1859,3167,1733,2648
so-1-7:3373,2646,1859,3167,1733,2648
so-1-8:2364,2659,2660,3374,3375,2646,1859,3167,1733,2661,2648
so-1-9:2646,1859,3167,1733,2648
so-1-10:2646,1859,3167,1733,2648
so-1-10-1:2646,1859,3167,1733,2648
so-1-10-2:3376,2646,1859,3167,1733,2648
so-1-10-3:3377,2646,1859,3167,1733,2648
so-1-10-4:3378,2646,1859,3167,1733,2648
so-1-10-5:3379,2646,1859,3167,1733,2648
so-1-10-6:2646,1859,3167,1733,2648
so-1-10-7:2646,1859,3167,1733,2648
so-1-10-8:2646,1859,3167,1733,2648
so-1-10-9:2646,1859,3167,1733,2648
so-1-10-10:2646,1859,3167,1733,2648
so-1-11:2646,1859,3167,1733,2648
so-1-12:2646,1859,3167,1733,2648
so-1-13:2646,1859,3167,1733,2648
so-1-14:2662,2646,1859,3167,1733,2648
so-2:1859,3167
so-2-1:2663,2664,1859,3167
so-2-2:2663,1859,3167,2665
so-2-3:2666,2663,1859,3167
so-2-4:2667,2663,1859,3167,2668
so-2-5:2663,2669,1859,3167
so-2-9:2667,2663,1859,3167
so-2-8:2663,1859,3167
so-2-6:2663,2670,1859,3167
so-2-7:3167
so-3:2672,2673,2674,2676,3168,4678,2677,3380,2678
so-3-1:2672,2673,2674,2676,3168,2677,3380,2678
so-3-2:2672,2673,2674,2676,3168,2677,3380,2678
sg:1,3
sg-1:2336,1,4,3,11033
sg-1-1:1,3,11033
sg-1-1-1:50,30,1,7487,2780,3,11033,837,11202
sg-1-1-2:30,1,1205,3,11033
sg-1-1-3:1,7266,3,11033
sg-1-1-4:50,30,6990,1,3,11033
sg-1-1-4-8:50,30,6990,1,3,11033
sg-1-1-4-11:50,30,6990,1,3,11033
sg-1-1-4-7:50,30,6990,1,3,11033
sg-1-1-4-1:50,30,6990,1,2843,10750,3,11033,837
sg-1-1-4-2:50,30,6990,1,3,11033
sg-1-1-4-2-8:50,30,6990,1,3,11033
sg-1-1-4-2-1:50,30,6990,7205,1,3,11033,11057
sg-1-1-4-2-2:50,30,6990,1,7270,7412,3,11033
sg-1-1-4-2-6:50,30,6990,1,3,11033
sg-1-1-4-2-7:50,30,6990,1,3,11033
sg-1-1-4-2-5:50,30,6990,1,3,11033
sg-1-1-4-2-3:50,30,6990,1,3,11033
sg-1-1-4-2-9:50,30,6990,1,3,11033
sg-1-1-4-2-4:50,30,6990,1,3,11033,11182
sg-1-1-4-3:50,30,6990,7206,1,7411,3,11033,11179
sg-1-1-4-3-2:50,30,6990,7206,1,7411,3,11033,11179
sg-1-1-4-3-1:50,30,6990,7206,1,7411,3,11033,11179
sg-1-1-4-9:50,30,6990,1,3,11033
sg-1-1-4-4:50,30,6990,1,2843,3,11033,837
sg-1-1-4-10:50,30,6990,1,3,11033
sg-1-1-4-5:50,30,6990,1,2843,3,11033,837
sg-1-1-4-6:50,30,6990,1,3,11033
sg-1-1-7:30,2336,7214,80,1,7276,2783,128,3,3009,846,87,11033,837,847
sg-1-1-5:1,3,11033,11154
sg-1-1-5-5:1,3,11033,11154
sg-1-1-5-1:1,3,11033,11154
sg-1-1-5-1-1:1,7486,3,11033,11154
sg-1-1-5-1-2:1,10755,3,11033,11154
sg-1-1-5-2:1,3,11033,11154
sg-1-1-5-3:1,3,11033,11154
sg-1-1-5-4:1,3,11033,11154
sg-1-1-6:2844,1206,1,7485,6741,3,11033
sg-1-28:1,3,11033
sg-1-2:7056,1,3,11033
sg-1-2-17:7056,1,3,11033
sg-1-2-1:7056,1,3,5,11033
sg-1-2-1-1:7056,1,3,5,11033
sg-1-2-1-2:7056,1,3,10805,10807,10808,5,11033
sg-1-2-16:7056,1,3,11033
sg-1-2-2:50,30,7056,1,5071,1208,2780,3,11033,837
sg-1-2-15:7056,1,3,11033
sg-1-2-20:7056,1,3,11033
sg-1-2-18:7056,1,3,11033
sg-1-2-3:50,30,7056,7055,1,7510,1208,2780,5680,3,11033,837
sg-1-2-3-1:50,30,7056,7055,1,7433,7510,1208,2780,5680,3,11033,837
sg-1-2-3-4:50,30,7056,7055,1,7433,7510,1208,2780,5680,3,11033,837
sg-1-2-3-2:50,30,7056,7055,1,7433,7510,1208,2780,5680,3,11033,837
sg-1-2-4:30,7056,1,3,11033
sg-1-2-5:7056,1,7556,10705,3,5,11033
sg-1-2-6:7056,1,10717,3,5,11033
sg-1-2-7:30,7056,1,3,10800,11033
sg-1-2-8:50,30,7056,1,3,11033
sg-1-2-8-1:50,30,7056,7067,1,3,11033
sg-1-2-8-2:50,30,7056,1,3,11033,837
sg-1-2-8-2-1:50,30,7056,1,3,11033,837
sg-1-2-8-2-2:50,30,7056,1,3,11033,837
sg-1-2-8-8:50,30,7056,1,3,11033
sg-1-2-8-9:50,30,7056,1,3,11033
sg-1-2-8-6:50,30,7056,1,3,11033
sg-1-2-8-3:50,30,7056,7057,1,7484,10643,3,11033
sg-1-2-8-3-3:50,30,7056,7057,1,7484,10643,3,11033
sg-1-2-8-3-2:50,30,7056,7057,1,7484,10643,3,11033
sg-1-2-8-3-4:50,30,7056,7057,1,7484,10643,3,11033
sg-1-2-8-7:50,30,7056,1,3,11033
sg-1-2-8-4:50,30,7056,7195,1,3,10810,11033
sg-1-2-8-11:50,30,7056,1,3,11033
sg-1-2-8-5:50,30,7056,7196,1,10620,10697,3,11033
sg-1-2-8-5-4:50,30,7056,7196,1,10620,10697,3,11033
sg-1-2-8-5-1:50,30,7056,7196,1,10620,10697,3,11033
sg-1-2-8-5-2:50,30,7056,7196,1,10620,10697,3,11033
sg-1-2-8-10:50,30,7056,1,3,11033
sg-1-2-9:30,7056,1682,1571,1,3,11033,11154
sg-1-2-9-1:30,7056,7066,7180,1,10728,3,11033,11154
sg-1-2-9-1-4:30,7056,7066,7180,1,10728,3,11033,11154
sg-1-2-9-1-2:30,7056,7066,7180,1,10728,3,11033,11154
sg-1-2-9-1-3:30,7056,7066,7180,1,10728,3,11033,11154
sg-1-2-9-11:30,7056,1682,1571,1,3,11033,11154
sg-1-2-9-2:30,7056,1,3,11033,11154
sg-1-2-9-12:30,7056,1682,1571,1,3,11033,11154
sg-1-2-9-3:30,7056,1,3,11033,11154
sg-1-2-9-13:30,7056,1682,1571,1,3,11033,11154
sg-1-2-9-4:30,7056,1,3,10801,11033,11154
sg-1-2-9-5:30,7056,1,3,10802,11033,11154
sg-1-2-9-6:30,7056,1,3,11033,11154
sg-1-2-9-7:30,7056,1,3,11033,11101,11154
sg-1-2-9-8:30,7056,1682,1571,1,3,11033,11154
sg-1-2-9-9:30,7056,1682,1571,1,3,11033,11154
sg-1-2-9-10:30,7056,1682,1571,1,3,11033,11154
sg-1-2-10:30,7056,7062,2845,1209,1,2914,3,11033,1210
sg-1-2-11:2844,1206,7056,1970,1,3,10941,11033
sg-1-2-11-1:2844,1206,7056,1970,1,3,10941,11033
sg-1-2-11-2:2844,1206,7056,1970,1,3,10941,11033
sg-1-2-19:7056,1,3,11033
sg-1-2-12:7056,1,1212,2989,7416,3,10803,11033
sg-1-2-13:30,7056,2845,1209,1,2914,3,3169,11033
sg-1-2-14:2844,1206,7056,1,3,11010,11033
sg-1-2-14-2:2844,1206,7056,1,3,11010,11033
sg-1-2-14-1:2844,1206,7056,1,3,11010,11033
sg-1-3:1,3,11033
sg-1-3-8:1,3,11033
sg-1-3-6:1,3,11033
sg-1-3-1:7059,1,7277,3,11033
sg-1-3-1-1:7059,1,7277,1205,3,11033,1214
sg-1-3-1-9:7059,1,7277,3,11033
sg-1-3-1-8:7059,1,7277,3,11033
sg-1-3-1-6:7059,1,7277,3,11033
sg-1-3-1-2:30,2846,7059,7060,1,7277,7278,4,3,11033
sg-1-3-1-2-1:30,2846,7059,7060,1,7277,7278,4,3,11033
sg-1-3-1-2-2:30,2846,7059,7060,1,7277,7278,4,3,11033
sg-1-3-1-3:30,2846,7059,1,7277,3,2965,11033
sg-1-3-1-4:30,7059,1,7277,3,11033
sg-1-3-1-7:7059,1,7277,3,11033
sg-1-3-1-5:30,7059,7061,1,7277,4,1205,3,11033,1214
sg-1-3-2:30,5329,2846,1,4,3,11033,1214
sg-1-3-2-4:30,5329,2846,1,4,3,11033,1214
sg-1-3-2-1:30,5329,2846,1,4,3,11033,1214
sg-1-3-2-2:30,5329,2846,1,4,3,11033,1214
sg-1-3-2-3:30,5329,2846,1,4,3,11033,1214
sg-1-3-7:1,3,11033
sg-1-3-5:30,2336,80,1,7306,2783,128,3,3009,846,87,11033,837,847
sg-1-3-3:30,1,3,10987,11033
sg-1-3-3-8:30,1,3,10987,11033
sg-1-3-3-6:30,1,3,10987,11033
sg-1-3-3-1:30,7054,1,3,10987,11033
sg-1-3-3-2:30,1,3,10987,11033
sg-1-3-3-3:30,1,3,10987,11033
sg-1-3-3-7:30,1,3,10987,11033
sg-1-3-3-9:30,1,3,10987,11033
sg-1-3-3-4:30,1,3,10987,11033
sg-1-3-3-4-4:30,1,3,10987,11033
sg-1-3-3-4-1:30,1,3,10987,11033
sg-1-3-3-4-3:30,1,3,10987,11033
sg-1-3-3-4-2:30,1,3,10987,11033
sg-1-3-3-5:30,1,3,10987,11033
sg-1-3-4:2844,1206,1,3,11033
sg-1-32:1,3,11033
sg-1-4:1,3,11033
sg-1-4-1:50,30,1,3,11033
sg-1-4-1-4:50,30,1,2780,3,11033,837,11129
sg-1-4-1-4-1:50,30,1,7509,2780,3,11033,837
sg-1-4-1-4-2:50,30,1,2780,3,11033,837
sg-1-4-1-4-3:50,30,1,2780,10711,3,11033,837
sg-1-4-1-4-4:50,30,1,2780,3,11033,837
sg-1-4-1-5:50,30,1,2843,3,11033,837
sg-1-4-1-1:50,30,1,3,11033
sg-1-4-1-1-1:50,30,1,3,11033
sg-1-4-1-1-2:50,30,1,3,11033
sg-1-4-1-1-3:50,30,1,3,11033
sg-1-4-1-2:50,30,1,3,11033
sg-1-4-1-2-1:50,30,1,3,11033
sg-1-4-1-2-2:50,30,1,3,11033
sg-1-4-1-2-3:50,30,1,3,11033
sg-1-4-1-2-4:50,30,1,3,11033
sg-1-4-1-8:50,30,1,3,11033
sg-1-4-1-3:50,30,1,2843,3,11033,837
sg-1-4-1-7:50,30,1,3,11033
sg-1-4-1-6:50,30,1,10615,10756,3,11033
sg-1-4-2:1,10757,3,11033
sg-1-4-2-1:50,30,1,2780,10757,3,11033,837
sg-1-4-2-8:30,1,10757,3,11033
sg-1-4-2-2:30,1,7436,7538,10674,10757,3,11033
sg-1-4-2-6:30,1,10757,3,11033
sg-1-4-2-3:30,1,7280,10757,3,11033
sg-1-4-2-3-1:30,1,7280,10757,3,11033
sg-1-4-2-3-6:30,1,7280,10757,3,11033
sg-1-4-2-3-2:30,1,7280,10757,3,11033
sg-1-4-2-3-7:30,1,7280,10757,3,11033
sg-1-4-2-3-3:30,1,7280,10757,3,11033
sg-1-4-2-3-5:30,1,7280,10757,3,11033
sg-1-4-2-3-4:30,1,7280,10757,3,11033
sg-1-4-2-4:30,1,10757,3,2847,11033
sg-1-4-2-4-1:30,1,10757,3,2847,11033
sg-1-4-2-4-2:30,1,7373,10757,3,2847,11033
sg-1-4-2-4-3:30,1,10757,3,2847,10838,11033
sg-1-4-2-4-4:30,1,10757,3,2847,11033
sg-1-4-2-4-5:30,1,10757,3,2847,10961,11033
sg-1-4-2-4-6:30,1,10752,10753,10757,3,10837,2847,11033
sg-1-4-2-4-7:30,7027,1,10757,3,2847,11014,11033
sg-1-4-2-4-8:30,1,10757,3,2847,11033
sg-1-4-2-4-9:30,1,10757,3,2847,11033
sg-1-4-2-5:30,1,10757,3,11033,11060
sg-1-4-2-9:30,1,10757,3,11033
sg-1-4-2-7:30,1,10757,3,11033
sg-1-4-3:1,7283,4,3,11033
sg-1-4-3-7:1,7283,4,3,11033
sg-1-4-3-1:1,7283,4,3,11033
sg-1-4-3-9:1,7283,4,3,11033
sg-1-4-3-2:1,7283,2848,10727,3,11033
sg-1-4-3-3:1,7283,4,3,11033
sg-1-4-3-6:1,7283,4,3,11033
sg-1-4-3-8:1,7283,4,3,11033
sg-1-4-3-4:1,7283,4,3,11033
sg-1-4-3-10:1,7283,4,3,11033
sg-1-4-3-5:1,7283,4,3,11033
sg-1-4-4:7154,1,4,3,11033
sg-1-4-5:50,30,2779,1,10695,3,11033,837,11239
sg-1-4-6:30,7125,1,3,11033
sg-1-4-6-1:30,7125,7130,1,3,11033
sg-1-4-6-9:30,7125,1,3,11033
sg-1-4-6-5:30,7125,1,3,11033
sg-1-4-6-6:30,7125,1,3,11033
sg-1-4-6-2:30,7125,1,7571,10744,3,11033
sg-1-4-6-3:30,7125,1,3,11033
sg-1-4-6-7:30,7125,1,3,11033
sg-1-4-6-4:30,7125,1,3,10953,11033
sg-1-4-6-8:30,7125,1,3,11033
sg-1-5:30,1,3,11033
sg-1-5-4:30,1,3,11033
sg-1-5-1:30,1,3,11033
sg-1-5-2:30,7172,1,3,11033
sg-1-5-3:30,1,1205,3,11033
sg-1-5-6:30,1,3,11033
sg-1-5-5:30,1,3,11033
sg-1-6:1,3,11033
sg-1-6-6:1,3,10820,11033,11056
sg-1-6-3:1,3,10820,11033,11056
sg-1-6-1:1,3,10820,11033,11056
sg-1-6-4:1,3,10820,11033,11056
sg-1-6-7:1,3,10820,11033,11056
sg-1-6-5:1,3,10820,11033,11056
sg-1-7:1,3,11033
sg-1-7-1:50,30,7005,1,3,11033
sg-1-7-2:7148,1,3,11033
sg-1-7-2-1:7148,1,3,11033
sg-1-7-2-4:7148,1,3,11033
sg-1-7-2-5:7148,1,3,11033
sg-1-7-2-2:7148,1,10694,3,11033,11034
sg-1-7-2-7:7148,1,3,11033
sg-1-7-2-3:7148,1,3,11033
sg-1-7-2-6:7148,1,3,11033
sg-1-7-3:1,3,11033
sg-1-7-3-1:1,3,11033
sg-1-7-3-2:1,3,11033
sg-1-7-4:1,3,5,11033
sg-1-7-4-1:1,3,5,11033
sg-1-7-4-2:1,7301,7459,3,5,11033
sg-1-7-4-5:1,3,5,11033
sg-1-7-4-3:1,3,5,11033
sg-1-7-4-6:1,3,5,11033
sg-1-7-4-4:1,3,5,11033
sg-1-7-5:1,3,5,11033
sg-1-7-5-3:1,3,5,11033
sg-1-7-5-1:1,3,10785,10786,5,11033
sg-1-7-5-2:1,3,10787,5,11033
sg-1-7-6:1,10708,3,11033
sg-1-7-7:1,2786,3,5,11033
sg-1-7-7-1:1,2786,3,5,11033
sg-1-7-7-2:1,2786,3,5,11033
sg-1-7-8:2779,1,3,10873,5,11033
sg-1-7-12:1,3,11033
sg-1-7-9:1,3,3170,5,11033,11178
sg-1-7-9-1:1,3,3170,5,11033,11178
sg-1-7-9-2:1,3,3170,5,11033,11178
sg-1-7-10:1,10655,4,3,5,11033
sg-1-7-10-4:1,10655,4,3,5,11033
sg-1-7-10-6:1,10655,4,3,5,11033
sg-1-7-10-2:10655,5,11033
sg-1-7-10-1:1,7446,10655,4,10720,3,5,11033
sg-1-7-10-3:1,10655,4,3,5,11033,11221
sg-1-7-11:1,10609,4,3,11033
sg-1-8:1,3,11033
sg-1-8-9:1,3,11033
sg-1-8-1:2844,1206,1,7310,7311,3,10940,11033
sg-1-8-2:1,7313,7315,3,11033
sg-1-8-2-6:7063,1,7313,7315,4,3,11033
sg-1-8-2-1:7063,1,7315,4,3,11033
sg-1-8-2-2:7063,1,7313,7315,4,3,11033
sg-1-8-2-3:7063,1,7313,7315,4,3,11033
sg-1-8-2-8:7063,1,7313,7315,4,3,11033
sg-1-8-2-4:7063,1,7313,7315,4,3,11033
sg-1-8-2-7:7063,1,7313,7315,4,3,11033
sg-1-8-3:30,2845,1,7314,2914,3,11033,11089,11225,11226,5685
sg-1-8-10:1,3,11033
sg-1-8-4:1,7312,2849,3,11033
sg-1-8-5:50,30,1,3,11033
sg-1-8-5-4:50,30,1,3,11033
sg-1-8-5-6:50,30,1,3,11033
sg-1-8-5-5:50,30,1,3,11033
sg-1-8-5-1:50,30,1,2780,3,11033,837
sg-1-8-5-1-3:50,30,1,2780,3,11033,837
sg-1-8-5-1-2:50,30,1,2780,3,11033,837
sg-1-8-5-1-1:50,30,1,2780,3,11033,837
sg-1-8-5-1-4:50,30,1,2780,3,11033,837
sg-1-8-5-8:50,30,1,3,11033
sg-1-8-5-2:50,30,1,7316,3,11033
sg-1-8-5-3:50,30,1,7317,7319,3,11033
sg-1-8-5-3-1:50,30,1,7317,7319,3,11033
sg-1-8-5-3-2:50,30,1,7317,7319,3,11033
sg-1-8-5-7:50,30,1,3,11033
sg-1-8-11:1,3,11033
sg-1-8-8:30,2336,80,1,7318,2783,128,6774,3,3009,846,87,11016,11033,837,847
sg-1-8-6:30,1,7320,7322,4,3,11033,11066,11067
sg-1-8-7:30,1,7323,3,11033
sg-1-8-7-10:30,1,7323,3,11033
sg-1-8-7-1:30,7068,1,7323,3,11033
sg-1-8-7-2:30,1,7323,3,11033
sg-1-8-7-3:30,1,7323,3,11033,11077
sg-1-8-7-4:30,1,7323,3,11033
sg-1-8-7-5:30,1,7323,7434,3,11033
sg-1-8-7-5-3:30,1,7323,7434,3,11033
sg-1-8-7-5-2:30,1,7323,7434,3,11033
sg-1-8-7-5-1:30,1,7323,7434,3,11033
sg-1-8-7-6:30,1,7323,3,11033
sg-1-8-7-6-3:30,1,7323,3,11033
sg-1-8-7-6-2:30,1,7323,3,11033
sg-1-8-7-6-1:30,1,7323,3,11033
sg-1-8-7-7:30,1,7323,3,10799,11033
sg-1-8-7-8:30,1,7323,3,10862,11033
sg-1-8-7-9:30,1,7321,7323,3,11033,11065
sg-1-8-7-11:30,1,7323,3,11033
sg-1-8-12:1,3,11033
sg-1-26:1,3,11033
sg-1-26-2:30,1,7337,7338,4,3,11033
sg-1-26-5:1,3,11033
sg-1-26-3:30,2336,80,1,7339,2783,7549,128,3,3009,846,87,11033,837,847
sg-1-26-1:1,4,3,11033
sg-1-26-4:30,1,7340,3,11033
sg-1-9:1,3,11033
sg-1-9-1:7049,1,4,3,11033
sg-1-9-5:1,3,11033
sg-1-9-3:1,3,11033
sg-1-9-4:1,3,11033
sg-1-9-7:1,3,11033
sg-1-9-2:30,2336,80,1,3418,2783,128,3,10814,10815,3009,846,87,11013,11033,837,847
sg-1-9-2-2:30,2336,80,1,3418,2783,128,3,10814,10815,3009,846,87,11013,11033,837,847
sg-1-9-2-1:30,2336,80,1,3418,2783,128,3,10814,10815,3009,846,87,11013,11033,837,847
sg-1-9-2-3:30,2336,80,1,3418,2783,128,3,10814,10815,3009,846,87,11013,11033,837,847
sg-1-9-6:1,3,11033
sg-1-10:1,7422,3,11033
sg-1-10-1:50,30,1,7422,3,11033
sg-1-10-1-1:30,1,7422,3,11033
sg-1-10-1-2:50,30,1,7262,7422,2780,3,11033,837
sg-1-10-1-2-1:50,30,1,7262,7422,2780,3,11033,837
sg-1-10-1-2-2:50,30,1,7262,7422,2780,3,11033,837
sg-1-10-1-3:50,30,1,7262,7422,2843,3,11033,837
sg-1-10-1-3-2:50,30,1,7262,7422,2843,3,11033,837
sg-1-10-1-3-1:50,30,1,7262,7422,2843,3,11033,837
sg-1-10-1-6:50,30,1,7422,3,11033
sg-1-10-1-4:50,30,1,7422,6760,10696,3,11033
sg-1-10-1-7:50,30,1,7422,3,11033
sg-1-10-1-5:30,1,7422,3,11033
sg-1-10-2:30,1,7421,7422,3,11033
sg-1-10-2-6:30,1,7421,7422,3,11033
sg-1-10-2-2:30,1,7421,7422,3,11033
sg-1-10-2-5:30,1,7421,7422,3,11033
sg-1-10-2-4:30,1,7421,7422,3,11033
sg-1-10-2-3:30,1,7421,7422,3,11033
sg-1-10-2-1:30,1,7421,7422,3,11033
sg-1-10-5:1,7422,3,11033
sg-1-10-3:30,1,7422,7423,3,11033
sg-1-10-3-10:30,1,7422,7423,3,11033
sg-1-10-3-1:30,7135,1,7422,7423,3,11033
sg-1-10-3-2:30,1,7422,7423,3,11033
sg-1-10-3-3:30,1,7422,7423,3,11033
sg-1-10-3-4:30,1,7422,7423,3,11033
sg-1-10-3-5:30,1,7422,7423,10684,3,11033
sg-1-10-3-6:30,1,7422,7423,3,11033
sg-1-10-3-7:30,1,7422,7423,3,11033
sg-1-10-3-8:30,1,7422,7423,3,11033
sg-1-10-3-9:30,1,7422,7423,3,11033
sg-1-10-4:50,1,7420,7422,1216,1208,3,11033
sg-1-10-4-1:50,1,7400,7420,7422,1216,1208,3,11033,11237
sg-1-10-4-2:50,7128,1,7420,7422,1216,1208,3,11033
sg-1-10-4-5:50,1,7420,7422,1216,1208,3,11033
sg-1-10-4-3:30,1,7420,7422,3,11033
sg-1-10-4-4:50,7126,1,7420,7422,1216,1208,3,11033
sg-1-10-4-4-2:50,7126,1,7420,7422,1216,1208,3,11033
sg-1-10-4-4-1:50,7126,1,7420,7422,1216,1208,3,11033
sg-1-11:1,3,11033
sg-1-11-13:1,3,11033
sg-1-11-1:50,30,1,3,10830,11033
sg-1-11-1-1:50,30,1,7506,2780,3,10830,11033,837
sg-1-11-1-1-2:50,30,1,7506,2780,3,10830,11033,837
sg-1-11-1-1-1:50,30,1,7506,2780,3,10830,11033,837
sg-1-11-1-1-3:50,30,1,7506,2780,3,10830,11033,837
sg-1-11-1-8:50,30,1,3,10830,11033
sg-1-11-1-6:50,30,1,3,10830,11033
sg-1-11-1-9:50,30,1,3,10830,11033
sg-1-11-1-2:50,30,1,3,10830,11033
sg-1-11-1-3:50,30,1,10698,3,10830,11033
sg-1-11-1-3-2:50,30,1,10698,3,10830,11033
sg-1-11-1-3-1:50,30,1,10698,3,10830,11033
sg-1-11-1-5:50,30,1,3,10830,11033
sg-1-11-1-4:50,30,1,3,10830,11033
sg-1-11-1-4-2:50,30,1,3,10830,11033
sg-1-11-1-4-1:50,30,1,3,10830,11033
sg-1-11-1-4-4:50,30,1,3,10830,11033
sg-1-11-1-4-5:50,30,1,3,10830,11033
sg-1-11-1-4-3:50,30,1,3,10830,11033
sg-1-11-1-7:50,30,1,3,10830,11033
sg-1-11-12:30,2336,80,1,7490,2783,128,10746,3,3009,846,87,11033,837,847
sg-1-11-12-1:30,2336,80,1,7490,2783,128,10746,3,3009,846,87,11033,837,847
sg-1-11-12-2:30,2336,80,1,7490,2783,128,10746,3,3009,846,87,11033,837,847
sg-1-11-2:7036,2844,1206,1,7427,7428,3,11033
sg-1-11-14:1,3,11033
sg-1-11-3:30,1,7429,1205,3,11033
sg-1-11-4:30,1,3,11033,11046,11049,2850
sg-1-11-4-1:30,1,3,11033,11046,11049,2850
sg-1-11-4-2:30,1,3,11033,11046,11049,2850
sg-1-11-5:30,1,7430,3,11033
sg-1-11-5-1:30,1,7430,7519,3,11033,11154
sg-1-11-5-2:30,1,7430,7543,3,11033
sg-1-11-5-3:30,1,7430,3,10860,11033
sg-1-11-5-4:30,1,7430,3,11033
sg-1-11-5-5:30,1,7430,3,11033
sg-1-11-5-5-3:30,1,7430,3,11033
sg-1-11-5-5-1:30,1,7430,3,11033
sg-1-11-5-5-2:30,1,7430,3,11033
sg-1-11-5-6:30,1,7430,3,11033
sg-1-11-5-7:30,1,7430,3,11033
sg-1-11-6:2844,1206,1,10651,3,11033
sg-1-11-7:1,2851,3,10809,11033
sg-1-11-8:30,1,7512,10652,1205,3,11033
sg-1-11-9:1,3,11033
sg-1-11-9-5:1,3,11033
sg-1-11-9-1:1,10654,3,11033
sg-1-11-9-7:1,3,11033
sg-1-11-9-6:1,3,11033
sg-1-11-9-4:1,3,11033
sg-1-11-9-2:1,3,1217,1218,11033
sg-1-11-9-3:1,1208,3,11033,2850
sg-1-11-10:30,1,10653,3,11033,2850,11061
sg-1-11-10-1:30,1,10653,3,11033,2850,11061
sg-1-11-10-2:30,1,10653,3,11033,2850,11061
sg-1-11-11:30,1,3,11033,11155
sg-1-11-11-4:30,1,3,11033,11155
sg-1-11-11-1:30,1,3,11033,11155
sg-1-11-11-2:30,1,3,11033,11155
sg-1-11-11-3:30,1,3,11033,11155
sg-1-11-11-5:30,1,3,11033,11155
sg-1-12:1,3,11033
sg-1-12-11:1,3,11033
sg-1-12-1:30,1,3,11033
sg-1-12-1-1:30,1,3,11033
sg-1-12-1-2:30,1,3,11033
sg-1-12-1-3:30,1,3,10967,11033
sg-1-12-1-4:30,1,3,10994,11033
sg-1-12-1-5:30,1,3,11033
sg-1-12-1-6:30,1,3,11033
sg-1-12-1-7:30,1,3,11033,11158
sg-1-12-1-7-2:30,1,3,11033,11158
sg-1-12-1-7-1:30,1,3,11033,11158
sg-1-12-1-8:30,1,3,11033
sg-1-12-1-9:30,1,3,11033
sg-1-12-1-14:30,1,3,11033
sg-1-12-1-10:30,1,3,10866,11033
sg-1-12-1-13:30,1,3,11033
sg-1-12-1-11:30,1,3,11033
sg-1-12-1-12:30,1,3,11033,11157
sg-1-12-2:2844,1206,1,10621,3,11033
sg-1-12-2-1:7037,2844,1206,1,10621,3,10811,11033
sg-1-12-2-1-1:7037,2844,1206,1,10621,3,10811,11033
sg-1-12-2-1-2:7037,2844,1206,1,10621,3,10811,11033
sg-1-12-2-2:1206,1,10621,4,3,10834,11033
sg-1-12-2-3:2844,1206,1,10621,3,11033
sg-1-12-12:1,3,11033
sg-1-12-3:30,1,7596,1205,3,11033
sg-1-12-3-3:30,1,7596,1205,3,11033
sg-1-12-3-1:30,1,7596,1205,3,11033
sg-1-12-3-2:30,1,7596,1205,3,11033
sg-1-12-4:1,7342,3,11033
sg-1-12-4-9:1,7342,3,11033
sg-1-12-4-1:50,30,1,7296,7342,7457,10669,3,11033
sg-1-12-4-11:1,7342,3,11033
sg-1-12-4-2:50,30,1,7342,7508,2780,3,11033,837
sg-1-12-4-3:1,7342,7517,2852,3,11033
sg-1-12-4-4:50,30,1,7342,7413,3,1217,11033
sg-1-12-4-10:1,7342,3,11033
sg-1-12-4-12:1,7342,3,11033
sg-1-12-4-5:50,30,1,7342,2843,3,11033,837
sg-1-12-4-5-2:50,30,1,7342,2843,3,11033,837
sg-1-12-4-5-1:50,30,1,7342,2843,3,11033,837
sg-1-12-4-6:50,30,1,7342,3,11033
sg-1-12-4-6-5:50,30,1,7342,3,11033
sg-1-12-4-6-4:50,30,1,7342,3,11033
sg-1-12-4-6-3:50,30,1,7342,3,11033
sg-1-12-4-6-1:50,30,1,7342,3,11033
sg-1-12-4-7:50,30,1,7342,7598,3,11033
sg-1-12-4-7-2:50,30,1,7342,7598,3,11033
sg-1-12-4-7-1:50,30,1,7342,7598,3,11033
sg-1-12-4-8:50,30,1,7342,1219,3,11033
sg-1-12-4-13:1,7342,3,11033
sg-1-12-5:30,1,3,10914,11033
sg-1-12-6:1,3,11033,11050
sg-1-12-6-1:1,3,11033,11050
sg-1-12-6-2:1,3,11033,11050
sg-1-12-6-5:1,3,11033,11050
sg-1-12-6-6:1,3,11033,11050
sg-1-12-6-3:1,3,11033,11050,11110,11112
sg-1-12-6-4:1,10602,3,11033,11050,11201
sg-1-12-7:1,7597,10630,3,11033
sg-1-12-7-1:30,1220,7122,7124,1388,7127,1,1208,7597,10630,3,11033
sg-1-12-7-4:30,1,1208,7597,10630,3,11033
sg-1-12-7-3:30,1,1208,7597,10630,3,11033
sg-1-12-7-2:30,1,7244,1208,7597,10630,3,11033,2850
sg-1-12-8:30,1,3,11033,11047,2850
sg-1-12-9:1,7287,3,11033
sg-1-12-9-1:30,7142,1,7287,3,87,11033
sg-1-12-9-2:1,7287,3,10981,11033
sg-1-12-9-2-2:1,7287,3,10981,11033
sg-1-12-9-2-3:1,7287,3,10981,11033
sg-1-12-9-2-1:1,7287,3,10981,11033
sg-1-12-9-2-4:1,7287,3,10981,11033
sg-1-12-9-10:1,7287,3,11033
sg-1-12-9-3:1,7287,2790,10601,3,10849,11033
sg-1-12-9-3-2:1,7287,2790,10601,3,10849,11033
sg-1-12-9-3-4:1,7287,2790,10601,3,10849,11033
sg-1-12-9-3-5:1,7287,2790,10601,3,10849,11033
sg-1-12-9-4:1,7287,7553,3,11033
sg-1-12-9-9:1,7287,3,11033
sg-1-12-9-8:1,7287,3,11033
sg-1-12-9-6:1,7287,3,11033
sg-1-12-9-5:1,7287,10650,3,11033
sg-1-12-9-7:1,7287,3,11033
sg-1-12-10:30,1,3,87,11033,837
sg-1-12-10-1:30,1,3,87,11033,837
sg-1-12-10-2:30,1,3,87,11033,837,11136
sg-1-12-10-3:30,1,3,87,11033,837
sg-1-12-10-4:30,1682,1571,7141,1,3,87,11033,837
sg-1-12-10-5:30,1,3,87,11033,837
sg-1-12-10-6:30,7120,1,3,87,11033,837
sg-1-12-10-6-2:30,7120,1,3,87,11033,837
sg-1-12-10-6-1:30,7120,1,3,87,11033,837
sg-1-27:1,3,11033
sg-1-27-2:1,3,11033
sg-1-27-2-1:30,2844,1206,1,3,11033
sg-1-27-2-2:50,30,1,2780,3,11033,837
sg-1-27-2-3:50,30,1,3,11033
sg-1-27-2-4:30,1,3,11033
sg-1-27-1:1,3,11033
sg-1-27-1-1:30,2844,1206,1,3,11033
sg-1-27-1-3:50,30,1,3,11033
sg-1-27-1-2:30,1,3,11033,2850
sg-1-27-1-4:30,1,3,11033
sg-1-13:1,3,11033
sg-1-13-22:1,3,11033
sg-1-13-1:50,30,1,3,10885,11033
sg-1-13-23:1,3,11033
sg-1-13-2:50,30,7020,1,8455,3,11033
sg-1-13-19:1,3,11033
sg-1-13-18:1,3,11033
sg-1-13-3:2784,1,3,11033
sg-1-13-3-1:2784,1,3,11033
sg-1-13-3-2:1,2786,3,11033
sg-1-13-3-3:1,2777,3,11033
sg-1-13-3-5:2784,1,3,11033
sg-1-13-3-4:2784,1,3,11033
sg-1-13-4:7040,1,3,11033
sg-1-13-4-3:7040,1,2790,3,11033
sg-1-13-4-2:7040,1,2790,3,11033
sg-1-13-4-4:7040,1,2790,3,11033
sg-1-13-4-1:7040,1,2790,3,11033
sg-1-13-5:1,4,3,1221,10836,11033
sg-1-13-21:1,3,11033
sg-1-13-6:1,4,3,11033
sg-1-13-6-1:1,4,3,11033
sg-1-13-6-2:1,4,3,11033,11214
sg-1-13-6-3:6884,1,4,3,10841,11033
sg-1-13-7:30,1,7540,3,11033
sg-1-13-8:1,4,3,11033
sg-1-13-9:1,2964,10706,10707,3,11033
sg-1-13-9-1:1,2964,10706,10707,3,11033
sg-1-13-9-2:1,2964,10706,10707,3,11033
sg-1-13-9-3:1,2964,10706,10707,3,11033
sg-1-13-17:1,3,11033
sg-1-13-10:1,1205,2848,3,11033
sg-1-13-10-1:1,1205,2848,3,11033
sg-1-13-10-2:1,1205,2848,3,11033
sg-1-13-10-3:1,1205,2848,3,11033
sg-1-13-11:1,3,11033
sg-1-13-11-3:1,3,11033
sg-1-13-11-2:1,3,11033
sg-1-13-11-1:1,3,11033
sg-1-13-12:1,3,5,11033
sg-1-13-13:1682,1571,1,3,1221,11033,1214
sg-1-13-14:50,30,7155,1,3381,3,5,11033
sg-1-13-20:1,3,11033
sg-1-13-15:1,3,11033
sg-1-13-15-1:1,3,11033
sg-1-13-15-2:1,3,11033
sg-1-13-15-3:1,3,11033
sg-1-13-16:30,1,10743,3,11033
sg-1-14:1,7557,3,11033
sg-1-14-10:1,7557,3,11033
sg-1-14-1:1,7557,3,11033
sg-1-14-1-2:1,7557,3,11033
sg-1-14-1-1:1,7557,3,11033
sg-1-14-1-3:1,7557,3,11033
sg-1-14-2:1,7557,3,11033
sg-1-14-2-5:1,7233,7447,2843,7557,3,11033
sg-1-14-2-2:1,7233,7447,2843,7557,3,11033
sg-1-14-2-1:1,7233,7447,2843,7557,3,11033
sg-1-14-2-6:1,7233,7447,2843,7557,3,11033
sg-1-14-2-3:1,7233,7447,2843,7557,3,11033
sg-1-14-2-4:1,7233,7447,2843,7557,3,11033
sg-1-14-3:30,1,7557,3,11033,6822
sg-1-14-8:1,7557,3,11033
sg-1-14-11:1,7557,3,11033
sg-1-14-4:1,7557,1222,3,11033
sg-1-14-5:30,1,7557,3,11033
sg-1-14-5-1:30,1,7557,3,11033
sg-1-14-5-2:30,1,7557,3,11033
sg-1-14-5-2-2:30,1,7557,3,11033
sg-1-14-5-2-3:30,1,7557,3,11033
sg-1-14-5-2-1:30,1,7557,3,11033
sg-1-14-5-3:30,1,7557,3,11033
sg-1-14-5-4:30,1,7557,3,11033
sg-1-14-5-4-1:30,1,7557,3,11033
sg-1-14-5-4-2:30,1,7557,3,11033
sg-1-14-5-5:30,1,7557,3,11033
sg-1-14-5-6:30,1,7557,3,11033
sg-1-14-5-8:30,1,7557,3,11033
sg-1-14-5-7:30,1,7557,3,11033
sg-1-14-5-7-1:30,1,7557,3,11033
sg-1-14-9:1,7557,3,11033
sg-1-14-6:1,2989,7557,3,73,11033
sg-1-14-7:1,7557,3,11033
sg-1-31:1,3,11033
sg-1-15:1,3,11033
sg-1-15-1:6989,2844,1206,1,1223,3,5,11033
sg-1-15-1-1:6989,2844,1206,1,1223,3,5,11033
sg-1-15-1-2:6989,2844,1206,1,1223,3,5,11033
sg-1-15-9:1,3,11033
sg-1-15-2:30,1,2842,3,1,2841,3,10827,11033
sg-1-15-3:50,30,1,3,11033
sg-1-15-8:1,3,11033
sg-1-15-7:30,2336,80,1,2783,128,10745,3,10962,3009,846,87,11033,837,847
sg-1-15-4:30,1,3,10848,11033
sg-1-15-4-11:30,1,3,10848,11033
sg-1-15-4-1:30,1,3,10848,11033,11154
sg-1-15-4-2:30,1,7542,3,10848,11033
sg-1-15-4-3:30,1,3,10848,11033
sg-1-15-4-12:30,1,3,10848,11033
sg-1-15-4-10:30,1,3,10848,11033
sg-1-15-4-4:30,1,3,10848,11033
sg-1-15-4-13:30,1,3,10848,11033
sg-1-15-4-5:30,1,3,10848,11033,11114
sg-1-15-4-6:30,1,3,10848,11033
sg-1-15-4-7:30,1,3,10848,11033
sg-1-15-4-7-2:30,1,3,10848,11033
sg-1-15-4-7-1:30,1,3,10848,11033
sg-1-15-4-8:30,1,3,10848,11033
sg-1-15-5:30,1,3,3426,3427,2854,10845,1218,11033
sg-1-15-6:30,1,3,3426,3427,2854,1218,11033
sg-1-16:1,3,10909,11033
sg-1-16-4:30,1,3,10909,11033
sg-1-16-7:30,1,3,10909,11033
sg-1-16-1:30,2845,1,3,10909,11033
sg-1-16-2:50,30,1,2780,3,10909,11033,837
sg-1-16-5:30,1,3,10909,11033
sg-1-16-6:30,1,3,10909,11033
sg-1-16-3:30,1,3,10908,10909,11033
sg-1-16-3-1:30,1,3,10908,10909,11033
sg-1-16-3-5:30,1,3,10908,10909,11033
sg-1-16-3-2:30,1,3,10908,10909,11033
sg-1-16-3-3:30,7052,1,3,10908,10909,11033
sg-1-16-3-4:30,1,3,10908,10909,11033
sg-1-17:1,3,10913,11033
sg-1-17-7:1,3,10913,11033
sg-1-17-8:1,3,10913,11033
sg-1-17-1:2844,1206,1,3,10913,11033,11053
sg-1-17-2:50,30,1,2780,3,10913,11033,837
sg-1-17-9:1,3,10913,11033
sg-1-17-3:30,1,2989,7514,3,2965,10913,11033
sg-1-17-4:1,10721,3,10913,11033
sg-1-17-4-6:50,30,1,2843,10721,3,10911,10913,11033
sg-1-17-4-5:50,30,1,2843,10721,3,10911,10913,11033
sg-1-17-4-2:50,30,1,2843,10721,3,10911,10913,11033
sg-1-17-4-1:50,30,1,2843,10721,3,10911,10913,11033
sg-1-17-4-3:50,30,1,2843,10721,3,10911,10913,11033
sg-1-17-4-4:50,30,1,2843,10721,3,10911,10913,11033
sg-1-17-6:30,2336,80,1,2783,128,3,10913,3009,846,87,11033,11062,11064,837,847
sg-1-17-5:30,1,3,10912,10913,11033
sg-1-17-5-3:30,1,3,10912,10913,11033
sg-1-17-5-7:30,1,3,10912,10913,11033
sg-1-17-5-1:30,1,3,10912,10913,11033,11117
sg-1-17-5-5:30,1,3,10912,10913,11033
sg-1-17-5-9:30,1,3,10912,10913,11033
sg-1-17-5-8:30,1,3,10912,10913,11033
sg-1-17-5-2:30,1,3,10912,10913,11033
sg-1-17-5-6:30,1,3,10912,10913,11033
sg-1-17-5-4:30,1,3,10912,10913,11033
sg-1-18:1,3,11033
sg-1-18-9:1,3,11033
sg-1-18-1:30,7034,7035,2844,1206,1682,1571,7119,1,3,11004,11033
sg-1-18-2:1,3,11033
sg-1-18-2-2:1,3,11033
sg-1-18-2-1:1,3,11033
sg-1-18-3:50,30,1,7448,7518,2780,3,11033,837,11242
sg-1-18-3-1:50,30,1,7448,7518,2780,3,11033,837,11242
sg-1-18-3-2:50,30,1,7448,7518,2780,3,11033,837,11242
sg-1-18-4:1,3,11033
sg-1-18-4-1:1,3,11033
sg-1-18-4-7:1,3,11033
sg-1-18-4-2:1,7304,7305,3,11033
sg-1-18-4-3:1,3,11005,11006,11033
sg-1-18-4-10:1,3,11033
sg-1-18-4-4:1,8470,3,11033
sg-1-18-4-5:1,3,11033
sg-1-18-4-9:1,3,11033
sg-1-18-4-11:1,3,11033
sg-1-18-4-6:1,3,11007,11033
sg-1-18-4-6-2:1,3,11007,11033
sg-1-18-4-6-1:1,3,11007,11033
sg-1-18-4-8:1,3,11033
sg-1-18-5:30,1,7513,1205,3,11008,11033
sg-1-18-6:1,3,11033
sg-1-18-6-5:30,1,3,10960,11033
sg-1-18-6-2:30,1,3,10960,11033
sg-1-18-6-4:30,1,3,10960,11033
sg-1-18-6-3:30,1,3,10960,11033
sg-1-18-6-1:30,1,3,10960,11033
sg-1-18-6-1-1:30,6995,1,5090,3,10960,11033
sg-1-18-6-1-2:30,1,3,10960,11033
sg-1-18-6-1-3:30,1,3,10960,11033
sg-1-18-8:30,6994,2336,80,1,2783,128,3,3009,846,87,11033,11063,837,847
sg-1-18-7:30,1,3,11033
sg-1-18-7-1:30,1,3,10816,11033
sg-1-18-7-2:30,1,3,11033,11080
sg-1-18-7-7:30,1,3,11033
sg-1-18-7-3:30,1,7551,3,11033
sg-1-18-7-4:30,1,3,10863,10865,11033
sg-1-18-7-5:30,1,3,11003,11033
sg-1-18-7-6:30,1,10688,3,11033
sg-1-19:1,3,11033
sg-1-19-1:7033,2844,1206,1,7565,7566,3,10884,11033
sg-1-19-3:1,3,11033
sg-1-19-2:30,1,3,11033,11154
sg-1-19-2-1:30,1,3,11033,11154
sg-1-19-2-10:30,1,3,11033,11154
sg-1-19-2-2:30,1,3,11033,11154
sg-1-19-2-3:30,1,3,11033,11154
sg-1-19-2-9:30,1,3,11033,11154
sg-1-19-2-4:30,1,3,11033,11154
sg-1-19-2-5:30,1,3,11033,11154
sg-1-19-2-6:30,1,7567,3,11033,11154
sg-1-19-2-7:30,1,3,11033,11154
sg-1-19-2-8:30,1,3,11033,11154
sg-1-20:1,3,11033
sg-1-20-1:7039,1,3,11033
sg-1-20-1-3:7039,1,3,11033
sg-1-20-1-2:7039,1,3,11033
sg-1-20-1-1:7039,1,3,11033
sg-1-20-10:1,3,11033
sg-1-20-2:1,6045,3,1221,11021,11033,11173
sg-1-20-3:1,3,10823,11033
sg-1-20-4:2844,1206,1,7419,3,11033,11119,11120
sg-1-20-5:1,2855,3,11033
sg-1-20-6:1682,1571,1,3,11033
sg-1-20-6-6:1682,1571,1,3,11033
sg-1-20-6-1:1,4,3,10842,5,11033
sg-1-20-6-8:1682,1571,1,3,11033
sg-1-20-6-2:1,3,11033
sg-1-20-6-7:1682,1571,1,3,11033
sg-1-20-6-3:1,7546,3,5,11033,2203
sg-1-20-6-3-1:1,7546,3,5,11033,2203
sg-1-20-6-3-2:1,7546,3,5,11033,2203
sg-1-20-6-3-3:1,7546,3,5,11033,2203,11111
sg-1-20-6-3-3-2:1,7546,3,5,11033,2203,11111
sg-1-20-6-3-3-1:1,7546,3,5,11033,2203,11111
sg-1-20-6-4:1,3,11033
sg-1-20-6-5:1,3,1227,2856,2857,73,5,11033
sg-1-20-7:30,1,3,3426,3427,2854,1218,11033,1228,11121
sg-1-20-9:30,2336,80,1,2783,128,3,10844,3009,846,87,11033,837,847
sg-1-20-8:30,1,3,11033,11156
sg-1-20-8-1:30,1,3,11033,11156
sg-1-20-8-2:30,1,3,11033,11156
sg-1-20-8-3:30,1,3,11033,11156
sg-1-20-8-8:30,1,3,11033,11156
sg-1-20-8-4:30,7053,1,3,10864,11033,11156
sg-1-20-8-4-1:30,7053,1,3,10864,11033,11156
sg-1-20-8-4-2:30,7053,1,3,10864,11033,11156
sg-1-20-8-9:30,1,3,11033,11156
sg-1-20-8-7:30,1,3,11033,11156
sg-1-20-8-5:30,1,3,11033,11156
sg-1-20-8-6:30,1,3,11033,11156
sg-1-21:1,3,11033,11145
sg-1-21-1:1,8464,3,11019,11033,11145
sg-1-21-2:1,7326,3,11033,11145
sg-1-21-3:1,3,10797,10798,11033,11145
sg-1-21-4:1,3,1218,11033,11145
sg-1-21-5:1,3,11033,11145
sg-1-21-5-1:1,3,11033,11145
sg-1-21-5-2:1,3,11033,11145
sg-1-21-6:7064,1,3,11033,11145
sg-1-21-16:1,3,11033,11145
sg-1-21-7:1,4,3,11033,10365,11145
sg-1-21-8:1,3,11033,11041,11042,11145
sg-1-21-15:1,3,11033,11145
sg-1-21-9:1,3,1218,11033,11145
sg-1-21-10:30,1,3,11033,11147,11145
sg-1-21-10-1:30,1,3,11033,11147,11145
sg-1-21-10-2:30,1,3,10886,11033,11147,11145
sg-1-21-10-7:30,1,3,11033,11147,11145
sg-1-21-10-3:30,1,3,11033,11147,11145
sg-1-21-10-4:30,1,3,11033,11147,11145
sg-1-21-10-8:30,1,3,11033,11147,11145
sg-1-21-10-6:30,1,3,11033,11147,11145
sg-1-21-10-5:30,1,3,11033,11147,11145
sg-1-21-17:1,3,11033,11145
sg-1-21-11:30,1,3,11033,11145
sg-1-21-12:30,1,3,11017,11018,11033,11145,11146,11148
sg-1-21-18:1,3,11033,11145
sg-1-21-13:1,3,11033,11043,11145
sg-1-21-14:1,3,11033,11145
sg-1-30:1,3,11033
sg-1-29:1,3,11033
sg-1-22:1,3,11033
sg-1-22-7:1,3,11033
sg-1-22-1:1,1205,3,10874,11033
sg-1-22-6:1,3,11033
sg-1-22-2:1,3,10829,11033
sg-1-22-2-3:50,30,1,3,10829,11033
sg-1-22-2-4:50,30,1,3,10829,11033
sg-1-22-2-5:50,30,1,3,10829,11033
sg-1-22-2-2:50,30,1,3,10829,11033
sg-1-22-2-1:50,30,1,3,10829,11033
sg-1-22-2-6:50,30,1,3,10829,11033
sg-1-22-5:1,3,11033
sg-1-22-3:30,1,3,11033
sg-1-22-3-1:30,1,3,11033
sg-1-22-3-3:30,1,3,11033
sg-1-22-3-4:30,1,3,11033
sg-1-22-3-6:30,1,3,11033
sg-1-22-3-5:30,1,3,11033
sg-1-22-3-2:30,1,3,11033
sg-1-22-3-7:30,1,3,11033
sg-1-22-4:2844,1206,1682,1571,1,10603,3,11033
sg-1-23:1,3,11033
sg-1-23-1:1,3,11033
sg-1-23-2:1,3,11033
sg-1-23-3:1,3,11033,11188
sg-1-24:1,3,11033
sg-1-24-1:2844,1206,1,3,11033,11191
sg-1-24-2:1,7391,3,11033
sg-1-24-5:1,3,11033
sg-1-24-3:30,1,7515,1205,3,11033,11192
sg-1-24-6:1,3,11033
sg-1-24-4:30,1,3,11033
sg-1-24-4-1:30,1,3,11033
sg-1-24-4-2:30,1,3,11033
sg-1-24-4-3:30,1,3,11033
sg-1-24-4-4:30,1,3,11033
sg-1-24-4-5:30,1,3,11033
sg-1-24-4-6:30,1,3,11033
sg-1-24-4-7:30,1,3,11033
sg-1-24-4-8:30,1,3,11033
sg-1-24-4-9:30,1,3,11033
sg-1-25:1,3,11033
sg-1-25-1:1,3,11033
sg-1-25-1-7:50,1,3,11033
sg-1-25-1-3:50,1,3,11033
sg-1-25-1-6:50,1,3,11033
sg-1-25-1-4:50,1,3,11033
sg-1-25-1-1:50,1,2843,7584,3,11033
sg-1-25-1-8:50,1,3,11033
sg-1-25-1-2:50,30,1,10642,3,11033
sg-1-25-1-5:50,1,3,11033
sg-1-25-2:30,1,3,11033
sg-1-25-2-1:30,1,3,11033,11240
sg-1-25-2-2:30,1,3,11033
sg-1-25-2-12:30,1,3,11033
sg-1-25-2-3:30,1,3,11033,11241
sg-1-25-2-4:30,1,3,11033
sg-1-25-2-5:30,1,3,11033
sg-1-25-2-6:30,1,3,10977,11033
sg-1-25-2-11:30,1,3,11033
sg-1-25-2-7:30,1,3,11033
sg-1-25-2-8:30,1,3,11033
sg-1-25-2-9:30,7048,1,3,11033
sg-2:12755,2336,1,4,3,1716
sg-2-30:1,3
sg-2-1:1,2858,3
sg-2-1-1:1,2858,3
sg-2-1-2:1,2858,3
sg-2-2:1,2858,2979,3
sg-2-3:1,5896,3
sg-2-3-5:1,5896,3
sg-2-3-1:7031,1,2768,5896,3
sg-2-3-2:7032,1,5896,3
sg-2-3-3:1,5896,3
sg-2-3-6:1,5896,3
sg-2-3-4:1,5896,3
sg-2-3-7:1,5896,3
sg-2-28:1,3
sg-2-4:1,3
sg-2-4-1:1,7250,3
sg-2-4-1-1:1,7398,3
sg-2-4-1-1-4:1,7398,3
sg-2-4-1-1-3:1,7398,3
sg-2-4-1-1-5:1,7398,3
sg-2-4-1-1-7:1,7398,3
sg-2-4-1-1-6:1,7398,3
sg-2-4-1-1-1:1,7398,3,10882
sg-2-4-1-1-2:1,7398,3
sg-2-4-1-2:1682,1571,1,7261,7403,3
sg-2-4-1-2-1:1,7261,7403,3
sg-2-4-1-2-2:1,7261,7403,7405,3
sg-2-4-1-2-3:1,7261,5499,7403,3
sg-2-4-1-2-4:1,7261,7403,7404,3
sg-2-4-1-2-7:1682,1571,1,7261,7403,3
sg-2-4-1-2-5:1682,1571,1,7261,7403,7589,7590,3
sg-2-4-1-2-10:1682,1571,1,7261,7403,3
sg-2-4-1-2-8:1682,1571,1,7261,7403,3
sg-2-4-1-2-6:1,7261,7403,3
sg-2-4-1-2-9:1682,1571,1,7261,7403,3
sg-2-4-1-6:1,7250,3
sg-2-4-1-3:1,3
sg-2-4-1-3-7:1,3
sg-2-4-1-3-5:1,3
sg-2-4-1-3-3:1,3
sg-2-4-1-3-1:1,5502,3,10910
sg-2-4-1-3-4:1,3
sg-2-4-1-3-6:1,3
sg-2-4-1-3-2:1,3
sg-2-4-1-4:1,3
sg-2-4-1-4-3:1,3
sg-2-4-1-4-4:1,3
sg-2-4-1-4-5:1,3
sg-2-4-1-4-1:1,10773,3
sg-2-4-1-4-2:1,3
sg-2-4-1-5:1,7291,3
sg-2-4-1-5-1:1,7291,10683,3
sg-2-4-1-5-2:1,7291,3
sg-2-4-1-5-3:1,7291,3
sg-2-4-1-5-18:1,7291,3
sg-2-4-1-5-15:1,7291,3
sg-2-4-1-5-4:1,7291,3
sg-2-4-1-5-5:1,7291,3,11163
sg-2-4-1-5-6:1,7291,3
sg-2-4-1-5-7:1,7291,7299,3
sg-2-4-1-5-17:1,7291,3
sg-2-4-1-5-8:1,7291,10713,3
sg-2-4-1-5-9:1,7291,3
sg-2-4-1-5-10:1,7291,3,10851
sg-2-4-1-5-16:1,7291,3
sg-2-4-1-5-11:1,7291,3,11164,11165
sg-2-4-1-5-11-2:1,7291,3,11164,11165
sg-2-4-1-5-11-1:1,7291,3,11164,11165
sg-2-4-1-5-12:1,7291,3
sg-2-4-1-5-13:1,7291,3
sg-2-4-1-5-14:1,7291,3
sg-2-4-2:1,3
sg-2-4-2-1:1682,1571,1,3
sg-2-4-2-1-1:1,3
sg-2-4-2-1-2:1,7378,10606,3
sg-2-4-2-1-2-1:1,7378,10606,3
sg-2-4-2-1-2-2:1,7378,10606,3
sg-2-4-2-2:1682,1571,1,7379,2979,3,1229
sg-2-4-2-2-1:1,7379,2979,3,1229
sg-2-4-2-2-2:1,7379,7380,2979,3,1229
sg-2-4-2-2-3:1,7379,2979,3,10781,1229
sg-2-4-2-2-4:1,7379,2979,3,1229
sg-2-4-2-8:1,3
sg-2-4-2-3:1682,1571,1,2979,3,1229
sg-2-4-2-6:1,3
sg-2-4-2-4:1,7295,3
sg-2-4-2-4-1:1,7295,7588,3
sg-2-4-2-4-2:1,7295,7572,3,11045
sg-2-4-2-5:1682,1571,1,2979,5255,3
sg-2-4-2-5-2:1682,1571,1,2979,5255,3
sg-2-4-2-5-1:1682,1571,1,2979,5255,3
sg-2-4-2-5-3:1682,1571,1,2979,5255,3
sg-2-4-2-7:1,3
sg-2-4-4:1,3
sg-2-4-3:30,1682,1571,1,2858,3382,3,10904
sg-2-5:2844,1,2859,3
sg-2-6:1,3,1230
sg-2-6-1:1,3,1230
sg-2-6-4:1,3,1230
sg-2-6-2:1,3,1230
sg-2-6-3:1,3,1230
sg-2-7:1,1231,3
sg-2-7-4:1,1231,3
sg-2-7-2:1,1231,3
sg-2-7-5:1,1231,3
sg-2-7-3:1,1231,3
sg-2-7-1:1,1231,3
sg-2-8:1,2964,3
sg-2-8-1:1,3
sg-2-8-2:2964
sg-2-8-3:1,2964,7470,8460,3
sg-2-8-4:1,3
sg-2-8-5:2964
sg-2-9:1,2859,3
sg-2-10:1,1222,3
sg-2-11:1,3
sg-2-11-6:1,3
sg-2-11-1:1,3
sg-2-11-7:1,3
sg-2-11-2:1,3
sg-2-11-3:1,3
sg-2-11-8:1,3
sg-2-11-9:1,3
sg-2-11-4:1,3,10351
sg-2-11-5:1,3
sg-2-12:1,2858,3,10899
sg-2-13:1,7303,7560,3
sg-2-13-2:1,7303,7560,3
sg-2-13-5:1,7303,7560,3
sg-2-13-1:1,7303,7560,3
sg-2-13-3:1,7303,7560,3
sg-2-13-4:1,7303,7560,3
sg-2-27:1,3
sg-2-14:1,3,5096
sg-2-14-5:1,3,5096
sg-2-14-1:1,3,5096
sg-2-14-4:1,3,5096
sg-2-14-2:1,3,5096
sg-2-15:2844,7147,1,3
sg-2-15-1:2844,7147,1,3
sg-2-15-2:2844,7147,1,3
sg-2-15-3:2844,7147,1,3
sg-2-15-4:2844,7147,1,3
sg-2-15-5:2844,7147,1,3
sg-2-15-6:2844,7147,1,3,10861
sg-2-31:1,3
sg-2-16:7019,1,1232,3
sg-2-17:2860,1,4,3,10840
sg-2-17-2:2860,1,4,3,10840
sg-2-17-3:2860,1,4,3,10840
sg-2-17-1:2860,1,4,3,10840
sg-2-18:2844,1206,1,3
sg-2-29:1,3
sg-2-19:1,3
sg-2-20:50,5,1,10673,4,8535,3
sg-2-20-1:50,5,1682,1571,1,10673,4,8535,3
sg-2-20-2:50,5,1,10664,10673,4,8535,3
sg-2-20-2-1:50,5,1,10664,10673,4,8535,3
sg-2-20-2-4:50,5,1,10664,10673,4,8535,3
sg-2-20-2-2:50,5,1,10664,10673,4,8535,3
sg-2-20-2-3:50,5,1,10664,10673,4,8535,3
sg-2-21:1,3,3042
sg-2-22:6991,1,3,11086
sg-2-22-1:6991,1,3,11086
sg-2-22-1-1:6991,1,3,11086
sg-2-22-1-2:6991,1,3,11086,11087
sg-2-22-2:6991,1,3,11086
sg-2-22-2-1:6991,1,5070,3,11086
sg-2-22-2-2:6991,1,3,11086
sg-2-22-3:6991,1,3,11086
sg-2-22-3-1:6991,1,3,11086
sg-2-22-3-2:6991,1,3,11086
sg-2-22-3-3:6991,1,3,11086
sg-2-22-3-4:6991,1,5480,3,11086
sg-2-22-3-5:6991,1,7290,3,11086
sg-2-23:1,2979,3
sg-2-23-1:1,2979,3
sg-2-23-2:1,2979,3
sg-2-24:1,3,11210
sg-2-24-11:1,3,11210
sg-2-24-1:1,3,11210
sg-2-24-1-7:1,4,3,11210
sg-2-24-1-5:1,4,3,11210
sg-2-24-1-1:7047,1,10648,10649,4,3,10806,10993,1233,1234,11210
sg-2-24-1-2:1,7496,4,3,11210
sg-2-24-1-2-1:1,7496,4,3,11210
sg-2-24-1-2-5:1,7496,4,3,11210
sg-2-24-1-2-3:1,7496,4,3,11210
sg-2-24-1-2-2:1,7496,4,3,11210
sg-2-24-1-2-4:1,7496,4,3,11210
sg-2-24-1-3:2861,1,1235,4,3,11210
sg-2-24-1-6:1,4,3,11210
sg-2-24-1-4:1,4,3,11210
sg-2-24-2:1,4,3,11205,11210
sg-2-24-2-1:1,7384,4,3,11205,11210
sg-2-24-2-5:1,4,3,11205,11210
sg-2-24-2-2:1,10628,4,3,11205,11210
sg-2-24-2-3:1,4,3,10929,11205,11210
sg-2-24-2-3-1:1,4,3,10929,11205,11210
sg-2-24-2-3-3:1,4,3,10929,11205,11210
sg-2-24-2-3-2:1,4,3,10929,11205,11210
sg-2-24-2-4:1,7226,7541,4,3,11205,11210
sg-2-24-2-6:1,4,3,11205,11210
sg-2-24-10:1,3,11210
sg-2-24-3:50,30,5712,1,3,11209,11210
sg-2-24-4:50,30,1,7445,7563,7564,2780,10767,3,837,11210
sg-2-24-4-1:50,30,1,7445,7563,7564,2780,10767,3,837,11210
sg-2-24-4-3:50,30,1,7445,7563,7564,2780,10767,3,837,11210
sg-2-24-4-4:50,30,1,7445,7563,7564,2780,10767,3,837,11210
sg-2-24-4-2:50,30,1,7445,7563,7564,2780,10767,3,837,11210
sg-2-24-5:1,3,11116,11210
sg-2-24-5-1:1,3,11116,11210
sg-2-24-5-2:1,1597,3,11116,11210
sg-2-24-5-2-1:1,1597,3,11116,11210
sg-2-24-5-2-3:1,1597,3,11116,11210
sg-2-24-5-2-2:1,1597,3,11116,11210
sg-2-24-5-8:1,3,11116,11210
sg-2-24-5-6:1,3,11116,11210
sg-2-24-5-4:1,3,11116,11210
sg-2-24-5-5:1,3,11116,11210
sg-2-24-5-7:1,3,11116,11210
sg-2-24-5-3:1,3,11116,11208,11210
sg-2-24-5-3-2:1,3,11116,11208,11210
sg-2-24-5-3-1:1,3,11116,11208,11210
sg-2-24-6:1,3,11210
sg-2-24-6-1:1,7492,7494,1237,3,10821,1238,10927,11210
sg-2-24-6-1-1:1,7492,7494,1237,3,10821,1238,10927,11210
sg-2-24-6-1-2:1,7492,7494,1237,3,10821,1238,10927,11210
sg-2-24-6-2:1,3,1238,10887,10996,11207,11210
sg-2-24-6-3:1,7294,1237,10681,3,1238,11210
sg-2-24-6-3-1:1,7294,1237,10681,3,1238,11210
sg-2-24-6-3-2:1,7294,1237,10681,3,1238,11210
sg-2-24-6-3-4:1,7294,1237,10681,3,1238,11210
sg-2-24-6-3-3:1,7294,1237,10681,3,1238,11210
sg-2-24-6-4:1,1237,3,1238,11210
sg-2-24-7:1,3,11210
sg-2-24-9:1,3,11210
sg-2-24-8:1,3,11210
sg-2-25:1,3
sg-2-25-1:1,3
sg-2-25-2:1,3
sg-2-25-3:1,3
sg-2-26:1,3
sg-2-26-1:1,3
sg-2-26-1-4:1,3
sg-2-26-1-5:1,3
sg-2-26-1-1:1,3,10778
sg-2-26-1-1-2:1,3,10778
sg-2-26-1-2:1,3
sg-2-26-1-2-2:1,3
sg-2-26-1-3:1,9740,3
sg-2-26-1-3-2:1,9740,3
sg-2-26-1-3-3:1,9740,3
sg-2-26-1-3-1:1,9740,3
sg-2-26-10:1,3
sg-2-26-8:1,3
sg-2-26-2:1,4,3
sg-2-26-9:1,3
sg-2-26-3:1,7406,2964,2964,3
sg-2-26-6:1,3
sg-2-26-11:1,3
sg-2-26-4:50,1,2777,3
sg-2-26-5:1,3
sg-2-26-5-1:1,3
sg-2-26-5-2:1,3,11058
sg-2-26-7:1,3
sg-3:1,4,3
sg-3-1:1,3
sg-3-1-1:6983,1,4,3
sg-3-1-1-1:6983,1,4,3
sg-3-1-1-2:6983,1,4,3
sg-3-1-2:30,1,4,3,11105
sg-3-1-2-7:30,1,4,3,11105
sg-3-1-2-1:30,1,4,3,11105
sg-3-1-2-2:30,1,7414,4,3,11105
sg-3-1-2-3:30,1,4,3,11105
sg-3-1-2-4:30,7208,1,4,3,11105
sg-3-1-2-8:30,1,4,3,11105
sg-3-1-2-5:30,1,4,3,11105
sg-3-1-2-6:30,1,4,3,11105
sg-3-1-3:30,1,10672,4,3,10935
sg-3-2:7107,1,3
sg-3-2-1:7105,7107,1,7241,4,3
sg-3-2-2:2844,7107,1,3
sg-3-2-3:7107,1,7332,3
sg-3-2-3-1:2784,7107,7190,1,7328,7332,3
sg-3-2-3-2:7107,1,7332,3
sg-3-2-3-6:7107,1,7332,3
sg-3-2-3-3:7107,1,7332,10616,4,3
sg-3-2-3-5:7107,1,7332,3
sg-3-2-3-4:7107,1,7332,3
sg-3-2-4:7107,7166,1,7333,4,3,10789
sg-3-2-4-1:7107,7165,7166,1,7333,4,3,10789
sg-3-2-4-1-1:7107,7165,7166,1,7333,4,3,10789
sg-3-2-4-1-2:7107,7165,7166,1,7333,4,3,10789
sg-3-2-4-2:7107,7166,1,7329,1239,7333,1240,1241,3172,3173,1242,4,3,10789
sg-3-2-4-3:7107,7166,1,1239,7333,1240,7426,3172,3173,1242,4,3,10789
sg-3-2-5:50,30,7103,7107,1,2780,3,837
sg-3-2-6:7107,1,1,3,1244,1205,3,11072
sg-3-2-7:7107,1,7331,7341,3
sg-3-2-7-1:7104,7107,1,7331,7341,3
sg-3-2-7-5:7107,1,7331,7341,3
sg-3-2-7-2:7102,7107,5733,1,7331,7341,3
sg-3-2-7-3:7107,7223,1,7331,7341,3,10832,11015
sg-3-2-7-7:7107,1,7331,7341,3
sg-3-2-7-4:7107,1,7242,7300,7307,1341,7331,7341,3
sg-3-2-7-9:7107,1,7331,7341,3
sg-3-2-7-8:7107,1,7331,7341,3
sg-3-2-7-6:7107,1,7331,7341,3
sg-3-2-8:7042,7106,7107,1,3,11106
sg-3-2-10:7107,1,3
sg-3-2-9:7107,1,3
sg-3-3:1,3
sg-3-3-1:1,3
sg-3-3-1-4:1,3
sg-3-3-1-2:1,3
sg-3-3-1-3:1,3
sg-3-3-1-1:1,3
sg-3-3-7:1,3
sg-3-3-12:1,3
sg-3-3-2:7038,2844,1206,7151,7152,1,3,10867
sg-3-3-3:50,30,1,2780,3,837
sg-3-3-4:30,1,4,3
sg-3-3-5:30,7153,1,4,3
sg-3-3-8:1,3
sg-3-3-10:1,3
sg-3-3-11:1,3
sg-3-3-9:1,3
sg-3-3-6:50,30,1,4,3,11074,11243
sg-3-13:1,3
sg-3-10:1,3
sg-3-4:1,3
sg-3-4-1:2844,1206,1,3
sg-3-4-2:1,3
sg-3-4-2-5:1,3
sg-3-4-2-6:1,3
sg-3-4-2-4:1,3
sg-3-4-2-1:1,3
sg-3-4-2-2:1,3
sg-3-4-2-3:1,7483,3
sg-3-4-3:30,1,7483,7516,3,10933,11107
sg-3-4-3-1:30,1,7483,7516,3,10933,11107
sg-3-4-3-2:30,1,7483,7516,3,10933,11107
sg-3-5:30,1,2786,1245,3
sg-3-5-1:30,1,2786,1245,3
sg-3-5-2:30,1,2786,1245,3
sg-3-5-3:30,1,2786,1245,3
sg-3-6:1,3,10790
sg-3-6-1:1,3,10790,10791
sg-3-6-9:1,3,10790
sg-3-6-2:1,1205,3,10790,11108
sg-3-6-2-1:1,1205,10726,3,10790,11108
sg-3-6-2-2:1,1205,3,10790,11108
sg-3-6-3:1,1,3,3,10790,10795,1218
sg-3-6-3-5:7191,1,1,3,3,10790,10795,1218
sg-3-6-3-1:7191,1,1,3,3,10790,10795,1218
sg-3-6-3-3:7191,1,1,3,3,10790,10795,1218
sg-3-6-3-4:7191,1,1,3,3,10790,10795,1218
sg-3-6-3-6:7191,1,1,3,3,10790,10795,1218
sg-3-6-3-7:7191,1,1,3,3,10790,10795,1218
sg-3-6-3-2:7191,1,1,3,3,10790,10795,1218
sg-3-6-4:1,3,10790,2862,10792,10794
sg-3-6-4-2:1,3,10790,2862,10792,10794
sg-3-6-4-1:1,3,10790,2862,10792,10794
sg-3-6-5:1,3,10790,10793
sg-3-6-5-1:1,3,10790,10793
sg-3-6-5-2:1,3,10790,10793
sg-3-6-5-3:1,3,10790,10793
sg-3-6-6:1,1272,3,10790,3174
sg-3-6-7:1,3,10790,11104
sg-3-6-8:30,1,1205,3,10790,10796,1214
sg-3-6-8-1:30,1,1205,3,10790,10796,1214
sg-3-6-8-2:30,1,1205,3,10790,10796,1214
sg-3-6-10:1,3,10790
sg-3-9:1,3
sg-3-11:1,3
sg-3-7:1,3,10971
sg-3-7-1:30,1,3,10934,10971
sg-3-7-4:1,3,10971
sg-3-7-2:1,3,10970,10971
sg-3-7-3:1,3,10833,10971
sg-3-12:1,3
sg-3-8:1,3
sg-3-8-1:30,1,3
sg-3-8-6:1,3
sg-3-8-5:1,3
sg-3-8-2:1,7347,7348,3
sg-3-8-2-5:1,7347,7348,4,3
sg-3-8-2-1:1,7347,7348,7464,4,3
sg-3-8-2-4:1,7347,7348,4,3
sg-3-8-2-2:1,7345,7346,7347,7348,4,3,10952
sg-3-8-2-3:1,7347,7348,7349,4,3
sg-3-8-7:1,3
sg-3-8-3:30,1,7350,7351,3
sg-3-8-4:7050,1,7344,4,3
sg-4:2336,1,4,3
sg-4-1:1,3
sg-4-1-1:1,3
sg-4-1-1-1:50,30,1,2780,3,837
sg-4-1-1-2:30,1,2914,3,5685
sg-4-1-1-2-3:30,1,2914,3,5685
sg-4-1-1-2-1:30,1,3
sg-4-1-1-2-4:30,1,2914,3,5685
sg-4-1-1-2-2:2958,3006,3258,2336,2226,1,3
sg-4-1-1-3:7185,1,2914,4,3,5685
sg-4-1-1-3-11:7185,1,2914,4,3,1218,5685
sg-4-1-1-3-1:7185,1,4,3,1218
sg-4-1-1-3-8:7185,1,2914,4,3,1218,5685
sg-4-1-1-3-9:7185,1,2914,4,3,1218,5685
sg-4-1-1-3-7:7185,1,4,3,1218
sg-4-1-1-3-7-1:7185,1,4,3,1218
sg-4-1-1-3-7-3:7185,1,4,3,1218
sg-4-1-1-3-7-2:7185,1,4,3,1218,11036
sg-4-1-1-3-10:7185,1,2914,4,3,1218,5685
sg-4-1-1-3-4:7185,1,4,3,1218
sg-4-1-1-3-5:7185,7187,1,4,3,1218
sg-4-1-1-3-6:7185,7186,1,4,3,1218
sg-4-1-1-4:1682,1571,1,3
sg-4-1-1-4-11:1682,1571,1,3
sg-4-1-1-4-10:1682,1571,1,3
sg-4-1-1-4-1:1,3
sg-4-1-1-4-8:1682,1571,1,3
sg-4-1-1-4-7:1682,1571,1,3
sg-4-1-1-4-9:1682,1571,1,3
sg-4-1-1-4-5:1682,1571,1,3
sg-4-1-1-4-2:1,7272,3,10868,10928
sg-4-1-1-4-4:1682,1571,1,3
sg-4-1-1-4-12:1682,1571,1,3
sg-4-1-1-4-6:1682,1571,1,3
sg-4-1-1-4-3:2958,3006,3258,2336,2226,1,10626,3
sg-4-1-1-4-3-1:2958,3006,3258,2336,2226,1,10626,3
sg-4-1-1-4-3-2:2958,3006,3258,2336,2226,1,10626,3
sg-4-1-1-5:1,4,3,1218,2863
sg-4-1-1-5-1:1,4,3,1218,2863
sg-4-1-1-5-12:1,4,3,1218,2863
sg-4-1-1-5-2:1,10627,4,3,1218,11149,2863
sg-4-1-1-5-3:1,4,3,1218,2863
sg-4-1-1-5-4:1,4,3,1218,2863
sg-4-1-1-5-11:1,4,3,1218,2863
sg-4-1-1-5-5:1,4,3,1218
sg-4-1-1-5-10:1,4,3,1218,2863
sg-4-1-1-5-6:1,10623,4,3,1218,11197,2863
sg-4-1-1-5-7:1,4,3,1218,2863
sg-4-1-1-5-8:1,10624,10625,4,3,1218,2863
sg-4-1-1-5-9:1,10590,4,3,1218,2863,11222
sg-4-1-1-12:1,3
sg-4-1-1-6:1,10758,3
sg-4-1-1-7:1,3383,3,3384
sg-4-1-1-8:1,3,2863
sg-4-1-1-9:7134,1,3,2863
sg-4-1-1-9-5:7134,1,3,2863
sg-4-1-1-9-1:7134,1,3,2863
sg-4-1-1-9-4:7134,1,3,2863
sg-4-1-1-9-3:7134,1,3,2863
sg-4-1-1-9-2:7134,1,3,2863
sg-4-1-1-11:1,3
sg-4-1-1-10:1,7467,3,11223
sg-4-1-1-10-2:1,7467,3,11223
sg-4-1-1-10-1:1,7467,3,11223
sg-4-1-2:1,3
sg-4-1-2-8:1,3
sg-4-1-2-11:1,3
sg-4-1-2-1:50,1,7383,7399,3,10938,837
sg-4-1-2-2:1682,1571,1,10691,3
sg-4-1-2-2-6:1682,1571,1,10691,3
sg-4-1-2-2-1:4997,1,10691,3
sg-4-1-2-2-7:1682,1571,1,10691,3
sg-4-1-2-2-5:1682,1571,1,10691,3
sg-4-1-2-2-8:1682,1571,1,10691,3
sg-4-1-2-2-2:1,10691,3
sg-4-1-2-2-4:1682,1571,1,10691,3
sg-4-1-2-2-3:1,10691,3
sg-4-1-2-3:50,1,3385,10671,3175,3
sg-4-1-2-4:50,30,1,4,3,837
sg-4-1-2-10:1,3
sg-4-1-2-9:1,3
sg-4-1-2-6:30,1,10665,3
sg-4-1-2-6-1:50,30,1,10665,3
sg-4-1-2-6-2:50,30,1,2780,10665,3,87,837
sg-4-1-2-6-2-1:50,30,1,2780,10665,3,87,837,11135,11211
sg-4-1-2-6-2-2:50,30,1,2780,10665,3,87,837
sg-4-1-2-6-2-3:50,30,1,2780,10665,3,837,11183
sg-4-1-2-6-3:50,30,1,10665,3
sg-4-1-2-7:50,30,1,4,3,837,11212,11213
sg-4-1-2-7-1:50,30,1,7600,4,3,837,11212,11213
sg-4-1-2-7-3:50,30,1,4,3,837,11212,11213
sg-4-1-2-7-2:50,30,1,4,3,837,11212,11213
sg-4-1-12-4:1,3
sg-4-1-12-1:1,2842,3,1,2841,3,7410
sg-4-1-12-7:1,3
sg-4-1-12-3:1,3
sg-4-1-12-8:1,3
sg-4-1-12-2:50,30,1,7389,7593,3,11181
sg-4-1-12-6:1,3
sg-4-1-12-5:1,3
sg-4-1-15:1,3
sg-4-1-3:1,3
sg-4-1-3-14:1,3
sg-4-1-3-1:50,1,3,11206
sg-4-1-3-15:1,3
sg-4-1-3-2:6984,1682,1571,1,3176,1248,7369,3386,3,1221,11078
sg-4-1-3-13:1,3
sg-4-1-3-3:1,2864,3,10998,1249
sg-4-1-3-4:50,1,7438,2865,1250,7442,3
sg-4-1-3-4-3:50,1,7438,2865,1250,7442,3
sg-4-1-3-4-4:50,1,7438,2865,1250,7442,3
sg-4-1-3-4-1:50,1,7438,2865,1250,3
sg-4-1-3-4-2:50,1,7438,2865,1250,3
sg-4-1-3-5:50,30,7370,1,2842,3,1,2841,3,10699,10700,1249
sg-4-1-3-10:1,3
sg-4-1-3-6:50,30,1,3
sg-4-1-3-7:1,2818,3
sg-4-1-3-7-1:1,2818,3
sg-4-1-3-7-2:1,2818,3
sg-4-1-3-8:1,2866,3
sg-4-1-3-11:1,3
sg-4-1-3-9:30,1,9907,3,10997,2867
sg-4-1-3-9-4:30,1,9907,3,10997,2867
sg-4-1-3-9-1:30,1,9907,3,10997,2867
sg-4-1-3-9-2:30,1,9907,3,10997,2867
sg-4-1-3-9-3:30,1,9907,3,10997,2867
sg-4-1-3-12:1,3
sg-4-1-13:1,3
sg-4-1-4:1,3
sg-4-1-4-1:1,10641,3
sg-4-1-4-2:1,3
sg-4-1-4-2-5:1,3
sg-4-1-4-2-1:1,7440,10618,3
sg-4-1-4-2-2:1,3
sg-4-1-4-2-3:1,3
sg-4-1-4-2-7:1,3
sg-4-1-4-2-4:1,10677,3
sg-4-1-4-2-8:1,3
sg-4-1-4-2-6:1,3
sg-4-1-4-3:1,3,1218
sg-4-1-4-4:1,7578,7579,3,11035
sg-4-1-4-7:1,3
sg-4-1-4-5:50,1,10638,10640,1253,3
sg-4-1-4-6:1,3
sg-4-1-4-8:1,3
sg-4-1-4-9:1,3
sg-4-1-14:1,3
sg-4-1-5:7143,1,3,6242
sg-4-1-5-1:3178,7143,1,3,1218,6242
sg-4-1-5-2:1682,1571,7143,1,3178,10759,3,1218,6242
sg-4-1-5-3:30,7143,1,4,3,10988,6242
sg-4-1-5-4:7133,7143,1,7335,10660,3,11103,6242
sg-4-1-5-5:7143,1,3,6242
sg-4-1-5-6:50,7143,1,7263,7439,1254,7443,3,6242
sg-4-1-5-13:7143,1,3,6242
sg-4-1-5-7:7143,1,3,11081,6242,11199
sg-4-1-5-8:1682,1571,1255,1256,7143,1,7437,4,3,11083,3178,11084,6242
sg-4-1-5-8-7:1682,1571,1255,1256,7143,1,7437,4,3,11083,3178,11084,6242
sg-4-1-5-8-9:1682,1571,1255,1256,7143,1,7437,4,3,11083,3178,11084,6242
sg-4-1-5-8-8:1682,1571,1255,1256,7143,1,7437,4,3,11083,3178,11084,6242
sg-4-1-5-8-5:1682,1571,1255,1256,7143,1,7437,4,3,11083,3178,11084,6242
sg-4-1-5-8-1:1255,1256,7143,1,7437,4,3,11083,3178,11084,6242
sg-4-1-5-8-2:1255,1256,7131,7143,1,7437,4,3,11083,3178,11084,6242
sg-4-1-5-8-3:1255,1256,7143,1,7437,4,3178,3,11083,11084,6242
sg-4-1-5-8-4:1255,1256,7143,1,7437,4,3,11083,11084,6242,3178
sg-4-1-5-12:7143,1,3,6242
sg-4-1-5-9:50,30,7143,1,7507,2780,3,837,6242
sg-4-1-5-11:7143,1,3,6242
sg-4-1-5-10:50,30,7143,1,7392,4,3,11150,6242
sg-4-1-6:1,3
sg-4-1-6-1:30,1,3
sg-4-1-6-1-1:30,1,3,11090
sg-4-1-6-1-2:30,1,3,11092
sg-4-1-6-1-3:30,1,3,11054,11093
sg-4-1-6-1-4:30,1,3
sg-4-1-6-1-5:30,1,3
sg-4-1-6-1-6:30,1,10633,3
sg-4-1-6-1-7:30,1,3
sg-4-1-6-1-8:30,6883,1,3
sg-4-1-6-1-9:30,1,3,11095,11096
sg-4-1-6-1-10:30,1,3
sg-4-1-6-2:50,30,1,7562,3,11069,11097
sg-4-1-6-3:1,10632,3
sg-4-1-6-4:1,3,10835
sg-4-1-6-17:1,3
sg-4-1-6-5:50,30,1,3,11091
sg-4-1-6-5-2:50,30,1,3,11091
sg-4-1-6-5-1:50,30,1,3,11091
sg-4-1-6-6:30,1,4,3,11094
sg-4-1-6-15:1,3
sg-4-1-6-7:50,30,1,2780,7575,3,837,11204
sg-4-1-6-8:1,3
sg-4-1-6-8-3:1,3
sg-4-1-6-8-1:1,7524,3
sg-4-1-6-8-4:1,3
sg-4-1-6-8-2:1,5229,3
sg-4-1-6-9:50,30,1,2842,3,1,2841,3,7522,7525,10736,837
sg-4-1-6-9-1:50,30,1,2842,3,1,2841,3,7522,7525,10736,837
sg-4-1-6-9-2:50,30,1,2842,3,1,2841,3,7522,7525,10736,837
sg-4-1-6-18:1,3
sg-4-1-6-16:1,3
sg-4-1-6-14:1,3
sg-4-1-6-10:1,3,11098
sg-4-1-6-11:1,3
sg-4-1-6-11-1:1,3
sg-4-1-6-11-2:50,7123,1,3
sg-4-1-6-12:1,3,1221
sg-4-1-6-13:1,4,10737,10738,3,1249
sg-4-1-7:1,3
sg-4-1-7-8:1,3
sg-4-1-7-1:1,3
sg-4-1-7-1-2:1,10644,3178,10645,3,11139
sg-4-1-7-1-3:1,10644,3178,10645,3,11139
sg-4-1-7-1-5:1,10644,3178,10645,3,11139
sg-4-1-7-1-4:1,10644,3178,10645,3,11139
sg-4-1-7-1-1:1,10644,3178,10645,3,11139
sg-4-1-7-2:1,3,11140,11141
sg-4-1-7-3:50,30,1,2780,3,837,11142
sg-4-1-7-4:1,3
sg-4-1-7-4-1:30,7111,1,3
sg-4-1-7-4-5:1,3
sg-4-1-7-4-2:1,3
sg-4-1-7-4-2-6:1,3
sg-4-1-7-4-2-1:1,3,11186
sg-4-1-7-4-2-2:1,7441,3
sg-4-1-7-4-2-3:1,7568,3
sg-4-1-7-4-2-7:1,3
sg-4-1-7-4-2-4:1,4,3,10901,10903
sg-4-1-7-4-2-5:1,3
sg-4-1-7-4-3:30,1,3,11187
sg-4-1-7-4-4:1,3
sg-4-1-7-4-7:1,3
sg-4-1-7-4-6:1,3
sg-4-1-7-7:1,3
sg-4-1-7-5:1,3
sg-4-1-7-5-1:1,3
sg-4-1-7-5-1-1:1,3
sg-4-1-7-5-1-3:1,3
sg-4-1-7-5-1-2:1,3
sg-4-1-7-5-1-4:1,3
sg-4-1-7-5-2:50,30,7113,1,3
sg-4-1-7-5-3:7028,1,3
sg-4-1-7-5-4:30,1,3,1257,2868,11195
sg-4-1-7-5-4-1:30,1,3,1257,2868,11194,11195
sg-4-1-7-5-4-4:30,1,3,1257,2868,11195
sg-4-1-7-5-4-2:30,1,3,1257,2868,11195
sg-4-1-7-5-4-5:30,1,3,1257,2868,11195
sg-4-1-7-5-4-3:30,1,3,1257,2868,11195
sg-4-1-7-6:1258,1,7569,3
sg-4-1-7-6-4:1258,1,7569,3
sg-4-1-7-6-2:1258,1,7569,3
sg-4-1-7-6-1:1258,1,7569,3
sg-4-1-7-6-3:1258,1,7569,3
sg-4-1-8:1,2914,3,5685
sg-4-1-8-1:1,2914,4,3,5685
sg-4-1-8-4:1,2914,4,3,5685
sg-4-1-8-2:1,4,3
sg-4-1-8-3:1,2914,4,3,5685
sg-4-1-11:1,3
sg-4-1-11-5:1,3
sg-4-1-11-5-1:3006,2784,1,3
sg-4-1-11-5-5:1,3
sg-4-1-11-5-3:1,3
sg-4-1-11-5-4:1,3
sg-4-1-11-5-2:1,3
sg-4-1-11-5-2-3:1,3
sg-4-1-11-5-2-2:1,3
sg-4-1-11-5-2-1:1,3
sg-4-1-11-1:1,4,3,1218,11228
sg-4-1-11-2:1,7481,4,3,1218
sg-4-1-11-6:1,3
sg-4-1-11-4:1,7479,3
sg-4-1-11-4-4:1,7479,4,3
sg-4-1-11-4-2:1,7479,10701,4,3
sg-4-1-11-4-1:1,7477,7478,7479,4,3
sg-4-1-11-4-3:1,7479,4,3
sg-4-1-11-3:1,4,3,1218,11229
sg-4-1-9:1,3
sg-4-1-9-4:1,3
sg-4-1-9-1:1,3,11232
sg-4-1-9-1-5:1,3,11232
sg-4-1-9-1-1:1,3,11231,11232
sg-4-1-9-1-4:1,3,11232
sg-4-1-9-1-3:1,3,11232
sg-4-1-9-1-2:1,10703,10704,3,11232
sg-4-1-9-2:1,7480,3,1218,2869
sg-4-1-9-5:1,3
sg-4-1-9-6:1,3
sg-4-1-9-3:1,7273,3,11233
sg-4-1-10:1,3,11236
sg-4-1-10-4:1,3,11236
sg-4-1-10-4-1:3006,2784,1,3,11236
sg-4-1-10-4-4:1,3,11236
sg-4-1-10-4-3:1,3,11236
sg-4-1-10-4-5:1,3,11236
sg-4-1-10-4-2:1,3,11196,11236
sg-4-1-10-4-2-1:1,3,11196,11236
sg-4-1-10-4-2-2:1,3,11196,11236
sg-4-1-10-5:1,7489,4,3,1218,11236
sg-4-1-10-2:1,7476,4,3,1218,11236
sg-4-1-10-6:1,3,11236
sg-4-1-10-3:1,3,11236
sg-4-1-10-3-3:1,4,3,11236
sg-4-1-10-3-2:1,10702,4,3,11236
sg-4-1-10-3-4:1,4,3,11236
sg-4-1-10-3-1:1,4,3,11235,11236
sg-4-1-10-3-1-1:1,4,3,11235,11236
sg-4-1-10-3-1-2:1,4,3,11235,11236
sg-4-1-10-3-1-3:1,4,3,11235,11236
sg-4-1-10-1:1,4,3,1218,11230,11234,11236
sg-4-2:1,3
sg-4-2-1:1,2914,3,5685
sg-4-2-1-1:30,6985,1682,1571,1,4,3
sg-4-2-1-1-1:30,6985,1682,1571,1,4,3
sg-4-2-1-1-2:30,6985,1,4,3,10880,10881
sg-4-2-1-1-3:30,6985,1682,1571,1,4,3
sg-4-2-1-2:30,3182,1682,1571,1259,1,4,3,6104
sg-4-2-1-5:1,2914,3,5685
sg-4-2-1-8:1,2914,3,5685
sg-4-2-1-6:1,2914,3,5685
sg-4-2-1-4:1,2914,3,5685
sg-4-2-1-7:1,2914,3,5685
sg-4-2-1-3:1259,1,1341,3,2989,1,2786,3,2914,5685
sg-4-2-2:1,3,1261
sg-4-2-2-5:1,3,1261
sg-4-2-2-7:1,3,1261
sg-4-2-2-1:1,1597,5977,3,1261
sg-4-2-2-6:1,3,1261
sg-4-2-2-2:1,3,1261
sg-4-2-2-3:1,3,1261
sg-4-2-2-4:1,3,1261
sg-4-2-2-4-1:1,3,1261
sg-4-2-2-4-2:1,3,1261
sg-4-2-19:1,3
sg-4-2-20:1,7559,3
sg-4-2-3:1682,1571,1,1,3,1244,3,1221
sg-4-2-22:1,3
sg-4-2-4:1,5886,3
sg-4-2-4-15:1,5886,3
sg-4-2-4-11:1,5886,3
sg-4-2-4-1:1,5886,3
sg-4-2-4-13:1,5886,3
sg-4-2-4-9:1,5886,3
sg-4-2-4-2:7184,1,5886,3
sg-4-2-4-3:1,5886,3,10784
sg-4-2-4-4:1,5886,3
sg-4-2-4-14:1,5886,3
sg-4-2-4-5:1,5886,3
sg-4-2-4-6:1,5886,3
sg-4-2-4-10:1,5886,3
sg-4-2-4-7:7121,1,5886,2870,1263,3,6142,6206
sg-4-2-4-7-5:7121,1,5886,2870,1263,3,6142,6206
sg-4-2-4-7-1:7121,1,5886,2870,10646,10647,1263,3,6142,6206
sg-4-2-4-7-4:7121,1,5886,2870,1263,3,6142,6206
sg-4-2-4-7-2:7121,1,5886,2870,1263,3,6142,6206
sg-4-2-4-7-3:7121,1,5886,2870,1263,3,6142,6206
sg-4-2-4-8:1,5886,3
sg-4-2-4-12:1,5886,3
sg-4-2-5:1,3183,3,843
sg-4-2-6:1,4,3
sg-4-2-7:1,3
sg-4-2-7-1:1,3
sg-4-2-7-10:1,3
sg-4-2-7-2:1,3
sg-4-2-7-3:1,7561,3
sg-4-2-7-11:1,3
sg-4-2-7-9:1,3
sg-4-2-7-8:1,3
sg-4-2-7-4:1,3
sg-4-2-7-5:1,3
sg-4-2-7-6:1,3
sg-4-2-7-7:1,3
sg-4-2-8:30,1,2989,1264,3
sg-4-2-9:1,10614,2848,3
sg-4-2-9-1:1,10614,2848,3
sg-4-2-9-3:1,10614,2848,3
sg-4-2-9-5:1,10614,2848,3
sg-4-2-9-2:1,10614,2848,3
sg-4-2-9-4:1,10614,2848,3
sg-4-2-10:7085,1,7229,2871,4,10724,10725,3
sg-4-2-10-1:7085,1,7229,2871,4,10724,10725,3
sg-4-2-10-2:7085,1,7229,2871,4,10724,10725,3
sg-4-2-10-3:7085,1,7228,7229,7230,7231,2871,4,10724,10725,3
sg-4-2-23:1,3
sg-4-2-11:1682,1571,1,3
sg-4-2-11-1:1,6041,3,11189
sg-4-2-11-1-1:1682,1571,1,6041,3,11189,11190
sg-4-2-11-1-2:1,7468,4,6041,3,10900,11189
sg-4-2-11-1-3:1,6041,3,11189
sg-4-2-11-5:1682,1571,1,3
sg-4-2-11-2:1,3
sg-4-2-11-2-1:1,3
sg-4-2-11-2-7:1,3
sg-4-2-11-2-2:1,3,11172
sg-4-2-11-2-2-2:1,3,11172
sg-4-2-11-2-2-4:1,3,11172
sg-4-2-11-2-2-1:1,3,11172
sg-4-2-11-2-6:1,3
sg-4-2-11-2-4:1,3
sg-4-2-11-2-3:1,3
sg-4-2-11-2-5:1,3
sg-4-2-11-4:1682,1571,1,3
sg-4-2-11-3:1682,1571,1,3
sg-4-2-12:1,7298,5375,3,7992
sg-4-2-12-7:1,7298,5375,3,7992
sg-4-2-12-8:1,7298,5375,3,7992
sg-4-2-12-3:1,7298,5375,3,7992
sg-4-2-12-4:1,7298,5375,3,7992
sg-4-2-12-1:1,7298,5375,10775,3,7992
sg-4-2-12-5:1,7298,5375,3,7992
sg-4-2-12-6:1,7298,5375,3,7992
sg-4-2-12-2:1,7298,5375,3,11115,7992
sg-4-2-13:1,10678,3
sg-4-2-14:1,3,10991,11246
sg-4-2-15:50,30,1,4,3,10992
sg-4-2-16:1,3
sg-4-2-16-5:1,3
sg-4-2-16-1:1,1341,3111,10612,3
sg-4-2-16-8:1,3
sg-4-2-16-10:1,3
sg-4-2-16-6:1,3
sg-4-2-16-2:1,3
sg-4-2-16-7:1,3
sg-4-2-16-11:1,3
sg-4-2-16-12:1,3
sg-4-2-16-13:1,3
sg-4-2-16-3:1,2989,4,3,11040
sg-4-2-16-3-1:1,2989,4,3,10818,11040
sg-4-2-16-3-2:1,2989,4,3,11040
sg-4-2-16-9:1,3
sg-4-2-16-4:1,7469,3,11177
sg-4-2-17:1,3,10949,11055
sg-4-2-17-15:1,3,10949,11055
sg-4-2-17-14:1,3,10949,11055
sg-4-2-17-1:1,3,10949,11055,1971
sg-4-2-17-2:1,3,10949,11055,1971,11124
sg-4-2-17-3:1,3,10949,11055
sg-4-2-17-4:1,3,10942,10949,11055
sg-4-2-17-5:1,3,10949,11055
sg-4-2-17-6:1,3,10819,10949,11055
sg-4-2-17-7:1,3,10949,11055,11122,11123
sg-4-2-17-13:1,3,10949,11055
sg-4-2-17-8:1,3,10949,11055
sg-4-2-17-12:1,3,10949,11055
sg-4-2-17-11:1,3,10949,11055
sg-4-2-17-9:1,3,10949,11055
sg-4-2-17-10:1,7475,3,10949,11055,11125
sg-4-2-21:1,3
sg-4-2-24:1,3
sg-4-2-18:1,4,3,11076,11227
sg-4-3:1,3
sg-4-3-1:3387,7221,1,7284,4,10742,3
sg-4-3-1-1:3387,1,7284,7435,4,10742,3
sg-4-3-1-2:3387,1,7284,4,10742,3
sg-4-3-1-3:3387,1,7284,4,10742,3,10902
sg-4-3-2:1266,2872,1,4,3
sg-4-3-21:1,3
sg-4-3-3:1,3
sg-4-3-3-9:1,3
sg-4-3-3-7:1,3
sg-4-3-3-1:50,30,1,2780,3,837
sg-4-3-3-2:50,30,1,7592,3
sg-4-3-3-10:1,3
sg-4-3-3-6:1,3
sg-4-3-3-5:1,3
sg-4-3-3-4:30,2336,80,1,2783,128,3,3009,846,87,837,847
sg-4-3-3-8:1,3
sg-4-3-3-3:1,2873,3
sg-4-3-4:7018,1,3
sg-4-3-4-2:7018,1,3
sg-4-3-4-1:7018,1,3
sg-4-3-17:1,3
sg-4-3-5:1,6759,3
sg-4-3-6:1,7309,7482,4,3
sg-4-3-7:1,4,3
sg-4-3-20:1,3
sg-4-3-8:50,1268,1,1269,7580,10666,3
sg-4-3-8-2:50,1268,1,1269,7580,10666,3
sg-4-3-8-3:50,1268,1,1269,7580,10666,3
sg-4-3-8-1:50,1268,1,1269,7580,10666,3
sg-4-3-18:1,3
sg-4-3-9:7217,1,4,3
sg-4-3-9-2:7217,1,4,3
sg-4-3-9-4:7217,1,4,3
sg-4-3-9-1:7217,1,4,3
sg-4-3-9-5:7217,1,4,3
sg-4-3-9-6:7217,1,4,3
sg-4-3-9-3:7217,1,4,3
sg-4-3-19:1,3
sg-4-3-10:7218,7219,7220,1,4,3
sg-4-3-11:1,3
sg-4-3-12:1,4,3,11203
sg-4-3-12-1:1,4,3,11203
sg-4-3-12-2:1,4,3,11203
sg-4-3-13:1,3
sg-4-3-13-1:1,7581,3,10950
sg-4-3-13-2:1,7501,3
sg-4-3-13-5:1,3
sg-4-3-13-3:1,3
sg-4-3-13-4:1,3
sg-4-3-22:1,3
sg-4-3-14:1,4,3
sg-4-3-15:7215,7216,1,7599,2914,3,5685
sg-4-3-16:1,3,10995
sg-4-4:1,3
sg-4-4-1:1682,1571,1,1270,3
sg-4-4-1-34:1682,1571,1,1270,3
sg-4-4-1-1:2958,3006,2784,3258,2336,2226,1,1270,3,1271
sg-4-4-1-1-1:2958,3006,2784,3258,2336,2226,1,1270,3,1271
sg-4-4-1-1-1-1:2958,3006,2784,3258,2336,2226,1,1270,3,1271
sg-4-4-1-1-1-3:2958,3006,2784,3258,2336,2226,1,1270,3,1271
sg-4-4-1-1-1-4:2958,3006,2784,3258,2336,2226,1,1270,3,1271
sg-4-4-1-1-1-2:2958,3006,2784,3258,2336,2226,1,1270,3,1271
sg-4-4-1-1-2:2958,3006,2784,3258,2336,2226,1,1270,10769,10770,3,1271
sg-4-4-1-1-3:2958,3006,2784,3258,2336,2226,1,1270,3,1271
sg-4-4-1-33:1682,1571,1,1270,3
sg-4-4-1-2:2958,3006,3258,2798,2336,2226,1,1270,3,1271
sg-4-4-1-3:1,1270,3
sg-4-4-1-4:7087,1,1270,3
sg-4-4-1-4-1:7087,7144,1,1270,3
sg-4-4-1-4-3:7087,1,1270,3
sg-4-4-1-4-2:7087,1,1270,3
sg-4-4-1-5:7203,1,1270,3
sg-4-4-1-5-4:7203,1,1270,3
sg-4-4-1-5-3:7203,1,1270,3
sg-4-4-1-5-2:7203,1,1270,3
sg-4-4-1-5-1:7203,1,1270,3
sg-4-4-1-5-5:7203,1,1270,3
sg-4-4-1-6:7204,2874,1,1270,7488,3,10926
sg-4-4-1-29:1682,1571,1,1270,3
sg-4-4-1-7:1682,1571,1,1270,3
sg-4-4-1-7-1:1682,1571,1,1270,3
sg-4-4-1-7-2:1682,1571,1,1270,3,10946,10947
sg-4-4-1-7-3:1,1270,3
sg-4-4-1-7-8:1682,1571,1,1270,3
sg-4-4-1-7-7:1682,1571,1,1270,3
sg-4-4-1-7-4:7088,1,1270,3
sg-4-4-1-7-5:1682,1571,1,1270,10687,3,10945
sg-4-4-1-7-6:1,1270,3
sg-4-4-1-8:1682,1571,1,1270,1272,3176,3,1273
sg-4-4-1-9:1,1270,3
sg-4-4-1-10:1,1270,7424,7425,3,1271
sg-4-4-1-32:1682,1571,1,1270,3
sg-4-4-1-11:7099,1,1270,7249,3,1271
sg-4-4-1-11-3:7099,1,1270,7249,3,1271
sg-4-4-1-11-2:7099,1,1270,7249,3,1271
sg-4-4-1-11-1:7099,1,1270,7249,3,1271
sg-4-4-1-12:1,1270,7545,4,3
sg-4-4-1-12-4:1,1270,7545,4,3
sg-4-4-1-12-3:1,1270,7545,4,3
sg-4-4-1-12-2:1,1270,7545,4,3
sg-4-4-1-12-1:1,1270,7545,4,3
sg-4-4-1-30:1682,1571,1,1270,3
sg-4-4-1-13:1,1270,3,11012
sg-4-4-1-13-1:1,1270,3,11012
sg-4-4-1-13-2:1,1270,3,11012
sg-4-4-1-13-3:1,1270,7368,3,11012
sg-4-4-1-13-4:7095,1,1270,3,11012
sg-4-4-1-13-5:1,1270,3,11012
sg-4-4-1-13-6:1,1270,3,10944,11012
sg-4-4-1-13-7:1,1270,10629,3,11012
sg-4-4-1-13-8:7015,1,1270,3,11011,11012
sg-4-4-1-13-9:1,1270,3,11012
sg-4-4-1-13-10:1,1270,3,11012
sg-4-4-1-14:1,1270,10709,10710,3
sg-4-4-1-31:1682,1571,1,1270,3
sg-4-4-1-36:1682,1571,1,1270,3
sg-4-4-1-15:1682,1571,7098,1,1270,3,10822
sg-4-4-1-15-4:1682,1571,7098,1,1270,3,10822
sg-4-4-1-15-2:1682,1571,7098,1,1270,3,10822
sg-4-4-1-15-6:1682,1571,7098,1,1270,3,10822
sg-4-4-1-15-5:1682,1571,7098,1,1270,3,10822
sg-4-4-1-15-3:1682,1571,7098,1,1270,3,10822
sg-4-4-1-35:1682,1571,1,1270,3
sg-4-4-1-16:1,1270,3,73
sg-4-4-1-17:1682,1571,1,1270,7504,3
sg-4-4-1-18:1,1270,3,11027
sg-4-4-1-19:1,1270,3
sg-4-4-1-19-1:1,1270,3
sg-4-4-1-19-3:1,1270,3
sg-4-4-1-19-5:1,1270,3
sg-4-4-1-19-2:1,1270,3
sg-4-4-1-19-4:1,1270,3
sg-4-4-1-20:1,7239,1270,3
sg-4-4-1-20-9:1,7239,1270,3
sg-4-4-1-20-1:1,7239,1270,10617,3,11170
sg-4-4-1-20-2:1,7239,1270,3,11132
sg-4-4-1-20-3:1,7239,1270,7292,10774,3
sg-4-4-1-20-4:1,7239,1270,3
sg-4-4-1-20-5:5679,1,7239,1270,3,10939,11133
sg-4-4-1-20-7:1,7239,1270,3
sg-4-4-1-20-6:1,7239,1270,3
sg-4-4-1-21:1,1270,7274,3
sg-4-4-1-21-2:1,1270,7274,3
sg-4-4-1-21-1:1,1270,7274,3
sg-4-4-1-22:1682,1571,1,7240,1270,3,11070,11138
sg-4-4-1-22-5:1682,1571,1,7240,1270,3,11070,11138
sg-4-4-1-22-6:1682,1571,1,7240,1270,3,11070,11138
sg-4-4-1-22-8:1682,1571,1,7240,1270,3,11070,11138
sg-4-4-1-22-1:7200,1,7240,1270,7251,7252,3,11070,11138
sg-4-4-1-22-1-3:7200,1,7240,1270,7251,7252,3,11070,11138
sg-4-4-1-22-1-4:7200,1,7240,1270,7251,7252,3,11070,11138
sg-4-4-1-22-1-1:7200,1,7240,1270,7251,7252,3,11070,11138
sg-4-4-1-22-4:1682,1571,1,7240,1270,3,11070,11138
sg-4-4-1-22-2:1,7240,1270,3,11070,11138
sg-4-4-1-22-7:1682,1571,1,7240,1270,3,11070,11138
sg-4-4-1-22-3:1682,1571,1,7240,1270,3,11070,11138
sg-4-4-1-22-10:1682,1571,1,7240,1270,3,11070,11138
sg-4-4-1-22-9:1682,1571,1,7240,1270,3,11070,11138
sg-4-4-1-37:1682,1571,1,1270,3
sg-4-4-1-23:1,1270,1274,3,11151
sg-4-4-1-23-4:1,1270,1274,3,11151
sg-4-4-1-23-3:1,1270,1274,3,11151
sg-4-4-1-23-1:1,1270,1274,3,11151
sg-4-4-1-24:1682,1571,1,1270,3,11152
sg-4-4-1-24-5:1682,1571,1,1270,3,11152
sg-4-4-1-24-6:1682,1571,1,1270,3,11152
sg-4-4-1-24-1:1,1270,6907,3,11152
sg-4-4-1-24-2:1,1270,3,11152
sg-4-4-1-24-3:1,1270,3,11152
sg-4-4-1-24-4:1,7236,1270,3,11152
sg-4-4-1-25:1,1270,3
sg-4-4-1-26:1,1270,3,11159
sg-4-4-1-27:1,1270,7293,3
sg-4-4-1-28:1,1270,3
sg-4-4-1-28-1:1,1270,3
sg-4-4-1-28-2:1,1270,3
sg-4-4-1-28-3:1,1270,3
sg-4-4-2:1682,1571,1,1270,3
sg-4-4-2-1:1682,1571,7156,7160,7161,1,1270,3
sg-4-4-2-1-8:1682,1571,1275,7156,7160,7161,1,1270,3
sg-4-4-2-1-1:1275,7156,7157,7160,7161,7182,1,1270,3
sg-4-4-2-1-6:1682,1571,1275,7156,7160,7161,1,1270,3
sg-4-4-2-1-7:1682,1571,1275,7156,7160,7161,1,1270,3
sg-4-4-2-1-2:6978,1275,7156,7158,7160,7161,1,1270,10600,10619,3,10856
sg-4-4-2-1-5:1682,1571,1275,7156,7160,7161,1,1270,3
sg-4-4-2-1-3:1275,7156,7160,7161,1,1270,7248,3,10905,10906
sg-4-4-2-1-4:1682,1571,7086,1275,7156,7160,7161,7181,1,1270,3,10907
sg-4-4-2-2:1275,7177,7178,1,1270,3
sg-4-4-2-3:7176,7179,1276,1,1270,7258,3
sg-4-4-2-4:1682,1571,1,1270,3
sg-4-4-2-4-1:7077,1,1270,7308,4,3
sg-4-4-2-4-2:7194,1,1270,3
sg-4-4-2-4-2-1:7194,1,1270,3
sg-4-4-2-4-2-2:7194,1,1270,7253,7499,3
sg-4-4-2-4-2-2-2:7194,1,1270,7253,7499,3
sg-4-4-2-4-2-2-1:7194,1,1270,7253,7499,3
sg-4-4-2-4-3:7201,1,1270,7382,3
sg-4-4-2-4-4:7197,7198,1,1270,3
sg-4-4-2-4-5:7145,1,1270,7259,10741,3
sg-4-4-2-4-9:1682,1571,1,1270,3
sg-4-4-2-4-10:1682,1571,1,1270,3
sg-4-4-2-4-6:1682,1571,1,1270,7361,7362,7363,3,1271
sg-4-4-2-4-7:1682,1571,7096,1,1270,7255,4,3,10779,10780
sg-4-4-2-4-8:1682,1571,1,1270,3,10956,10958
sg-4-4-2-4-8-2:1682,1571,1,1270,3,10956,10958
sg-4-4-2-4-8-5:1682,1571,1,1270,3,10956,10958
sg-4-4-2-4-8-1:1682,1571,1,1270,3,10956,10958
sg-4-4-2-4-8-3:1682,1571,1,1270,3,10956,10958
sg-4-4-2-4-8-4:1682,1571,1,1270,3,10956,10958
sg-4-4-2-4-8-6:1682,1571,1,1270,3,10956,10958
sg-4-4-2-27:1682,1571,1,1270,3
sg-4-4-2-5:7159,1,1270,7500,3,11044,11088
sg-4-4-2-5-1:7159,1,1270,7500,3,11044,11088
sg-4-4-2-5-2:7159,1,1270,7500,3,11044,11088
sg-4-4-2-6:1682,1571,7146,1,1270,7495,7585,3,10857
sg-4-4-2-6-3:1682,1571,7146,1,1270,7495,7585,3,10857
sg-4-4-2-6-4:1682,1571,7146,1,1270,7495,7585,3,10857
sg-4-4-2-6-1:1682,1571,7146,1,1270,7495,7585,3,10857
sg-4-4-2-6-5:1682,1571,7146,1,1270,7495,7585,3,10857
sg-4-4-2-6-2:1682,1571,7146,1,1270,7495,7585,3,10857
sg-4-4-2-7:1682,1571,1,1270,7552,3,10957
sg-4-4-2-8:1,1270,7407,7408,4,3,10955
sg-4-4-2-9:7092,1,1270,4,3
sg-4-4-2-9-4:7092,1,1270,4,3
sg-4-4-2-9-3:7092,1,1270,4,3
sg-4-4-2-9-1:7092,1,1270,4,3
sg-4-4-2-9-2:7092,1,1270,4,3
sg-4-4-2-10:1,7286,1270,3
sg-4-4-2-10-1:7079,1,7286,1270,7297,3
sg-4-4-2-10-4:1,7286,1270,3
sg-4-4-2-10-3:1,7286,1270,3
sg-4-4-2-10-5:1,7286,1270,3
sg-4-4-2-10-2:1,7286,1270,3
sg-4-4-2-11:7083,7093,1,1270,3
sg-4-4-2-12:1,1270,10634,10635,3
sg-4-4-2-25:1682,1571,1,1270,3
sg-4-4-2-13:1270,1278,1,2968,3,10917,2968,10919,10922,10923,1,2968,3,837
sg-4-4-2-14:1,1270,3,10943
sg-4-4-2-15:1682,1571,1,1270,3
sg-4-4-2-26:1682,1571,1,1270,3
sg-4-4-2-16:1,1270,3
sg-4-4-2-16-1:1,1270,3
sg-4-4-2-16-2:1,1270,10679,3
sg-4-4-2-16-4:1,1270,3
sg-4-4-2-16-5:1,1270,3
sg-4-4-2-16-3:1,1270,3,11029
sg-4-4-2-16-6:1,1270,3
sg-4-4-2-28:1682,1571,1,1270,3
sg-4-4-2-17:1,1270,3
sg-4-4-2-18:6979,1,1270,10613,3,1280
sg-4-4-2-19:1,1270,3,1280
sg-4-4-2-20:1,1270,3,11174,11175,1280
sg-4-4-2-21:1,1270,1278,7385,3,1281,11162
sg-4-4-2-21-1:1,1270,1278,7385,3,1281,11162
sg-4-4-2-21-2:1,1270,1278,7385,7386,3,10839,1281,11162
sg-4-4-2-21-3:7101,1,1270,1278,7385,3,1281,11162
sg-4-4-2-21-4:7192,1,1270,1278,7385,3,1281,11134,11162,11171
sg-4-4-2-22:1,1270,3,11169,1280
sg-4-4-2-23:7193,1,1270,3,10889
sg-4-4-2-23-1:7193,1,7235,1270,3,10889
sg-4-4-2-23-2:7193,1,1270,7498,3,10889
sg-4-4-2-23-2-5:7193,1,1270,7498,3,10889
sg-4-4-2-23-2-4:7193,1,1270,7498,3,10889
sg-4-4-2-23-2-1:7074,7075,7080,7193,1,1270,7498,3,10889
sg-4-4-2-23-2-2:7193,1,1270,7498,3,10889
sg-4-4-2-23-2-6:7193,1,1270,7498,3,10889
sg-4-4-2-23-2-3:7193,1,1270,7498,3,10889
sg-4-4-2-23-3:7162,7193,1,1270,7497,10588,3,10889,11030
sg-4-4-2-23-4:7193,1,1270,3,10888,10889
sg-4-4-2-23-5:7193,1,1270,3,10889,11028,11031
sg-4-4-2-23-6:7193,1,1270,3,10889,1271
sg-4-4-2-23-11:7193,1,1270,3,10889
sg-4-4-2-23-7:7193,1,1270,7289,10729,3,10889
sg-4-4-2-23-8:7193,1,1270,3,10889
sg-4-4-2-23-9:7193,1,1270,3,10889
sg-4-4-2-24:7024,7094,1,1270,3,11170
sg-4-4-2-24-1:7024,7094,1,1270,3,11170
sg-4-4-2-24-5:7024,7094,1,1270,3,11170
sg-4-4-2-24-2:7024,7094,1,1270,10589,3,10859,11170
sg-4-4-2-24-3:7024,7094,1,1270,7367,3,10858,11170
sg-4-4-2-24-4:7024,7094,1,1270,3,11170
sg-4-4-3:30,1682,1571,3184,7100,1,1282,4,3,837
sg-4-4-3-1:30,3184,7100,1,1282,4,3,837
sg-4-4-3-1-1:30,3184,7100,1,1282,4,3,837
sg-4-4-3-1-2:30,3184,7100,1,1282,4,3,837
sg-4-4-3-19:30,1682,1571,3184,7100,1,1282,4,3,837
sg-4-4-3-2:30,3184,7100,1,7395,1282,7573,4,3,837
sg-4-4-3-3:30,3184,7100,1,1282,4,3,837
sg-4-4-3-4:30,3184,7091,7100,1,1282,4,3,837
sg-4-4-3-14:30,1682,1571,3184,7100,1,1282,4,3,837
sg-4-4-3-5:30,1682,1571,3184,7090,7100,1,7397,1282,4,10716,3,837
sg-4-4-3-5-1:30,1682,1571,3184,7090,7100,1,7397,1282,4,10716,3,837
sg-4-4-3-5-4:30,1682,1571,3184,7090,7100,1,7397,1282,4,10716,3,837
sg-4-4-3-5-2:30,1682,1571,3184,7090,7100,1,7397,1282,4,10716,3,837
sg-4-4-3-5-5:30,1682,1571,3184,7090,7100,1,7397,1282,4,10716,3,837
sg-4-4-3-5-3:30,1682,1571,3184,7090,7100,1,7397,1282,4,10716,3,837
sg-4-4-3-6:30,1682,1571,3184,7097,7100,1,1282,4,3,837
sg-4-4-3-7:30,3184,7089,7100,1,1282,4,3,837
sg-4-4-3-8:30,3184,7100,7189,1,7396,1282,4,3,837
sg-4-4-3-8-2:30,3184,7100,7189,1,7396,1282,4,3,837
sg-4-4-3-8-3:30,3184,7100,7189,1,7396,1282,4,3,837
sg-4-4-3-8-1:30,3184,7100,7189,1,7396,1282,4,3,837
sg-4-4-3-16:30,1682,1571,3184,7100,1,1282,4,3,837
sg-4-4-3-9:30,3184,7100,1,1282,4,3,837
sg-4-4-3-17:30,1682,1571,3184,7100,1,1282,4,3,837
sg-4-4-3-10:30,1682,1571,3184,7100,1,1282,4,3,837
sg-4-4-3-10-2:30,1682,1571,3184,7100,1,1282,4,3,837
sg-4-4-3-10-4:30,1682,1571,3184,7100,1,1282,4,3,837
sg-4-4-3-10-1:30,1682,1571,3184,7100,1,1282,4,3,837
sg-4-4-3-10-3:30,1682,1571,3184,7100,1,1282,4,3,837
sg-4-4-3-15:30,1682,1571,3184,7100,1,1282,4,3,837
sg-4-4-3-11:30,1682,1571,3184,7100,1,1282,4,3,837
sg-4-4-3-12:30,3184,7100,1,1282,4,3,837
sg-4-4-3-18:30,1682,1571,3184,7100,1,1282,4,3,837
sg-4-4-3-13:30,3184,7100,1,7381,7491,1282,4,3,837
sg-4-4-4:30,1,7343,3,11073,837,8878
sg-4-4-4-1:1,7255,3,11073,8878
sg-4-4-4-1-4:1,7255,3,11073,8878
sg-4-4-4-1-1:1,1270,7255,3,10936,11073,8878
sg-4-4-4-1-2:1,7255,3,11073,8878
sg-4-4-4-1-3:1,7255,3,10777,10959,11073,8878
sg-4-4-4-2:50,7210,7213,1,7256,3,11073,8878
sg-4-4-4-3:50,30,1,2780,10768,3,11073,837,8878
sg-4-4-4-4:50,30,1,7591,3,11073,8878
sg-4-4-4-4-3:50,30,1,7591,3,11073,8878
sg-4-4-4-4-4:50,30,1,7591,3,11073,8878
sg-4-4-4-4-1:50,30,1,7591,3,11073,8878
sg-4-4-4-4-5:50,30,1,7591,3,11073,8878
sg-4-4-4-4-6:50,30,1,7591,3,11073,8878
sg-4-4-4-4-2:50,30,1,7591,3,11073,8878
sg-4-4-4-5:50,30,1682,1571,1,3,11073,8878
sg-4-4-4-6:50,30,1,10604,10751,3,11073,8878
sg-4-4-4-6-4:50,30,1,10604,10751,3,11073,8878
sg-4-4-4-6-1:50,30,1,10604,10751,3,11073,8878
sg-4-4-4-6-2:50,30,1,10604,10751,3,11073,8878
sg-4-4-4-6-3:50,30,1,10604,10751,3,11073,8878
sg-4-4-4-7:7211,1,2777,3,10963,11073,8878
sg-4-4-4-17:30,1,7343,3,11073,837,8878
sg-4-4-4-10:30,1,7343,3,11073,837,8878
sg-4-4-4-11:30,1,7343,3,11073,837,8878
sg-4-4-4-15:30,1,7343,3,11073,837,8878
sg-4-4-4-13:30,1,7343,3,11073,837,8878
sg-4-4-4-9:30,1,7343,3,11073,837,8878
sg-4-4-4-8:30,2336,80,1,7257,2783,128,3,3009,846,87,11073,837,847,8878
sg-4-4-4-8-1:30,2336,80,1,7257,2783,128,3,3009,846,87,11073,837,847,8878
sg-4-4-4-8-3:30,2336,80,1,7257,2783,128,3,3009,846,87,11073,837,847,8878
sg-4-4-4-8-2:30,2336,80,1,7257,2783,128,3,3009,846,87,11073,837,847,8878
sg-4-4-4-8-4:30,2336,80,1,7257,2783,128,3,3009,846,87,11073,837,847,8878
sg-4-4-4-16:30,1,7343,3,11073,837,8878
sg-4-4-4-12:30,1,7343,3,11073,837,8878
sg-4-4-4-14:30,1,7343,3,11073,837,8878
sg-4-4-9:1,3
sg-4-4-5:1,3
sg-4-4-5-1:1,3
sg-4-4-5-2:7084,1,3
sg-4-4-5-3:1,3
sg-4-4-6:30,1682,1571,1,3,11085,837,2877,2878,1283
sg-4-4-7:1,3
sg-4-4-7-1:1,3
sg-4-4-7-2:1,3
sg-4-4-8:1,4,3
sg-4-5:1,6683,3
sg-4-5-1:1,6683,10584,3
sg-4-5-1-9:1,6683,10584,3
sg-4-5-1-1:1,6683,10582,10584,4,10723,3
sg-4-5-1-1-2:1,6683,10582,10584,4,10723,3
sg-4-5-1-1-1:1,6683,10582,10584,4,10723,3
sg-4-5-1-1-4:1,6683,10582,10584,4,10723,3
sg-4-5-1-1-5:1,6683,10582,10584,4,10723,3
sg-4-5-1-1-3:1,6683,10582,10584,4,10723,3
sg-4-5-1-2:50,30,1284,1,2927,6683,10584,10587,4,3,87,837,11126
sg-4-5-1-2-1:50,30,1284,1,2927,6683,10584,10587,4,3,87,837,11126
sg-4-5-1-2-2:50,30,1284,1,2927,6683,10584,10587,4,3,87,837,11126
sg-4-5-1-3:2550,1,6683,10584,10585,3
sg-4-5-1-3-1:2550,1,7365,6683,7417,10584,10585,3
sg-4-5-1-3-2:2550,1,7365,6683,7417,10584,10585,3
sg-4-5-1-10:1,6683,10584,3
sg-4-5-1-4:50,30,1,7390,6683,10584,10739,3
sg-4-5-1-5:1,6683,7402,10584,2914,3,5685
sg-4-5-1-5-7:1,6683,7402,10584,2914,3,5685
sg-4-5-1-5-8:1,6683,7402,10584,2914,3,5685
sg-4-5-1-5-9:1,6683,7402,10584,2914,3,5685
sg-4-5-1-5-1:7222,3388,1,6683,7402,10584,2879,3,3389
sg-4-5-1-5-4:1,6683,7402,10584,2914,3,5685
sg-4-5-1-5-2:1408,1,6683,7402,10584,2914,3,5685
sg-4-5-1-5-2-1:1,6683,7402,10583,10584,3
sg-4-5-1-5-2-2:1,5152,7227,6683,7402,10584,3
sg-4-5-1-5-2-2-5:1,5152,7227,6683,7402,10584,3
sg-4-5-1-5-2-2-3:1,5152,7227,6683,7402,10584,3
sg-4-5-1-5-2-2-4:1,5152,7227,6683,7402,10584,3
sg-4-5-1-5-2-2-1:1,5152,7227,6683,7402,10584,3
sg-4-5-1-5-2-2-2:1,5152,7227,6683,7402,10584,3
sg-4-5-1-5-2-3:1,7271,7364,6683,7402,10584,3
sg-4-5-1-5-2-4:1,6683,7402,7550,10584,3
sg-4-5-1-5-2-5:1,6683,7402,10584,10586,3
sg-4-5-1-5-2-5-3:1,6683,7402,10584,10586,3
sg-4-5-1-5-2-5-1:1,6683,7402,10584,10586,3
sg-4-5-1-5-2-5-5:1,6683,7402,10584,10586,3
sg-4-5-1-5-2-5-4:1,6683,7402,10584,10586,3
sg-4-5-1-5-2-5-2:1,6683,7402,10584,10586,3
sg-4-5-1-5-2-6:1,6683,7402,10584,3
sg-4-5-1-5-6:1,6683,7402,10584,2914,3,5685
sg-4-5-1-5-3:1,6683,7402,10584,2914,3,5685
sg-4-5-1-13:1,6683,10584,3
sg-4-5-1-11:1,6683,10584,3
sg-4-5-1-12:1,6683,10584,3
sg-4-5-1-6:1,6683,10584,3
sg-4-5-1-7:1,6683,10584,3
sg-4-5-1-8:6981,1,6683,10584,10772,3
sg-4-5-2:1,2927,6683,4,3
sg-4-5-2-11:1,2927,6683,4,3
sg-4-5-2-1:7117,7118,1,2927,6683,4,3
sg-4-5-2-1-1:7117,7118,1,7243,6683,3
sg-4-5-2-1-2:7117,7118,1,2927,6683,4,10722,3,10954
sg-4-5-2-1-3:7117,7118,7202,1,2927,6683,4,3
sg-4-5-2-1-6:7117,7118,1,2927,6683,4,3
sg-4-5-2-1-4:7117,7118,1,2927,6683,4,3
sg-4-5-2-1-5:7117,7118,1,2927,6683,4,3
sg-4-5-2-1-7:7117,7118,1,2927,6683,4,3
sg-4-5-2-2:7168,1,6683,1286,10740,3
sg-4-5-2-2-1:7167,7168,1,2927,6683,1286,4,10740,3
sg-4-5-2-2-1-3:7167,7168,1,2927,6683,1286,4,10740,3
sg-4-5-2-2-1-5:7167,7168,1,2927,6683,1286,4,10740,3
sg-4-5-2-2-1-1:7167,7168,1,2927,6683,1286,4,10740,3
sg-4-5-2-2-1-4:7167,7168,1,2927,6683,1286,4,10740,3
sg-4-5-2-2-1-2:7167,7168,1,2927,6683,1286,4,10740,3
sg-4-5-2-2-2:7116,7168,1,6683,7586,1286,10740,3
sg-4-5-2-3:7207,1,6683,4,3
sg-4-5-2-3-3:7207,1,6683,4,3
sg-4-5-2-3-1:7207,1,6683,4,3
sg-4-5-2-3-2:7207,1,6683,4,3
sg-4-5-2-10:1,2927,6683,4,3
sg-4-5-2-12:1,2927,6683,4,3
sg-4-5-2-4:50,1,6683,7558,3
sg-4-5-2-4-3:50,1,6683,7558,3
sg-4-5-2-4-4:50,1,6683,7558,3
sg-4-5-2-4-1:50,1,6683,7558,3
sg-4-5-2-4-2:50,1,6683,7558,3
sg-4-5-2-5:50,1,2927,6683,4,3
sg-4-5-2-5-3:50,1,2927,6683,4,3
sg-4-5-2-5-2:50,1,2927,6683,4,3
sg-4-5-2-6:1,6683,10658,3
sg-4-5-2-7:1,6683,1286,4,3,10876
sg-4-5-2-13:1,2927,6683,4,3
sg-4-5-2-8:1,6683,7461,4,3,10918,10924,10925
sg-4-5-2-8-1:1,6683,7461,4,3,10918,10924,10925
sg-4-5-2-8-2:1,6683,7461,4,3,10918,10924,10925
sg-4-5-2-9:50,1682,1571,1,6683,2914,3,10927,11051,11052,5685
sg-4-5-3:1,5678,2927,6683,2781,3
sg-4-5-3-5:1,5678,2927,6683,2781,3
sg-4-5-3-7:1,5678,2927,6683,2781,3
sg-4-5-3-1:1,6683,2914,3,5685
sg-4-5-3-2:1,7285,5678,2927,6683,2781,3
sg-4-5-3-2-1:7021,1,7285,6683,3
sg-4-5-3-2-9:1,7285,5678,2927,6683,2781,3
sg-4-5-3-2-2:1,7285,6683,3,10916,73
sg-4-5-3-2-7:1,7285,5678,2927,6683,2781,3
sg-4-5-3-2-3:50,30,1,7285,6683,3,10920,10921
sg-4-5-3-2-3-1:50,30,1,7285,6683,3,10920,10921
sg-4-5-3-2-3-2:50,30,1,7285,6683,3,10920,10921
sg-4-5-3-2-4:1,7285,6683,2914,4,3,5685
sg-4-5-3-2-5:1,7285,5678,2927,6683,2781,3
sg-4-5-3-2-6:1,7285,5678,2927,6683,2781,3
sg-4-5-3-2-8:1,7285,5678,2927,6683,2781,3
sg-4-5-3-4:1,5678,2927,6683,2781,3
sg-4-5-3-6:1,5678,2927,6683,2781,3
sg-4-5-3-3:1,5678,2927,6683,2781,3
sg-4-5-4:1,6683,3
sg-4-5-4-1:1,6683,2777,3
sg-4-5-4-4:1,6683,3
sg-4-5-4-2:1,6683,4,3,10875
sg-4-5-4-3:1,6683,4,3
sg-4-5-4-5:1,6683,3
sg-4-5-5:30,1,5678,2927,6683,2781,3,837
sg-4-5-5-1:50,30,1,6683,7574,2780,3,837
sg-4-5-5-5:30,1,5678,2927,6683,2781,3,837
sg-4-5-5-6:30,1,5678,2927,6683,2781,3,837
sg-4-5-5-7:30,1,5678,2927,6683,2781,3,837
sg-4-5-5-2:50,30,1,2927,6683,7401,4,3,10776
sg-4-5-5-3:1,6683,7570,4,3,11220
sg-4-5-5-3-3:1,6683,7570,4,3,11220
sg-4-5-5-3-1:1,6683,7570,4,3,11220
sg-4-5-5-3-2:1,6683,7570,4,3,11220
sg-4-5-5-3-4:1,6683,7570,4,3,11220
sg-4-5-5-3-5:1,6683,7570,4,3,11220
sg-4-5-5-4:50,30,1,2927,6683,6708,7544,4,3,837
sg-4-5-5-4-2:50,30,1,2927,6683,6708,7544,4,3,837
sg-4-5-5-4-3:50,30,1,2927,6683,6708,7544,4,3,837
sg-4-5-5-4-1:50,30,1,2927,6683,6708,7544,4,3,837
sg-4-5-7:1,6683,3
sg-4-5-6:1,6683,3
sg-4-6:1,3
sg-4-6-1:1,10663,3
sg-4-6-1-5:1,10663,3
sg-4-6-1-1:6987,1,10662,10663,3
sg-4-6-1-2:1,10608,10663,5521,3
sg-4-6-1-3:1,7577,10663,3
sg-4-6-2:50,1,3,837,11185,3185
sg-4-6-2-1:50,1,4,3,837,11185,3185
sg-4-6-2-2:50,1,3,837,11184,11185,3185
sg-4-6-2-5:50,1,3,837,11185,3185
sg-4-6-2-3:50,1,7336,3,837,11185,3185
sg-4-6-2-4:50,1,3,837,11185,3185
sg-4-6-3:6982,1682,1571,1,3
sg-4-6-3-3:6982,1682,1571,1,3
sg-4-6-3-4:6982,1682,1571,1,3
sg-4-6-3-2:6982,1682,1571,1,3
sg-4-6-3-1:6982,1682,1571,1,3
sg-4-6-22:1,3
sg-4-6-19:1,3
sg-4-6-4:1,7605,4,3
sg-4-6-5:1,10622,4,3
sg-4-6-5-1:1,7456,10622,1545,3
sg-4-6-5-2:1,7237,10622,4,3
sg-4-6-5-3:1,10622,4,3
sg-4-6-5-4:1,10622,4,3
sg-4-6-5-5:1,10622,4,3
sg-4-6-5-6:7136,1,10622,4,3
sg-4-6-5-7:1,10622,4,3
sg-4-6-5-8:1,10622,4,3
sg-4-6-5-9:1,10622,4,3
sg-4-6-5-10:7137,1,10622,4,3
sg-4-6-5-11:1,10622,4,3,10812,11082
sg-4-6-5-12:1,10622,1545,3
sg-4-6-5-22:1,10622,4,3
sg-4-6-5-23:1,10622,4,3
sg-4-6-5-21:1,10622,4,3
sg-4-6-5-13:1,10622,4,3
sg-4-6-5-14:1,7474,10622,4,3
sg-4-6-5-15:1,10622,4,3
sg-4-6-5-16:1,10622,1545,3
sg-4-6-5-17:1,10622,4,3
sg-4-6-5-18:7029,1,10622,4,3,10782
sg-4-6-5-19:1,7455,10622,1545,3
sg-4-6-5-20:1,10622,4,3,11048
sg-4-6-6:1,7454,4,3
sg-4-6-6-1:1,7454,10676,4,3
sg-4-6-6-2:1,7453,7454,4,3
sg-4-6-6-5:1,7454,4,3
sg-4-6-6-3:1,7454,4,3
sg-4-6-6-4:1,7454,2880,3,6821
sg-4-6-6-6:1,7454,4,3
sg-4-6-21:1,3
sg-4-6-23-1:1,3
sg-4-6-23-2:1,3
sg-4-6-7:1682,1571,1,1288,3
sg-4-6-7-6:1682,1571,1,1288,3
sg-4-6-7-2:1682,1571,1,1288,3
sg-4-6-7-3:1682,1571,1,1288,3
sg-4-6-7-1:1682,1571,1,1288,3
sg-4-6-8:1682,1571,1,7264,3
sg-4-6-8-1:1,7264,7281,3
sg-4-6-8-1-1:1,7264,7281,3
sg-4-6-8-1-2:1,7264,7281,3
sg-4-6-8-5:1682,1571,1,7264,3
sg-4-6-8-6:1682,1571,1,7264,3
sg-4-6-8-4:1682,1571,1,7264,3
sg-4-6-8-7:1682,1571,1,7264,3
sg-4-6-8-2:1,7264,10682,3
sg-4-6-8-3:1289,1,7264,7265,3
sg-4-6-8-3-3:1289,1,7264,7265,3
sg-4-6-8-3-2:1289,1,7264,7265,3
sg-4-6-8-3-1:1289,1,7264,7265,3
sg-4-6-9:1682,1571,1,2190,3,7375,1290,1,1291,3
sg-4-6-9-1:1,2190,3,7163,7374,7375,1290,10869,1,1291,3
sg-4-6-9-11:1682,1571,1,2190,3,7375,1290,1,1291,3
sg-4-6-9-2:6976,1,2190,3,7375,1290,1,1291,3
sg-4-6-9-9:1682,1571,1,2190,3,7375,1290,1,1291,3
sg-4-6-9-3:6999,1,2190,3,7375,1290,10689,1,1291,3
sg-4-6-9-10:1682,1571,1,2190,3,7375,1290,1,1291,3
sg-4-6-9-12:1682,1571,1,2190,3,7375,1290,1,1291,3
sg-4-6-9-13:1682,1571,1,2190,3,7375,1290,1,1291,3
sg-4-6-9-8:1682,1571,1,2190,3,7375,1290,1,1291,3
sg-4-6-9-4:1,2190,3,7375,1290,1,1291,3
sg-4-6-9-5:1,2190,3,7375,1290,1,1291,3
sg-4-6-9-6:6998,1,2190,3,7375,7376,1290,10872,1,1291,3
sg-4-6-9-7:1682,1571,1,2190,3,7375,1290,1,1291,3
sg-4-6-10:1682,1571,1,3
sg-4-6-10-1:1,3
sg-4-6-10-4:1682,1571,1,3
sg-4-6-10-2:1,4,3
sg-4-6-10-5:1682,1571,1,3
sg-4-6-10-3:1682,1571,1,3
sg-4-6-11:1,1292,3,1293,1294,7554,1,1295,3,4,1,1296,3
sg-4-6-11-1:1,1292,3,1293,1294,7554,1,1295,3,5070,10870,1,10893,1296,3
sg-4-6-11-16:1,1292,3,1293,1294,7554,1,1295,3,4,1,1296,3
sg-4-6-11-2:1,1292,3,1293,1294,7554,1,1295,3,1,1296,3
sg-4-6-11-13:1,1292,3,1293,1294,7554,1,1295,3,4,1,1296,3
sg-4-6-11-3:1,1292,3,1293,1294,7473,7554,1,1295,3,10871,1,1296,3
sg-4-6-11-3-2:1,1292,3,1293,1294,7473,7554,1,1295,3,10871,1,1296,3
sg-4-6-11-3-3:1,1292,3,1293,1294,7473,7554,1,1295,3,10871,1,1296,3
sg-4-6-11-3-1:1,1292,3,1293,1294,7473,7554,1,1295,3,10871,1,1296,3
sg-4-6-11-4:1,1292,3,1293,1294,7554,1,1295,3,5070,1,1296,3
sg-4-6-11-4-1:1,1292,3,1293,1294,7554,1,1295,3,5070,1,1296,3
sg-4-6-11-4-2:1,1292,3,1293,1294,7554,1,1295,3,5070,1,1296,3
sg-4-6-11-14:1,1292,3,1293,1294,7554,1,1295,3,4,1,1296,3
sg-4-6-11-15:1,1292,3,1293,1294,7554,1,1295,3,4,1,1296,3
sg-4-6-11-5:1,1292,3,1293,1294,7554,1,1295,3,1,10892,10895,1296,3
sg-4-6-11-6:1,1292,3,1293,1294,7554,1,1295,3,1,1296,3
sg-4-6-11-7:1,1292,3,1293,1294,7554,7555,1,1295,3,1,1296,3
sg-4-6-11-8:1682,1571,1,1292,3,1293,1294,7554,1,1295,3,1,1296,3
sg-4-6-11-9:1,1292,3,1293,1294,7554,1,1295,3,1,1296,3
sg-4-6-11-10:1,1292,3,1293,1294,7554,1,1295,3,1,1296,3,11118,11130
sg-4-6-11-11:1,1292,3,1293,1294,7554,1,1295,3,10891,1,10894,1296,3
sg-4-6-11-12:1,1292,3,1293,1294,7554,1,1295,3,1,1296,3
sg-4-6-24:1,3
sg-4-6-12:1,3,11127,1297
sg-4-6-12-5:1,3,11127,1297
sg-4-6-12-4:1,3,11127,1297
sg-4-6-12-2:1,3,11127,1297
sg-4-6-12-6:1,3,11127,1297
sg-4-6-12-1:1,3,11127,1297
sg-4-6-12-7:1,3,11127,1297
sg-4-6-13:1682,1571,1,4,3
sg-4-6-13-1:7016,1682,1571,7175,1,4,3
sg-4-6-13-1-1:7016,7175,1,7355,7356,7602,4,3
sg-4-6-13-1-12:7016,1682,1571,7175,1,4,3
sg-4-6-13-1-2:7016,7175,1,7472,7583,4,3
sg-4-6-13-1-3:7016,1682,1571,7175,1,4,3
sg-4-6-13-1-4:7016,7175,1,2914,10685,4,3,10855,5685
sg-4-6-13-1-5:7016,7175,1,4,3
sg-4-6-13-1-6:7016,7175,1,4,3,11022,11023
sg-4-6-13-1-6-1:7016,7175,1,4,3,11022,11023
sg-4-6-13-1-6-2:7016,7175,1,4,3,11022,11023
sg-4-6-13-1-7:7016,7175,1,7452,4,3,11032
sg-4-6-13-1-8:7016,7175,1,4,3,11099,11100
sg-4-6-13-1-9:7016,7175,1,4,3,11238
sg-4-6-13-1-9-1:7016,7175,1,4,3,11238
sg-4-6-13-1-9-2:7016,7175,1,4,3,11238
sg-4-6-13-1-10:7016,7175,1,10610,4,3,11009
sg-4-6-13-1-10-4:7016,7175,1,10610,4,3,11009
sg-4-6-13-1-10-3:7016,7175,1,10610,4,3,11009
sg-4-6-13-1-10-1:7016,7175,1,10610,4,3,11009
sg-4-6-13-1-10-2:7016,7175,1,10610,4,3,11009
sg-4-6-13-1-13:7016,1682,1571,7175,1,4,3
sg-4-6-13-1-15:7016,1682,1571,7175,1,4,3
sg-4-6-13-1-16:7016,1682,1571,7175,1,4,3
sg-4-6-13-1-14:7016,1682,1571,7175,1,4,3
sg-4-6-13-1-11:7016,7175,1,4,3,11109
sg-4-6-13-2:1682,1571,1,7465,7466,4,3
sg-4-6-13-3:7046,1,7450,7604,7607,5962,2914,3,5685
sg-4-6-13-3-1:7046,1,7450,7601,7603,7604,7606,7607,5962,3
sg-4-6-13-3-1-2:7046,1,7450,7601,7603,7604,7606,7607,5962,3
sg-4-6-13-3-1-1:7046,1,7450,7601,7603,7604,7606,7607,5962,3
sg-4-6-13-3-2:7046,1,7450,7451,7604,7607,7608,5962,3
sg-4-6-13-6:1682,1571,1,4,3
sg-4-6-13-4:1,3,10979,2881
sg-4-6-13-4-1:1,3,10978,10979,2881
sg-4-6-13-4-2:1,3,10979,2881
sg-4-6-13-4-11:1,3,10979,2881
sg-4-6-13-4-3:1,3,10979,2881,10980
sg-4-6-13-4-10:1,3,10979,2881
sg-4-6-13-4-4:1,7366,3,10979,2881
sg-4-6-13-4-12:1,3,10979,2881
sg-4-6-13-4-9:1,3,10979,2881
sg-4-6-13-4-7:1,3,10979,2881
sg-4-6-13-4-8:1,3,10979,2881
sg-4-6-13-4-5:1,3,10979,2881
sg-4-6-13-4-6:1,3,10979,2881,11024,11025,11026
sg-4-6-13-5:50,1,4,3
sg-4-6-25:1,3
sg-4-6-14:1,4,3,11160
sg-4-6-14-3:1,4,3,11160
sg-4-6-14-1:1,4,3,11160
sg-4-6-14-5:1,4,3,11160
sg-4-6-14-4:1,4,3,11160
sg-4-6-18:1,3
sg-4-6-15:1,3
sg-4-6-15-1:7072,1,4,3
sg-4-6-15-2:1,3,11244
sg-4-6-15-13:1,3
sg-4-6-15-5:1,3
sg-4-6-15-3:1,3
sg-4-6-15-11:1,3
sg-4-6-15-8:1,3
sg-4-6-15-6:1,3
sg-4-6-15-4:1,3
sg-4-6-15-7:1,3
sg-4-6-15-10:1,3
sg-4-6-15-12:1,3
sg-4-6-15-9:1,3
sg-4-6-20:1,3
sg-4-6-16:7030,1,10680,3
sg-4-6-16-2:7030,1,10680,3
sg-4-6-16-1:7030,1,10680,3
sg-4-6-16-4:7030,1,10680,3
sg-4-6-16-3:7030,1,10680,3
sg-4-6-17:1,3
sg-4-6-17-1:1,3
sg-4-6-17-2:1,3
sg-4-18:1,3
sg-4-7:1,3
sg-4-7-1:1,7371,7372,4,3
sg-4-7-2:1,7526,2882,4,3
sg-4-7-3:1,3
sg-4-7-3-1:1,3,1221
sg-4-7-3-2:1,7268,3,10109,11193
sg-4-7-3-2-2:1,7268,3,10109,11193
sg-4-7-3-2-1:1,7268,3,10109,11193
sg-4-7-3-7:1,3
sg-4-7-3-3:1,3
sg-4-7-3-5:1,3
sg-4-7-3-6:1,3
sg-4-7-3-4:1,3
sg-4-7-3-8:1,3
sg-4-7-3-9:1,3
sg-4-7-4:1,7527,3
sg-4-7-4-2:1,7527,3
sg-4-7-4-4:1,7527,3
sg-4-7-4-1:1,7527,3
sg-4-7-4-3:1,7527,3
sg-4-7-5:1,4,3
sg-4-7-16:1,3
sg-4-7-6:1,7528,7529,7530,1972,4,3
sg-4-7-7:1682,1571,1,7532,3
sg-4-7-7-7:1682,1571,1,7532,4,3
sg-4-7-7-1:1298,1299,1,7532,7533,7545,1208,4,3,1300
sg-4-7-7-2:1,7532,4,3
sg-4-7-7-4:1682,1571,1,7532,4,3
sg-4-7-7-5:1682,1571,1,7532,4,3
sg-4-7-7-3:1298,1299,1,7232,7532,1208,10656,4,3,1300,10951,11020
sg-4-7-7-6:1682,1571,1,7532,4,3
sg-4-7-8:1298,1299,1,1208,10670,4,3,1300
sg-4-7-8-2:1298,1299,1,1208,10670,4,3,1300
sg-4-7-8-1:1298,1299,1,1208,10670,4,3,1300
sg-4-7-8-3:1298,1299,1,1208,10670,4,3,1300
sg-4-7-9:7224,1298,1299,1,7531,1208,4,3,1300
sg-4-7-9-4:7224,1298,1299,1,7531,1208,4,3,1300
sg-4-7-9-2:7224,1298,1299,1,7531,1208,4,3,1300
sg-4-7-9-6:7224,1298,1299,1,7531,1208,4,3,1300
sg-4-7-9-5:7224,1298,1299,1,7531,1208,4,3,1300
sg-4-7-9-7:7224,1298,1299,1,7531,1208,4,3,1300
sg-4-7-9-1:7224,1298,1299,1,7531,1208,4,3,1300
sg-4-7-9-3:7224,1298,1299,1,7531,1208,4,3,1300
sg-4-7-10:1,5890,7460,3,6100
sg-4-7-11:50,30,1,2780,3,837
sg-4-7-17:1,3
sg-4-7-15:30,2336,7212,80,1,2783,7534,128,3,3009,846,87,837,847,11198
sg-4-7-12:1,7535,3
sg-4-7-13:50,1,2777,3,11143,11144
sg-4-7-14:30,1,7536,3
sg-4-7-14-9:30,1,7536,3
sg-4-7-14-6:30,1,7536,3
sg-4-7-14-7:30,1,7536,3
sg-4-7-14-5:30,1,7536,3
sg-4-7-14-10:30,1,7536,3
sg-4-7-14-8:30,1,7536,3
sg-4-7-14-1:30,1,7536,7537,3
sg-4-7-14-2:30,6988,7041,1,7536,3
sg-4-7-14-3:30,1,7536,3
sg-4-7-14-3-1:30,1,7536,3
sg-4-7-14-3-2:30,1,7536,3
sg-4-7-14-3-3:30,1,7536,3
sg-4-7-14-11:30,1,7536,3
sg-4-7-14-4:30,1,7536,3,11102
sg-4-8:1,10771,3
sg-4-8-1:50,30,1,4,10771,3,11068,837
sg-4-8-1-1:50,30,1,4,10771,3,11068,837
sg-4-8-1-2:50,30,1,4,10771,3,11068,837
sg-4-8-8:1,10771,3
sg-4-8-2:1,7505,7576,10771,3,1218
sg-4-8-7:1,10771,3
sg-4-8-3:1,1301,10771,3
sg-4-8-5:1,10771,3
sg-4-8-6:1,10771,3
sg-4-8-4:1,10771,3
sg-4-9:1,3
sg-4-9-7:1,3
sg-4-9-7-5:1,3
sg-4-9-7-1:6986,5574,1,7238,7269,3,10826,10432
sg-4-9-7-1-1:6986,7065,5574,1,7238,7269,3,10826,10432
sg-4-9-7-1-4:6986,7065,5574,1,7238,7269,3,10826,10432
sg-4-9-7-1-2:6986,7065,5574,1,7238,7269,3,10826,10432
sg-4-9-7-1-3:6986,7065,5574,1,7238,7269,3,10826,10432
sg-4-9-7-1-5:6986,7065,5574,1,7238,7269,3,10826,10432
sg-4-9-7-2:2889,1,7449,7609,3,10853
sg-4-9-7-2-6:2889,1,7449,7609,3,10853
sg-4-9-7-2-1:2889,1,7449,7609,3,10853
sg-4-9-7-2-4:2889,1,7449,7609,3,10853
sg-4-9-7-2-3:2889,1,7449,7609,3,10853
sg-4-9-7-2-2:2889,1,7449,7609,3,10853
sg-4-9-7-2-5:2889,1,7449,7609,3,10853
sg-4-9-7-3:1,3,10783
sg-4-9-7-4:1,10667,3
sg-4-9-7-4-1:50,30,1,2780,10667,3,837
sg-4-9-7-4-7:1,10667,3
sg-4-9-7-4-2:50,30,1,10667,3
sg-4-9-7-4-2-1:50,30,1,10667,3
sg-4-9-7-4-2-3:50,30,1,10667,3
sg-4-9-7-4-6:1,10667,3
sg-4-9-7-4-5:1,10667,3
sg-4-9-7-4-3:1,2843,10667,10754,3
sg-4-9-7-4-4:50,1,7275,10595,10667,10686,3
sg-4-9-7-4-4-1:50,1,7275,10595,10667,10686,3
sg-4-9-7-4-4-2:50,1,7275,10595,10667,10686,3
sg-4-9-7-6:1,3
sg-4-9-1:1,3
sg-4-9-1-11:30,1303,1,3
sg-4-9-1-11-1:50,30,1303,7006,1,1208,3
sg-4-9-1-11-2:50,30,1303,1,7444,1208,2780,3,10877,10878,10879,837
sg-4-9-1-11-2-1:50,30,1303,1,7444,1208,2780,3,10877,10878,10879,837
sg-4-9-1-11-2-2:50,30,1303,1,7444,1208,2780,3,10877,10878,10879,837
sg-4-9-1-11-5:7002,1303,1,1208,3
sg-4-9-1-11-5-2:7002,1303,1,1208,3
sg-4-9-1-11-5-1:7002,1303,1,1208,3
sg-4-9-1-11-3:30,1302,1303,4365,1,4,3
sg-4-9-1-11-3-2:30,1302,1303,4365,1,4,3
sg-4-9-1-11-3-3:30,1302,1303,4365,1,4,3
sg-4-9-1-11-3-1:30,1302,1303,4365,1,4,3
sg-4-9-1-11-4:1,1208,3,1307
sg-4-9-1-10:1303,7004,1,1208,3
sg-4-9-1-10-1:6980,7000,1303,7004,1,7234,1208,3
sg-4-9-1-10-2:1303,7004,1,1208,3
sg-4-9-1-10-2-3:1303,7004,1,1208,3
sg-4-9-1-10-2-1:1303,7004,1,1208,3
sg-4-9-1-10-2-4:1303,7004,1,1208,3
sg-4-9-1-10-2-6:1303,7004,1,1208,3
sg-4-9-1-10-2-2:1303,7004,1,1208,3
sg-4-9-1-10-2-5:1303,7004,1,1208,3
sg-4-9-1-10-5:1303,7004,1,1208,3
sg-4-9-1-10-3:1303,7004,1,1208,3
sg-4-9-1-10-4:1303,7004,1,1208,3
sg-4-9-1-4:1303,7008,1,3
sg-4-9-1-4-7:1303,7008,1,3
sg-4-9-1-4-6:1303,7008,1,3
sg-4-9-1-4-1:30,1303,7008,2883,7010,1,7463,3
sg-4-9-1-4-1-1:30,1303,7008,2883,7010,1,7463,3
sg-4-9-1-4-1-2:30,1303,7008,2883,7010,1,7463,3
sg-4-9-1-4-5:1303,7008,1,3
sg-4-9-1-4-2:1303,7008,1,2884,10732,3
sg-4-9-1-4-2-1:1303,7008,7011,1,2884,10732,3
sg-4-9-1-4-2-6:1303,7008,1,2884,10732,3
sg-4-9-1-4-2-2:1303,7008,7014,1,10730,2884,10732,3
sg-4-9-1-4-2-3:1303,7008,1,2884,10732,10733,3
sg-4-9-1-4-2-4:1303,7008,1,10731,2884,10732,3
sg-4-9-1-4-2-5:1303,7008,1,2884,10732,3
sg-4-9-1-4-4:1303,7008,1,3
sg-4-9-1-4-8:1303,7008,1,3
sg-4-9-1-4-3:1303,7008,7170,2885,7169,1,3
sg-4-9-1-4-3-1:1303,7008,7149,4366,7170,7171,2885,7169,1,3
sg-4-9-1-4-3-2:1303,7008,7170,2885,7169,1,7431,7432,3
sg-4-9-1-5:30,1303,7007,1,7462,4,10734,3
sg-4-9-1-5-3:30,1303,2969,7007,1,7462,10734,3
sg-4-9-1-5-1:30,1303,2969,7012,7007,1,7462,10734,3
sg-4-9-1-5-2:30,1303,7007,2969,1,7462,10734,3
sg-4-9-1-5-2-2:30,1303,7007,2969,1,7462,10734,3
sg-4-9-1-5-2-1:30,1303,7007,2969,1,7462,10734,3
sg-4-9-1-6:1302,1,7247,3
sg-4-9-1-6-2:1302,7009,7013,1,7247,3
sg-4-9-1-6-3:1302,1,7247,3
sg-4-9-1-6-8:1302,1,7247,3
sg-4-9-1-6-4:1302,7001,1,7246,7247,3
sg-4-9-1-6-4-3:1302,7001,1,7246,7247,3
sg-4-9-1-6-4-1:1302,7001,1,7246,7247,3
sg-4-9-1-6-4-2:1302,7001,1,7246,7247,3
sg-4-9-1-6-4-4:1302,7001,1,7246,7247,3
sg-4-9-1-6-7:1302,1,7247,3
sg-4-9-1-6-5:1302,1,7247,3
sg-4-9-1-6-10:1302,1,7247,3
sg-4-9-1-6-6:1302,1,7247,3,11038,11039
sg-4-9-1-6-6-1:1302,1,7247,3,11038,11039
sg-4-9-1-6-6-4:1302,1,7247,3,11038,11039
sg-4-9-1-6-6-2:1302,1,7247,3,11038,11039
sg-4-9-1-6-6-3:1302,1,7247,3,11038,11039
sg-4-9-1-6-9:1302,1,7247,3
sg-4-9-1-6-1:1302,7003,1,7247,3
sg-4-9-1-7:1303,2970,3187,3390,1,2970,3,1208,10675,1,2970,3,1,1306,3
sg-4-9-1-7-1:1303,3187,3390,1,2970,3,1208,10675,1,2970,3,1,1306,3
sg-4-9-1-7-2:1303,7225,1,2970,3,7327,10675,1,2970,3,1,1306,3
sg-4-9-1-7-2-2:1303,7225,1,2970,3,7327,10675,1,2970,3,1,1306,3
sg-4-9-1-7-2-3:1303,7225,1,2970,3,7327,10675,1,2970,3,1,1306,3
sg-4-9-1-7-2-1:1303,7225,1,2970,3,7327,10675,1,2970,3,1,1306,3
sg-4-9-1-7-3:1303,1,2970,3,10675,1,2970,3,1,1306,3
sg-4-9-1-7-3-1:1303,1,2970,3,10675,1,2970,3,1,1306,3
sg-4-9-1-7-3-2:2888,1303,3187,3390,1,2970,3,1208,10675,1,2970,3,1,1306,3
sg-4-9-1-7-4:2888,1303,3187,7150,3390,1,2970,3,1208,10675,1,2970,3,1,1306,3
sg-4-9-1-7-4-2:2888,1303,3187,7150,3390,1,2970,3,1208,10675,1,2970,3,1,1306,3
sg-4-9-1-7-4-1:2888,1303,3187,7150,3390,1,2970,3,1208,10675,1,2970,3,1,1306,3
sg-4-9-1-7-4-3:2888,1303,3187,7150,3390,1,2970,3,1208,10675,1,2970,3,1,1306,3
sg-4-9-8:6977,1,3,10825,10969
sg-4-9-8-2:6977,7071,1,7279,3,10825,10850
sg-4-9-8-2-1:6977,7071,1,7279,3,10825,10850
sg-4-9-8-2-3:6977,7071,1,7279,3,10825,10850
sg-4-9-8-2-5:6977,7071,1,7279,3,10825,10850
sg-4-9-8-2-2:6977,7071,1,7279,3,10825,10850
sg-4-9-8-2-4:6977,7071,1,7279,3,10825,10850
sg-4-9-8-3:6977,7069,7070,1,3,10825
sg-4-9-8-3-2:6977,7069,7070,1,3,10825
sg-4-9-8-3-1:6977,7069,7070,1,3,10825
sg-4-9-8-1:6977,1,3,10824,10825
sg-4-9-12:1,3
sg-4-9-2:7209,1,3
sg-4-9-2-4:7209,1,3
sg-4-9-2-3:7209,1,3
sg-4-9-2-5:7209,1,3
sg-4-9-2-1:7209,1,7254,2989,8536,3,11128
sg-4-9-2-2:7209,1,3
sg-4-9-2-6:7209,1,3
sg-4-9-9:1,3
sg-4-9-9-1:1,7511,3
sg-4-9-9-5:1,3
sg-4-9-9-2:1,3
sg-4-9-9-6:1,3
sg-4-9-9-4:1,3
sg-4-9-9-3:7129,1,7503,3
sg-4-9-9-3-1:7129,1,7503,3
sg-4-9-9-3-3:7129,1,7503,3
sg-4-9-9-3-6:7129,1,7503,3
sg-4-9-9-3-2:7129,1,7503,3
sg-4-9-9-3-4:7129,1,7503,3
sg-4-9-9-3-5:7129,1,7503,3
sg-4-9-3:1682,1571,1,10690,3
sg-4-9-3-11:1682,1571,1,10690,3
sg-4-9-3-1:6992,6993,1308,7188,1,10690,3,11161
sg-4-9-3-1-2:6992,6993,1308,7188,1,10690,3,11161
sg-4-9-3-1-3:6992,6993,1308,7188,1,10690,3,11161
sg-4-9-3-1-1:6992,6993,1308,7188,1,10690,3,11161
sg-4-9-3-1-5:6992,6993,1308,7188,1,10690,3,11161
sg-4-9-3-8:1682,1571,1,10690,3
sg-4-9-3-10:1682,1571,1,10690,3
sg-4-9-3-2:1682,1571,1,7587,10690,10735,3
sg-4-9-3-12:1682,1571,1,10690,3
sg-4-9-3-3:1,2777,2989,3391,10690,3
sg-4-9-3-3-2:7183,1,2777,2989,3391,10690,3
sg-4-9-3-3-1:7183,1,2777,3391,10690,3
sg-4-9-3-3-1-1:7183,1,2777,3391,10690,3
sg-4-9-3-3-1-3:7183,1,2777,3391,10690,3
sg-4-9-3-3-1-2:7183,1,2777,3391,10690,3
sg-4-9-3-3-3:7183,1,2777,2989,3391,10690,3
sg-4-9-3-4:1,10690,3
sg-4-9-3-4-6:1,10690,3
sg-4-9-3-4-1:1,10592,10690,3
sg-4-9-3-4-8:1,10690,3
sg-4-9-3-4-2:1,10659,10661,10690,3
sg-4-9-3-4-4:1,10690,3
sg-4-9-3-4-5:1,10690,3
sg-4-9-3-4-3:1,10690,3,10976,11153
sg-4-9-3-4-7:1,10690,3
sg-4-9-3-9:1682,1571,1,10690,3
sg-4-9-3-13:1682,1571,1,10690,3
sg-4-9-3-5:1,10690,3
sg-4-9-3-5-3:1,10690,3
sg-4-9-3-5-4:1,10690,3
sg-4-9-3-5-7:1,10690,3
sg-4-9-3-5-1:1,10690,3
sg-4-9-3-5-5:1,10690,3
sg-4-9-3-5-6:1,10690,3
sg-4-9-3-14:1682,1571,1,10690,3
sg-4-9-3-6:1308,1682,1571,1,7418,10690,3
sg-4-9-3-7:7022,1,10690,3
sg-4-9-3-7-1:1308,7022,1,10690,3,10930,10931
sg-4-9-3-7-5:7022,1,10690,3
sg-4-9-3-7-2:1308,7022,1,10591,10690,3
sg-4-9-3-7-3:1308,7022,1682,1571,1,7357,7358,7359,7360,10690,3
sg-4-9-3-7-4:2550,7022,1,10690,3,11224
sg-4-9-3-7-4-1:2550,7022,1,10690,3,11224
sg-4-9-3-7-4-2:2550,7022,1,10690,3,11224
sg-4-9-3-7-4-3:2550,7022,1,10690,3,11224
sg-4-9-4:1,3
sg-4-9-4-3:50,1,3,837
sg-4-9-4-1:50,30,1,2780,3,837
sg-4-9-4-6:50,1,3,837
sg-4-9-4-2:50,1,2843,3,837
sg-4-9-4-5:50,1,3,837
sg-4-9-4-7:50,1,3,837
sg-4-9-4-4:50,1,3,837
sg-4-9-10:1,10760,3
sg-4-9-10-9:1,10760,3
sg-4-9-10-1:1,10657,10760,3
sg-4-9-10-2:1,7539,10760,3
sg-4-9-10-2-1:1,7539,10760,3
sg-4-9-10-2-3:1,7539,10760,3
sg-4-9-10-2-2:1,7539,10760,3
sg-4-9-10-3:1,10760,3
sg-4-9-10-3-12:1,10760,3
sg-4-9-10-3-1:1,7267,10760,10766,3
sg-4-9-10-3-2:1,10760,3
sg-4-9-10-3-8:1,10760,3
sg-4-9-10-3-3:7017,1,10760,3
sg-4-9-10-3-7:1,10760,3
sg-4-9-10-3-9:1,10760,3
sg-4-9-10-3-11:1,10760,3
sg-4-9-10-3-5:1,10760,3
sg-4-9-10-3-6:1,10760,3
sg-4-9-10-3-4:1,10760,3
sg-4-9-10-3-4-1:1,10760,3
sg-4-9-10-3-4-2:1,10760,3
sg-4-9-10-3-10:1,10760,3
sg-4-9-10-4:7023,7051,1,10692,10693,10760,2889,10761,3
sg-4-9-10-5:1,10760,3,10813
sg-4-9-10-5-1:1,10760,3,10813
sg-4-9-10-5-2:1,10760,3,10813
sg-4-9-10-8:1,10760,3
sg-4-9-10-7:1,9997,10760,3
sg-4-9-10-7-6:1,9997,10760,3
sg-4-9-10-7-1:50,30,1,2780,9997,10760,3,837
sg-4-9-10-7-10:1,9997,10760,3
sg-4-9-10-7-2:50,30,1,10668,9997,10760,10765,3
sg-4-9-10-7-2-2:50,30,1,10668,9997,10760,10765,3
sg-4-9-10-7-2-3:50,30,1,10668,9997,10760,10765,3
sg-4-9-10-7-8:1,9997,10760,3
sg-4-9-10-7-5:1,9997,10760,3
sg-4-9-10-7-7:1,9997,10760,3
sg-4-9-10-7-3:1,2843,9997,10760,3
sg-4-9-10-7-3-1:1,2843,9997,10760,3
sg-4-9-10-7-3-3:1,2843,9997,10760,3
sg-4-9-10-7-3-2:1,2843,9997,10760,3
sg-4-9-10-7-9:1,9997,10760,3
sg-4-9-10-7-4:50,1,10712,9997,10760,3
sg-4-9-10-6:1,10760,10762,10763,10764,3
sg-4-9-6:1682,1571,1,10719,3
sg-4-9-6-5:1682,1571,1,10719,3
sg-4-9-6-7:1682,1571,1,10719,3
sg-4-9-6-4:1682,1571,1,10719,3
sg-4-9-6-1:1,2989,3,10965
sg-4-9-6-1-1:1,2989,3,10965
sg-4-9-6-1-3:1,2989,3,10965
sg-4-9-6-1-2:1,2989,3,10965
sg-4-9-6-2:1,7582,3
sg-4-9-6-2-1:7115,1,7582,3
sg-4-9-6-2-2:1,7582,3,11245
sg-4-9-6-2-3:1,7582,3,10966,11075
sg-4-9-6-2-4:1,7582,3
sg-4-9-6-3:1,4,3,10968,11113
sg-4-9-6-3-1:1,4,3,10968,11113
sg-4-9-6-3-2:1,4,3,10968,11113
sg-4-9-6-9:1682,1571,1,10719,3
sg-4-9-6-6:1682,1571,1,10719,3
sg-4-9-11:1,3
sg-4-9-13:1,3
sg-4-10:1,9911,3
sg-4-10-1:1,7377,9911,3
sg-4-10-2:5,7026,1,2777,10593,9911,3
sg-4-10-3:5,1,2777,10594,10607,9911,3
sg-4-10-4:5,1,4,9911,3,10883
sg-4-10-5:5,1,10597,4,9911,3
sg-4-10-12:1,9911,3
sg-4-10-6:1,9911,3
sg-4-10-7:1,10596,9911,3
sg-4-10-14:1,9911,3
sg-4-10-8:1,7245,9911,3
sg-4-10-9:5,1,4,9911,3
sg-4-10-10:5,1,4,9911,3
sg-4-10-11:1,9911,3
sg-4-10-13:1,9911,3
sg-4-11:5,1,10598,10599,4,3
sg-4-12:1,3
sg-4-12-7:1,3
sg-4-12-1:1,7594,3,10828
sg-4-12-1-4:50,30,1,7594,3,10828,10831
sg-4-12-1-6:50,30,1,7594,3,10828,10831
sg-4-12-1-3:50,30,1,7594,3,10828,10831
sg-4-12-1-1:50,30,1,7594,3,10828,10831
sg-4-12-1-1-2:50,30,1,7594,3,10828,10831
sg-4-12-1-1-1:50,30,1,7594,3,10828,10831
sg-4-12-1-2:50,30,1,7594,3,10828,10831
sg-4-12-1-5:50,30,1,7594,3,10828,10831
sg-4-12-1-7:50,30,1,7594,3,10828,10831
sg-4-12-2:1,4,3
sg-4-12-2-1:7076,7081,7082,1,3
sg-4-12-2-2:1,3
sg-4-12-2-4:1,4,3
sg-4-12-2-8:1,4,3
sg-4-12-2-9:1,4,3
sg-4-12-2-6:1,4,3
sg-4-12-2-5:1,4,3
sg-4-12-2-7:1,4,3
sg-4-12-2-3:1,3,11215,11216,11218
sg-4-12-3:30,7078,1284,1,2783,3,10611,1310,1,2890,3,87,837
sg-4-12-3-1:30,7078,1284,1,2783,3,10611,1310,1,2890,3,87,837
sg-4-12-3-5:30,7078,1284,1,2783,3,10611,1310,1,2890,3,87,837
sg-4-12-3-2:30,7078,1284,7334,1,2783,3,7493,10611,1310,1,2890,3,87,837
sg-4-12-3-3:30,7078,1284,1,2783,3,10611,1310,1,2890,3,87,837
sg-4-12-3-4:30,7078,1284,1,2783,3,10611,1310,1,2890,3,87,837
sg-4-12-4:1682,1571,1,3,11137
sg-4-12-4-1:1,3,11137
sg-4-12-4-2:1,5343,3,10896,11137
sg-4-12-4-2-2:1,5343,3,10896,11137
sg-4-12-4-2-1:1,5343,3,10896,11137
sg-4-12-4-4:1682,1571,1,3,11137
sg-4-12-4-6:1682,1571,1,3,11137
sg-4-12-4-5:1682,1571,1,3,11137
sg-4-12-4-3:1,3,11137
sg-4-12-5:30,1284,1,2783,3,1310,10897,1,2890,3,87,837
sg-4-12-5-5:30,1284,1,2783,3,1310,10897,1,2890,3,87,837
sg-4-12-5-7:30,1284,1,2783,3,1310,10897,1,2890,3,87,837
sg-4-12-5-1:30,1284,1,2783,3,1310,10897,1,2890,3,87,837,11217
sg-4-12-5-6:30,1284,1,2783,3,1310,10897,1,2890,3,87,837
sg-4-12-5-8:30,1284,1,2783,3,1310,10897,1,2890,3,87,837
sg-4-12-5-2:30,1284,1,2783,3,1310,10897,1,2890,3,87,837
sg-4-12-5-3:30,1682,1571,1284,1,2783,3,1310,10897,1,2890,3,87,10982,837
sg-4-12-5-4:30,1284,1,2783,3,1310,10897,1,2890,3,87,837,11219
sg-4-12-8:1,3
sg-4-12-6:30,1,1310,3,1257,10898,2868,837
sg-4-12-6-1:30,1,1310,3,1257,10898,2868,837
sg-4-12-6-5:30,1,1310,3,1257,10898,2868,837
sg-4-12-6-2:30,1,1310,3,1257,10898,2868,837
sg-4-12-6-3:30,1,1310,3,1257,10898,2868,837
sg-4-12-6-4:30,1,7325,1310,3,1257,10898,2868,837
sg-4-13:1,3
sg-4-13-1:1,3
sg-4-13-2:1,3
sg-4-13-2-1:1,3
sg-4-13-2-2:1,3,11131
sg-4-13-2-3:1,10639,3
sg-4-13-3:1,3
sg-4-14:1,3
sg-4-14-9:1,3
sg-4-14-1:1,3
sg-4-14-1-8:1,3
sg-4-14-1-1:1,1205,3
sg-4-14-1-5:1,3
sg-4-14-1-2:30,7025,1,3,3426,10843,3427,2854,10847,1218
sg-4-14-1-2-1:30,7025,1,3,3426,10843,3427,2854,10847
sg-4-14-1-2-2:30,7025,1,3,3426,10843,3427,2854,10846,10847,1218
sg-4-14-1-4:30,2336,80,1,2783,128,3,3009,846,87,837,847
sg-4-14-1-6:1,3
sg-4-14-1-7:1,3
sg-4-14-1-3:1,7415,3,10972,10975
sg-4-14-1-3-1:1,7415,3,10972,10973,10974,10975
sg-4-14-1-3-2:1,7415,3,10972,10975
sg-4-14-10:1,3
sg-4-14-2:1,3
sg-4-14-2-6:1,4,3
sg-4-14-2-4:1,4,3
sg-4-14-2-1:1,7330,4,3
sg-4-14-2-2:1,4,3
sg-4-14-2-5:1,4,3
sg-4-14-2-3:1,4,3
sg-4-14-3:1,3,11037
sg-4-14-3-5:1,3,11037
sg-4-14-3-1:1,3,11037
sg-4-14-3-2:7199,1,3,11037
sg-4-14-3-2-2:7199,1,3,11037
sg-4-14-3-2-3:7199,1,3,11037
sg-4-14-3-2-1:7199,1,3,11037
sg-4-14-3-3:1,4,3,1218,11037
sg-4-14-3-4:1,3,11037
sg-4-14-4:1,3
sg-4-14-4-1:7044,1,3
sg-4-14-4-2:7073,7132,1,7302,3
sg-4-14-4-2-2:7073,7132,1,7302,3
sg-4-14-4-2-3:7073,7132,1,7302,3
sg-4-14-4-2-1:7073,7132,1,7302,3
sg-4-14-4-3:1,7324,3,10948
sg-4-14-4-4:1,3
sg-4-14-4-7:1,3
sg-4-14-4-8:1,3
sg-4-14-4-5:1,3
sg-4-14-4-6:1,3
sg-4-14-4-9:1,3
sg-4-14-5:1,2891,3
sg-4-14-6:1,3
sg-4-14-6-6:1,3
sg-4-14-6-3:1,3
sg-4-14-6-7:1,3
sg-4-14-6-5:1,3
sg-4-14-6-1:1,6465,3
sg-4-14-6-4:1,3
sg-4-14-6-2:1,3,10788
sg-4-14-7:1,3
sg-4-14-7-5:1,3
sg-4-14-7-4:1,3
sg-4-14-7-1:50,30,1,3
sg-4-14-7-6:1,3
sg-4-14-7-2:2844,1206,7043,1,3
sg-4-14-7-3:1,3
sg-4-14-12:1,3
sg-4-14-8:1,3
sg-4-14-8-1:30,1,3
sg-4-14-8-2:1,7502,3,2892
sg-4-14-8-3:2844,1206,7045,1,3
sg-4-14-11:1,3
sg-4-15:30,1,3
sg-4-15-1:1682,1571,1,3
sg-4-15-1-1:1,2989,3,1283
sg-4-15-1-2:1,2989,10714,3,1283
sg-4-15-1-3:1,2989,3,1283
sg-4-15-1-4:1,2989,3,1283
sg-4-15-3:1682,1571
sg-4-15-3-1:3087,2688
sg-4-15-3-1-2:3087,2688
sg-4-15-3-1-1:3087,2688
sg-4-15-3-3:4,10932,4994
sg-4-15-3-3-1:4,10932,4994
sg-4-15-3-3-5:4,10932,4994
sg-4-15-3-3-4:4,10932,4994
sg-4-15-3-3-3:4,10932,4994
sg-4-15-3-3-2:4,10932,4994
sg-4-15-3-8:1682,1571
sg-4-15-3-7:4995,4,10715
sg-4-15-3-6:7387,4
sg-4-15-3-6-1:7387,4
sg-4-15-3-6-2:7387,4
sg-4-15-3-5:1,4,3
sg-4-15-3-4:1,7388,4,3
sg-4-15-3-4-2:1,7388,4,3
sg-4-15-3-4-3:1,7388,4,3
sg-4-15-3-4-1:1,7388,4,3
sg-4-15-3-9:1682,1571
sg-4-15-3-10:1682,1571
sg-4-15-3-2:2704,1283
sg-4-15-3-2-3:2704,1283
sg-4-15-3-2-2:2704,1283
sg-4-15-3-2-1:2704,1283
sg-4-15-4:30,1682,1571,1,3
sg-4-15-2:30,1682,1571,1,2989,3,1731,1283
sg-4-15-5:30,1682,1571,1,3
sg-4-19:1,3
sg-4-16:1,3
sg-4-16-1:1682,1571,1,3
sg-4-16-1-5:1,3
sg-4-16-1-1:1,3
sg-4-16-1-7:1682,1571,1,3
sg-4-16-1-3:1,7353,3,11167
sg-4-16-1-2:1,7354,3
sg-4-16-1-4:1,10718,3
sg-4-16-1-6:1,3
sg-4-16-2:1,3,10852
sg-4-16-3:1,7282,2989,3,10854,1311
sg-4-16-4:1682,1571,1,2914,3,5685
sg-4-16-4-7:1682,1571,1,2914,3,5685
sg-4-16-4-1:1312,1,7352,2914,4,3,11166,5685
sg-4-16-4-2:1,3
sg-4-16-4-2-1:1,4,3
sg-4-16-4-2-9:1,3
sg-4-16-4-2-2:1,3
sg-4-16-4-2-3:1,7547,3
sg-4-16-4-2-8:1,3
sg-4-16-4-2-4:7138,1,3,10983
sg-4-16-4-2-4-1:7138,1,3,10983
sg-4-16-4-2-4-3:7138,1,3,10983
sg-4-16-4-2-4-2:7138,1,3,10983
sg-4-16-4-2-5:1,3,10804
sg-4-16-4-2-6:1,3
sg-4-16-4-2-7:1,3,10890
sg-4-16-4-3:7058,1,10636,10637,4,3,11168
sg-4-16-4-4:1,4,3,1313,1314,1315
sg-4-16-7:1,3
sg-4-16-6:1,3
sg-4-16-5:50,30,1,3
sg-4-16-5-1:50,30,1682,1571,1,3
sg-4-16-5-4:50,30,1,3
sg-4-16-5-2:50,30,1,2780,3,837
sg-4-16-5-3:50,30,1,10605,10749,3
sg-4-16-5-3-1:50,30,1,10605,10749,3
sg-4-16-5-3-2:50,30,1,10605,10749,3
sg-4-16-5-3-3:50,30,1,10605,10749,3
sg-4-16-5-5:50,30,1,3
sg-4-16-5-6:50,30,1,3
sg-4-16-8:1,3
sg-4-17:1,3
sg-4-17-1:1682,1571,1,3
sg-4-17-1-6:1682,1571,1,4,3
sg-4-17-1-1:1,4,3
sg-4-17-1-5:1682,1571,1,4,3
sg-4-17-1-2:1,4,3
sg-4-17-1-4:1682,1571,1,4,3
sg-4-17-1-3:1682,1571,1,4,3
sg-4-17-2:1,2914,3,5685
sg-4-17-2-1:1,3
sg-4-17-2-1-4:1,3
sg-4-17-2-1-2:1,3
sg-4-17-2-1-3:1,3
sg-4-17-2-1-1:1,3
sg-4-17-2-18:1,2914,3,5685
sg-4-17-2-2:1,7520,3
sg-4-17-2-2-3:1,1,2842,3,1,2841,3,7520,7523,3
sg-4-17-2-2-7:1,1,2842,3,1,2841,3,7520,7523,3
sg-4-17-2-2-2:1,1,2842,3,1,2841,3,7520,7523,3
sg-4-17-2-2-1:1,2842,3,1,2841,3,7520,7523
sg-4-17-2-2-6:1,1,2842,3,1,2841,3,7520,7523,3
sg-4-17-2-2-4:1,1,2842,3,1,2841,3,7520,7523,3
sg-4-17-2-2-5:1,1,2842,3,1,2841,3,7520,7523,3
sg-4-17-2-3:1,2842,3,1,2841,3,7409,7521
sg-4-17-2-4:50,30,1,3,11000,11176,8879
sg-4-17-2-5:1,3
sg-4-17-2-6:1,4,3,11079
sg-4-17-2-19:1,2914,3,5685
sg-4-17-2-7:1,3,5
sg-4-17-2-7-1:1,3,5
sg-4-17-2-7-2:7173,7174,1,3,5
sg-4-17-2-7-3:1,3,5
sg-4-17-2-7-4:1,7394,3,5
sg-4-17-2-7-5:1,10747,10748,3,5
sg-4-17-2-7-6:1,3,5
sg-4-17-2-7-11:1,3,5
sg-4-17-2-7-7:1,7260,3,5,11180
sg-4-17-2-7-8:1,3,5
sg-4-17-2-7-10:1,3,5
sg-4-17-2-7-12:1,3,5
sg-4-17-2-7-9:1,3,5,10405
sg-4-17-2-8:1316,1,7471,3,1317,10999,5,2893,11200
sg-4-17-2-8-4:1316,1,7471,3,1317,10999,5,2893,11200
sg-4-17-2-8-1:1316,1,7471,3,1317,10999,5,2893,11200
sg-4-17-2-8-2:1316,1,7471,7548,3,1317,10999,5,11071,2893,11200
sg-4-17-2-8-3:1316,1,7471,3,1317,10999,5,2893,11200
sg-4-17-2-9:1,3,10985
sg-4-17-2-9-3:7114,1,3,10985
sg-4-17-2-9-2:7114,1,3,10985
sg-4-17-2-9-4:7114,1,3,10985
sg-4-17-2-9-5:7114,1,3,10985
sg-4-17-2-9-1:7114,1,3,10985
sg-4-17-2-10:30,7112,7140,1,3,1318,10984
sg-4-17-2-10-1:30,7112,7140,1,3,1318,10984
sg-4-17-2-10-2:30,7112,7140,1,3,1318,10984
sg-4-17-2-10-3:30,7112,7140,1,3,1318,10984
sg-4-17-2-10-4:30,7112,7140,1,3,1318,10984
sg-4-17-2-11:30,7108,1,7458,3,87,1317,837
sg-4-17-2-11-1:30,7108,1,7458,3,87,10986,1317,837
sg-4-17-2-11-2:30,7108,1,7458,3,87,1317,837
sg-4-17-2-11-3:30,7108,1,7458,3,87,1317,837
sg-4-17-2-12:30,1,4,3,10817,1317,837
sg-4-17-2-13:1,3
sg-4-17-2-13-3:30,1,3,1257,2868,1317,837
sg-4-17-2-13-1:30,7110,1,7393,10631,3,1257,2868,1317,837
sg-4-17-2-13-2:30,7109,1,3,1257,2868,1317,837
sg-4-17-2-14:1,3
sg-4-17-2-14-1:6996,6997,1,3,11059
sg-4-17-2-14-2:1,4,3,10937
sg-4-17-2-14-7:1,3
sg-4-17-2-14-5:1,3
sg-4-17-2-14-6:1,3
sg-4-17-2-14-3:1,7595,3
sg-4-17-2-14-4:1,3
sg-4-17-2-15:50,30,1319,1,1320,4,3,1318,1321,1322
sg-4-17-2-15-2:50,30,1319,1,1320,4,3,1318,1321,1322
sg-4-17-2-15-1:50,30,1319,1,1320,4,3,1318,1321,1322
sg-4-17-2-16:30,7139,1,3,87,1323,1324,837
sg-4-17-2-20:1,2914,3,5685
sg-4-17-2-17:30,1,3,1218,11001,2894,1325,11002,1323,837
sg-4-17-2-17-2:30,1,3,1218,11001,2894,1325,11002,1323,837
sg-4-17-2-17-1:30,1,3,1218,11001,2894,1325,11002,1323,837
sg-4-17-6:1,3
sg-4-17-3:1,4,3,10915,10989,10990
sg-4-17-3-1:1,4,3,10915,10989,10990
sg-4-17-3-2:1,5070,4,3,10915,10989,10990
sg-4-17-3-8:1,4,3,10915,10989,10990
sg-4-17-3-3:1,4,3,10915,10989,10990
sg-4-17-3-3-1:1,4,3,10915,10989,10990
sg-4-17-3-3-2:1,4,3,10915,10989,10990
sg-4-17-3-10:1,4,3,10915,10989,10990
sg-4-17-3-4:1,4,3,10915,10989,10990
sg-4-17-3-5:1,4,3,10915,10989,10990
sg-4-17-3-6:7164,1,4,3,10915,10989,10990
sg-4-17-3-6-1:7164,1,4,3,10915,10989,10990
sg-4-17-3-6-2:7164,1,4,3,10915,10989,10990
sg-4-17-3-7:1,4,3,10915,10989,10990
sg-4-17-4:1,3
sg-4-17-4-4:30,1,4,3,1321
sg-4-17-4-1:50,30,1319,1,7288,1320,4,3,1318,1321,1322
sg-4-17-4-3:30,1,4,3,1321
sg-4-17-4-2:30,1,4,3,1321,1975,837,1326
sg-4-17-5:1,3
tg:2274,1,3,2758,1716,2896
tg-1:1,3,2758,6570,6571,3042,2896
tg-2:1,3,2758,1716,2896
tg-2-1:1,3,2758,2896
tg-2-2:6357,6358,6359,1,6386,3190,3,2758,2896
tg-2-3:6363,6364,6365,1,3190,3,2758,2896
tg-2-4:6382,6383,1,3190,3,2758,6566,2896
tg-2-4-1:6382,6383,6385,1,3190,3,2758,6566,2896
tg-2-4-2:6382,6383,1,6395,3190,3,2758,6566,2896
tg-2-5:3191,2759,6367,1,2760,3,2758,2896
tg-2-6:6379,6380,6381,1,3,2758,2896
tg-2-7:1,2360,3,2758,134,2896
tg-2-8:1,3392,3190,3,2758,2896
tg-2-9:1,2761,6396,3,2758,2896
tg-2-10:1,3,6489,6490,2758,2896
tg-2-10-1:1,6388,3,6489,6490,2758,2896
tg-2-11:1,3,2758,2896
tg-2-12:1,1272,2677,3,6491,2758,2896
tg-2-13:1,3,2758,6534,6535,6536,2896
tg-2-14:1,3,2758,3393,2896
tg-2-15:1,3,2758,3394,2896
tg-3:12755,1,3,2758,1716,2896
tg-3-1:1,6394,3,2758,2896
tg-3-2:1,2975,3,2758,2896
tg-3-3:1,3,2758,6540,6569,2896
tg-3-4:1,2975,3,2758,6553,2896
tg-3-5:1,2975,3,2764,2758,2896
tg-3-6:1,3,6487,6488,2758,2896
tg-3-7:1,2786,2975,3,2758,6546,6547,6548,73
tg-3-7-1:1682,1571,1,2786,2975,3,2758,6548,73
tg-3-7-2:1,3012,1341,3,2758,6548,73
tg-3-8:1,2975,3,2758,6515,2896
tg-3-9:1,2975,3,3395,2758,6554,6555,6556,2896
tg-3-10:1,2975,3,2758,6565,2896
tg-3-11:1,3,2758,2896
tg-3-12:1,2975,3,6484,6485,2758,2896
tg-3-13:1,3,2758,73,2896
tg-3-14:1342,1,2786,3,1,2765,3,2975,2758,73,2766,6612,6613
tg-3-15:1,3,2758,2896
tg-3-15-1:1,3,6481,2758,2767,2896,6264
tg-3-15-2:1682,1571,1,3,2758,2896,6619
tg-3-15-3:1,3,2758,2896,6620,6621,6622
tg-4:1,2768,3,2769,3396,2758,1716,2896
tg-4-6:1,2768,3,6504,2769,2758,2896
tg-4-7:1,2768,6442,3,2769,3396,2758,2896
tg-4-9:1,2768,6452,6453,3,2769,3396,2758,2896
tg-4-13:1,2768,3,2769,3396,2758,2896
tg-4-12:1,2768,3,2769,2758,2896
tg-5:1,3,2758,1716,2896
tg-5-1:1,3,2758,2896
tg-5-1-1:6346,1,3,2758,2896
tg-5-1-2:1682,1571,6369,1,3,2758,2896
tg-5-1-3:1,3,2758,2896
tg-5-1-4:1682,1571,6376,1,3,2758,2896
tg-5-1-4-1:6370,6374,6376,1,3,2758,2896
tg-5-1-4-2:1682,1571,6371,6375,6376,1,3,2758,2896
tg-5-1-4-3:6372,6373,6376,1,3,2758,2896
tg-5-1-5:1,3,2758,2896
tg-5-1-6:1,3,2758,6541,2896
tg-5-1-7:1,6464,6465,3,2758,2896
tg-5-1-8:1,3,2758,2896
tg-5-1-9:1682,1571,1,3,2758,6561,6562,2896
tg-5-1-10:1,3,2758,6590,2896
tg-5-1-11:1,3,2758,2896,6627,6632,6634
tg-5-1-12:1682,1571,1,2914,3,2758,2896,5685,6628,6629,6630,6631,6633
tg-5-2:1,3,2758,2896
tg-5-2-1:1682,1571,1,5678,2927,2781,6445,3,2758,2896
tg-5-2-2:1,3,2758,2896
tg-5-2-3:5679,1682,1571,1,5678,2927,2781,3,2758,2896
tg-5-2-4:1,6414,6415,3,2758,2896
tg-5-2-5:1,6466,3,2758,2896
tg-5-2-6:1,3,6474,2758,2896
tg-5-2-6-1:1,6411,6412,6413,3,6474,2758,2896
tg-5-2-6-2:1,3,6474,6500,6501,6502,6503,2758,2896
tg-5-2-6-3:1,3,6474,2758,2896
tg-5-2-6-4:1,3,6474,2758,2896
tg-5-2-6-5:1,6390,3,6474,6475,2758,2896
tg-5-2-6-6:1682,1571,1,3,6474,2758,6557,2896
tg-5-2-7:1,3,2758,2896
tg-5-2-8:1,6439,3,2758,6564,2896
tg-5-2-9:1,6469,3,2758,2896
tg-5-2-10:1682,1571,1,3,2758,134,2896
tg-5-2-11:1682,1571,1,3,2758,6580,6581,6582,6583,2896
tg-5-3:1,3,2758,2896
tg-5-3-1:6347,1,3,2758,73,2896
tg-5-4:6348,1,3,2758,73,2896
tg-5-5:6355,6356,1,3,2758,2896
tg-5-5-1:6351,6355,6356,1,3,2758,2896
tg-5-5-2:6352,6355,6356,1,3,2758,2896,6615
tg-5-5-3:6353,6355,6356,1,3,2758,2896
tg-5-5-4:6355,6356,1,3,2758,2896
tg-5-5-5:6354,6355,6356,1,3,2758,2896
tg-5-5-6:6355,6356,1682,1571,1,3,2758,2896
tg-5-5-7:6355,6356,1682,1571,1,3,2758,2896
tg-5-5-8:6355,6356,1,3,2758,6537,6538,6539,2896
tg-5-5-9:6355,6356,1,3,2758,2896
tg-5-5-10:6355,6356,1,3,2758,2896
tg-5-6:1,3,2758,6585,2896
tg-5-6-1:6360,1,3,2758,6585,2896
tg-5-6-2:6362,6361,1,3,2758,6585,2896
tg-5-6-3:1,6424,6438,3,2758,6585,2896
tg-5-6-4:1,3,2758,6545,6568,6585,2896
tg-5-6-5:1,3,2758,6585,2896
tg-5-6-6:1,3,2758,6542,6585,2896
tg-5-6-7:1,3,2758,6585,2896
tg-5-6-8:1,3,2758,6543,6585,2896
tg-5-6-9:1,3,2758,6585,2896
tg-5-6-10:1,3,2758,6544,6585,2896
tg-5-6-11:1,3,2758,6585,2896,6616,6617,6618
tg-5-7:3397,1,6387,3,2758,2896
tg-5-7-8:1682,1571,1,6389,2770,3,2758,2896
tg-5-7-11:1,6426,6427,3,2758,2896
tg-5-7-12:1682,1571,1,4,3,2758,2896
tg-5-7-13:1682,1571,1,6451,3,2758,2896
tg-5-7-14:6366,1,2914,3,2758,2896,5685,6626
tg-5-8:1,3192,6409,3,2758,837,2896
tg-5-8-1:1682,1571,1,6409,3,2758,3192,3398,2896
tg-5-8-1-1:1682,1571,1,6409,3,2758,3192,2896
tg-5-8-1-2:1682,1571,1,6409,2914,4,3,2758,3192,6584,2896,5685
tg-5-8-2:1682,1571,6368,1,6409,6463,3,2758,3192,3398,2896
tg-5-8-3:6337,1682,1571,1,5678,6402,6409,2927,2781,2914,3,2758,3192,2896,5685
tg-5-8-4:1682,1571,1,6408,6409,2914,3,2758,2896,5685
tg-5-8-5:1682,1571,1,6405,6406,6407,6409,6410,4,3,2758,2896
tg-5-8-6:1682,1571,1,6403,3192,6404,3399,6409,3,2758,2896
tg-5-8-7:1,3192,3399,6409,6462,6468,6467,3,2758,2896
tg-5-8-8:1,6409,3,6499,2758,2896
tg-5-8-8-1:1,6409,3,6499,2758,2896
tg-5-8-8-2:1,6409,3,6499,2758,2896
tg-5-8-9:1,6409,3,2772,2758,2896
tg-5-8-10:1,6409,3,6498,2772,2773,2758,2896
tg-5-8-11:6340,1682,1571,1,6409,3,2758,6567,2896
tg-5-8-12:1682,1571,1,6409,3,3192,2758,6600,6601,2896
tg-5-8-12-1:1682,1571,1,6409,3,3192,2758,6600,6601,2896
tg-5-8-12-11:1682,1571,1,6409,3,3192,2758,6600,6601,2896
tg-5-8-12-2:1682,1571,6378,1,6393,6409,3,3192,2758,6600,6601,2896
tg-5-8-12-3:6384,1,6409,3,3192,2758,6600,6601,2896
tg-5-8-12-10:1682,1571,1,6409,3,3192,2758,6600,6601,2896
tg-5-8-12-4:1682,1571,1,6397,6398,6409,4,3,3192,2758,6600,6601,2896
tg-5-8-12-5:1682,1571,1,6399,6400,6401,6409,3,3192,2758,6600,6601,2896
tg-5-8-12-6:1,6409,6420,3,3192,2758,6600,6601,2896
tg-5-8-12-7:1,6409,3,3192,2758,6600,6601,2896
tg-5-8-12-8:1,6409,6441,3,6477,3192,2758,6593,6600,6601,6605,2896
tg-5-8-12-9:1,6409,3,3192,6486,2758,6600,6601,2896
tg-5-8-12-12:1682,1571,1,6409,3,3192,2758,6600,6601,2896
tg-5-9:1,3,2758,2896
tg-5-9-1:6341,6342,6343,1,6417,6460,3,2758,2896
tg-5-9-2:1,3,2758,2896
tg-5-9-2-1:1,3,2758,2896
tg-5-9-2-3:1,3,2758,2896
tg-5-9-2-4:1682,1571,1,3,6472,6473,2758,2896
tg-5-9-2-5:1,6416,3,2758,6532,6558,6559,2896
tg-5-9-2-6:1,6430,6449,6450,3,2758,2896
tg-5-9-2-7:1,3,2758,2896
tg-5-9-3:6377,1,3,2758,2896
tg-5-9-8:1,3,2758,2896
tg-5-9-4:1,6423,3400,3,2758,2896
tg-5-9-9:1,3,2758,2896
tg-5-9-5:6344,1682,1571,1,3,6471,3401,2758,6514,2896
tg-5-9-6:5679,1682,1571,1,3,2758,2896
tg-5-9-7:6336,1,3,2758,2896
tg-5-10:1,3,2758,2896
tg-5-10-2:1,6448,3,6480,2758,6602,2896
tg-5-11:1,3,2758,2896
tg-5-12:1,3,2758,2896
tg-5-12-10:6338,6339,1,3,2758,2896
tg-5-12-2:1682,1571,1,3,2758,2896
tg-5-12-3:1,3,2758,2896
tg-5-12-4:1,6455,3,2758,2896
tg-5-12-5:1682,1571,1,6456,6457,6458,3,2758,2896
tg-5-12-6:1682,1571,1,3,2758,6587,2896
tg-5-12-6-2:1682,1571,1,3,2758,6587,2896
tg-5-12-6-1:1682,1571,1,3,2758,6587,2896
tg-5-12-7:1682,1571,1,3,2758,2896
tg-5-12-8:1,3,2758,6598,2896
tg-5-13:1,3,1221,2758,2896
tg-5-13-1:1,3,1221,2758,2896
tg-5-13-2:1,3,6470,1221,2758,2896
tg-5-13-4:1,6440,3,1221,2758,6560,2896
tg-5-13-5:6345,1682,1571,1,6447,1815,3,1221,2758,2896,6614
tg-5-13-6:1,6454,3,1221,2758,2896
tg-5-13-7:1682,1571,1,3,1221,2758,2896
tg-5-13-9:1682,1571,1,6459,3,1221,2758,2896
tg-5-13-12:1682,1571,1,2914,3,1221,2758,6591,6592,6599,2896,5685
tg-5-13-13:1682,1571,1,3,1221,2758,2896
tg-5-13-13-1:1682,1571,1,3,1221,2758,2896
tg-5-13-13-3:1682,1571,1,3,1221,2758,2896
tg-5-13-13-2:1682,1571,1,3,1221,2758,2896
tg-5-13-14:1,3,1221,2758,2896
tg-5-13-15:1,3,1221,2758,2896
tg-5-14:1,6391,2774,3,2758,2896
tg-5-15:1,3,3402,6483,2758,2001,2896
tg-5-15-1:1682,1571,1,3,3402,6483,2758,2001,6572,6573,6574,2896
tg-5-15-2:1,3,3402,6483,2758,2001,6576,6577,2896
tg-5-15-3:1682,1571,1,4,3,3402,6483,2758,2001,6579,2896
tg-5-15-4:1,3,3402,6483,2758,2001,6588,6589,2896
tg-5-15-5:1,3,3402,6483,2758,2001,6596,6597,2896
tg-5-15-6:1682,1571,1,3,3402,6483,2758,2001,2896,6611
tg-5-15-7:1682,1571,1,3,3402,6483,2758,2001,6603,6604,2896
tg-5-15-8:1682,1571,1,3,3402,6483,2758,2001,6608,6609,2896
tg-5-15-9:1682,1571,1,3,6482,3402,6483,2758,2001,2896
tg-5-16:1,3,6493,6494,6495,2758,2896
tg-5-16-1:1682,1571,1,6419,3,6479,6493,6494,6495,2758,2896
tg-5-16-1-2:1682,1571,1,6419,3,6479,6493,6494,6495,2758,2896
tg-5-16-1-3:1682,1571,1,6419,3,6479,6493,6494,6495,2758,2896
tg-5-16-1-1:1682,1571,1,6419,3,6479,6493,6494,6495,2758,2896
tg-5-16-1-4:1682,1571,1,6419,3,6479,6493,6494,6495,2758,2896
tg-5-16-2:1682,1571,1,3,3403,6493,6494,6495,2758,6575,2896
tg-5-16-3:1,3,6492,3404,6493,6494,6495,2758,2896
tg-5-16-4:1,3,6493,6494,6495,2758,2896
tg-5-16-5:1682,1571,1,3,6493,6494,6495,2758,2896
tg-5-16-6:1,3,6493,6494,6495,2758,2896
tg-5-16-7:1,3,6493,6494,6495,2758,6594,6595,2896
tg-5-16-7-1:1,3,6476,6478,6493,6494,6495,2758,6594,6595,2896
tg-5-16-7-2:1,3,6493,6494,6495,2758,6594,6595,2896
tg-5-16-7-3:1682,1571,1,2914,3,6493,6494,6495,2758,6594,6595,2896,5685
tg-5-16-7-4:1,3,6493,6494,6495,2758,6594,6595,2896
tg-5-16-8:1682,1571,1,3,6493,6494,6495,2758,6606,6607,3405,2896
tg-5-17:1,6392,3,2758,2896
tg-5-18:1,3,2758,2358,1214,2896
tg-5-18-1:1,3,6506,2758,6516,2358,1214,2896
tg-5-18-2:1682,1571,1,3,2758,6523,6524,6525,2358,1214,2896
tg-5-18-3:1682,1571,1,3,6511,6512,6513,2758,2358,1214,2896
tg-5-18-4:1682,1571,1,3,6507,6508,2758,6533,2358,1214,2896
tg-5-18-5:1,3,6509,2758,6517,6518,6519,2358,1214,2896
tg-5-18-6:1682,1571,1,3,6510,2758,6520,6521,6522,2358,1214,2896
tg-5-18-7:1682,1571,1,3,2758,2358,1214,2896
tg-5-18-8:1,3,2758,2358,1214,2896
tg-5-19:1,3,2758,2896
tg-5-20:1,3,2758,6526,2775,2896
tg-5-20-1:1682,1571,1,6418,3,2758,6526,2775,2896
tg-5-20-2:1,6431,6432,3,2758,6526,2775,2896
tg-5-20-3:1682,1571,1,3,2758,6526,2775,2896
tg-5-20-4:1,3,2758,6526,2775,2896
tg-5-20-5:1,3,2758,6526,2775,2896
tg-5-21:1,6436,3,2758,6527,6528,6529,6530,6531,2896
tg-5-29:1,3,2758,6549,6550,6551,6552,2896
tg-5-22:1,3,2758,2896
tg-5-23:1,3,2758,6563,2896
tg-5-23-1:1,3,2758,6563,2896
tg-5-23-2:6349,1,3,2758,6563,2896
tg-5-23-3:6350,1682,1571,1,5678,2927,2781,3,2758,6563,2896
tg-5-23-4:1,3,2758,6563,2896,6625
tg-5-23-5:1,6437,3,2758,6563,6578,2896
tg-5-23-6:1682,1571,1,6421,6422,3,2758,6563,2896
tg-5-23-7:1,3,2758,6563,2896
tg-5-23-8:1682,1571,1,5678,2927,2781,3,2758,6563,2896
tg-5-23-8-2:1,6433,6434,3,2758,6563,2896
tg-5-23-8-3:1682,1571,1,6443,6446,3,2758,6563,2896
tg-5-23-8-4:1,3,2758,6563,2896
tg-5-23-8-5:1,3,2758,6563,2896
tg-5-23-8-6:1,3,2758,6563,2896
tg-5-23-9:1682,1571,1,6425,3,2758,6563,2896
tg-5-23-10:1,6428,3,2758,6563,2896
tg-5-23-11:1,3,2758,6563,2896
tg-5-23-12:1,3,2758,6563,2896
tg-5-23-13:1682,1571,1,3,2758,6563,2896
tg-5-23-14:1,6435,3,6505,2758,6563,2896
tg-5-23-16:1,3,2758,6563,2896
tg-5-23-15:1,3,2758,6563,2896
tg-5-24:1,6429,3,2758,6586,2896
tg-5-25:1,3,2758,2896
tg-5-26:1,3,6497,2758,6610,2896
tg-5-26-2:1,3,6497,2758,6610,2896
tg-5-26-1:1,3,6497,2758,6610,2896
tg-5-26-3:1,3,6497,2758,6610,2896
tg-5-27:1,6461,3,2758,2896
tg-5-27-1:1,6444,6461,3,2758,2896
tg-5-27-4:1,6461,3,2758,2896
tg-5-27-3:1,6461,3,2758,2896
tg-5-27-2:1,6461,3,6496,2758,2896
tg-5-28:1,3,2758,2896,6623,6624
vp-1:2680,2948,2681,2706,3204,2705
vp-1-1:8018,8020,8027,8029,2679,8587
vp-1-2-1:3196,1924,2680,2681
vp-1-2-2:2682,1,2680,2681,3
vp-1-2-3:2683,1,2680,2681,3,2557,2685
vp-1-2-4:1,8316,2686,2680,2681,3
vp-1-2-5:8317,2687,8318,8319,8458,2680,2681
vp-1-2-5-1:8119,8317,2687,8318,8319,8458,2680,2681
vp-1-2-5-2:8317,2687,8318,8319,8458,2680,2681
vp-1-2-5-3:8220,8317,2687,8318,8319,8458,2680,2681,8502,8769
vp-1-2-5-4:8221,8222,8317,2687,8318,8319,8458,2680,2681
vp-1-2-5-5:8317,2687,8318,8319,8458,2680,2681
vp-1-2-6:1682,1571,8059,3197,2688,2680,2681
vp-1-2-6-1:1682,1571,8059,3197,2688,2680,2681
vp-1-2-6-3:1682,1571,8059,3197,2688,2680,2681
vp-1-2-6-2:1682,1571,8059,3197,2688,2680,2681
vp-1-2-7:1,2689,2680,2681,3
vp-1-2-8:50,2958,3006,2784,3258,2336,2226,1,2680,2681,3,8613,8614
vp-1-2-8-1:50,2958,3006,2784,3258,2336,2226,1,2680,2681,3,8613,8614
vp-1-2-8-2:50,2958,3006,2784,3258,8054,8055,2336,2226,1,2680,2681,3,8613,8614
vp-1-2-8-3:50,2958,3006,2784,3258,2336,2226,1,2680,2681,3,8613,8614
vp-1-2-8-4:50,2958,3006,2784,3258,2336,2226,1,8210,2680,2681,3,8613,8614
vp-1-2-8-5:50,2958,3006,2784,3258,2336,2226,1,8466,2680,2681,3,8613,8614
vp-1-2-8-6:50,2958,3006,2784,3258,2336,2226,1,2680,2681,3,8613,8614,8792
vp-1-2-9:1,2680,2948,2681,3,3198
vp-1-3:1,2680,2681,3,1221
vp-1-3-1:1682,1571,1,1859,2680,2681,8503,3,3095,1221
vp-1-3-2:1800,2690,1,8243,2680,2681,3,1221
vp-1-3-3:2691,1,2692,3406,2680,2681,3,1221
vp-1-3-4:1,3406,2680,2681,3,1221
vp-1-3-4-1:1,3406,8327,2680,2681,3,1221
vp-1-3-4-2:8134,1,3406,2680,2681,3,1221
vp-1-3-4-3:1,3406,2680,2681,3,1221
vp-1-3-5:1,1272,2680,2681,3,1221,3199
vp-1-3-5-1:1,1272,2680,2681,3,1221,3199
vp-1-3-5-2:1,1272,2680,2681,3,1221,8830,3199
vp-1-3-5-3:1,1272,2680,2681,8535,3,1221,3199
vp-1-3-5-4:8046,1,1272,2680,2681,3,1221,3199
vp-1-3-5-5:1,1272,8241,8242,2680,2681,3,1221,3199
vp-1-3-6:1,2680,2681,3200,8582,8583,8584,3,1221,5411
vp-1-3-6-1:8113,1,2680,2681,3200,8582,8583,8584,3,1221,5411
vp-1-3-6-2:8048,8049,1,2680,2681,3200,8582,8583,8584,3,1221,5411
vp-1-3-7:1,8456,2680,2681,3,1221,3065,2693
vp-1-3-8:1,2680,2681,3,1221
vp-1-3-8-1:1,2680,2681,3,1221,8726,8833
vp-1-3-8-2:1,8243,2680,2681,3,1221,8727,8817
vp-1-3-8-3:1,2680,2681,3,1221
vp-1-3-8-4:1,2680,2681,8513,3,1221
vp-1-3-8-6:1,2680,2681,3,1221,8816,8818
vp-1-3-8-7:1,2680,2681,3,1221,8882,8940,8941
vp-1-3-9:1682,1571,1,2680,2681,8514,8515,8516,3,1221,8754
vp-1-3-10:1,2680,2681,8533,2789,3,1221
vp-1-3-10-1:1,2680,2681,8533,2789,3,1221
vp-1-3-10-2:1,8163,8413,2680,2681,8533,2789,3,1221
vp-1-3-10-3:1,2680,2681,8533,2789,8578,3,1221
vp-1-3-10-4:1,2680,2681,8533,2789,3,1221,8657
vp-1-3-10-5:1,2680,2681,8533,2789,3,1221
vp-1-3-10-6:1,2680,2681,8533,2789,3,1221
vp-1-3-10-7:1,2680,2681,8533,2789,3,1221,8931
vp-1-4:1,2696,2680,2948,2681,4,3,2705
vp-1-4-23-1:1,2696,2680,2948,2681,4,3,2705
vp-1-4-1:1682,1571,8091,8106,1,8157,2680,2681,3,3201
vp-1-4-1-1:8091,8106,1,8157,2680,2681,3,3201
vp-1-4-1-10:8091,8106,1,8157,2680,2681,3,3201
vp-1-4-1-2:8077,8078,8091,8106,1,8157,2680,2681,3,8620,3201
vp-1-4-1-3:8079,8080,8081,8082,8091,8106,1,8157,8179,2680,2681,3,3201
vp-1-4-1-9:8088,8089,8091,8106,1,8157,2680,2681,3,3201
vp-1-4-1-4:8091,8106,1,8157,3
vp-1-4-1-13:8091,8093,8106,1,8157,2680,2681,3,3201
vp-1-4-1-14:8091,8094,8095,8096,8097,8106,1,8157,2680,2681,3,3201
vp-1-4-1-5:8091,8106,1,8157,2680,2681,3,3201
vp-1-4-1-6:8085,8091,8098,8099,8106,1,8153,8156,8157,2680,2681,8576,3,3201
vp-1-4-1-7:8091,8101,8102,8103,8104,8105,8106,1,8157,2680,2681,3,3201
vp-1-4-1-8:8091,8106,1,8157,2680,2681,3,3201
vp-1-4-1-11:8091,8106,8108,8109,1,8157,2680,2681,3,3201
vp-1-4-1-12:8091,8106,1,8157,2680,2681,3,3201,8915
vp-1-4-2:1,3111,2777,2680,2681,3
vp-1-4-2-1:1,3111,2777,2680,2681,3
vp-1-4-2-2:1,3111,2777,2680,2681,3
vp-1-4-2-3:1,8211,3012,1341,2680,2681,3
vp-1-4-2-4:1,3012,1341,8253,8254,2680,2681,3
vp-1-4-2-5:1,3111,2777,2680,2681,3
vp-1-4-2-6:1,3111,2777,8412,2680,2681,3
vp-1-4-2-7:1,3111,2777,2680,2681,3
vp-1-4-2-8:1,3111,2777,8334,2680,2681,3,8752,8822,8823
vp-1-4-3:1,3111,2680,2948,2681,3
vp-1-4-3-1:8005,8006,1,3111,2680,2948,2681,3
vp-1-4-3-2:1,3111,2680,2948,2681,3
vp-1-4-3-3:1,8184,3111,8320,2680,2948,2681,3
vp-1-4-3-4:1,3111,2919,2680,2681,3
vp-1-4-3-5:8067,8068,1,3111,2680,2948,2681,3
vp-1-4-3-6:8140,1,3111,2680,2948,2681,3
vp-1-4-3-7:1,3111,8443,8416,8417,2680,2948,2681,3
vp-1-4-3-8:1,3111,2680,2948,2681,3
vp-1-4-4:1,8406,2680,2948,2681,3,8741,8869
vp-1-4-4-1:1,8407,2680,2948,2681,8537,3
vp-1-4-4-2:1,8397,2680,2948,2681,3,8588
vp-1-4-4-3:1,2680,2948,2681,3,8737,8738,8739,8740
vp-1-4-4-8:1,8406,2680,2948,2681,3,8741,8869
vp-1-4-4-9:1,8406,2680,2948,2681,3,8741,8869
vp-1-4-4-4:1,2680,2948,2681,3,8743
vp-1-4-4-5:1,2680,2948,2681,3,8744,8745
vp-1-4-4-10:1,8406,2680,2948,2681,3,8741,8869
vp-1-4-4-7:1,8406,2680,2948,2681,3,8741,8869
vp-1-4-4-6:1,8190,8191,2680,2948,2681,3,8749
vp-1-4-22:2680,2948,2681,2695
vp-1-4-22-9:8324,8325,8326,2680,2948,2681,2695
vp-1-4-22-8:2680,2948,2681,2695
vp-1-4-22-2:8328,2680,2948,2681,2695
vp-1-4-22-5:8331,2680,2948,2681,2695,8681,6212
vp-1-4-22-1:2680,2948,2681,2695,8641,8642,8643
vp-1-4-22-11:2680,2948,2681,2695,8644,8645,8646
vp-1-4-22-13:2680,2948,2681,2695,8647,8648,8649,8665
vp-1-4-22-6:8118,8298,2680,2948,2681,2695,8650,8651
vp-1-4-22-4:2680,2948,2681,2695
vp-1-4-22-10:2680,2948,2681,2695
vp-1-4-22-3:2680,2948,2681,2695,8768
vp-1-4-22-7:1883,8196,8225,8226,8228,2680,2948,2681,2695
vp-1-4-22-12:7083,8230,2680,2948,2681,2695,8887,8888,8889,8890
vp-1-4-5:1,2680,2948,2681,8572,3,3202
vp-1-4-5-11:1,2680,2948,2681,8572,3,3202
vp-1-4-5-1:1,2680,2948,2681,8552,8553,3,3202
vp-1-4-5-2:1,2680,2948,2681,8554,8555,8556,3,3202
vp-1-4-5-3:1,2680,2948,2681,8557,8558,3,3202
vp-1-4-5-4:8117,1,2680,2948,2681,8560,8561,8562,8563,8564,3,3202
vp-1-4-5-10:1,2680,2948,2681,8572,3,3202
vp-1-4-5-5:1,2680,2948,2681,8565,3,3202
vp-1-4-5-6:1,8188,2680,2948,2681,8566,8567,3,3202
vp-1-4-5-9:1,2680,2948,2681,8572,3,3202
vp-1-4-5-7:1,8459,2680,2948,2681,8568,8569,3,3202
vp-1-4-5-8:1,2680,2948,2681,8570,8571,3,3202
vp-1-4-6:1,2680,2948,2681,3,3204
vp-1-4-6-1:8114,8115,8116,1,2680,2948,2681,3,8824,3204
vp-1-4-6-2:1,8236,8237,8238,2680,2948,2681,3,3204
vp-1-4-6-3:1,8248,8249,8250,2680,2948,2681,3,3204
vp-1-4-6-4:1,8299,8300,8301,2680,2948,2681,3,3204
vp-1-4-6-5:1,2680,2948,2681,3,3204
vp-1-4-6-5-5:8266,2680,2948,2681,3204
vp-1-4-6-5-4:8265,8267,8268,8269,2680,2948,2681,5254,3204
vp-1-4-6-5-1:8384,8385,8435,2680,2948,2681,3204
vp-1-4-6-5-2:8448,2680,2948,2681,3204
vp-1-4-6-5-3:8449,8450,8451,8452,2680,2948,2681,3204
vp-1-4-6-6:1,2680,2948,2681,3,8593,8594,8595,3204
vp-1-4-6-7:1,5670,2680,2948,2681,3,8775,8776,8777,3204
vp-1-4-6-8:1,2680,2948,8470,2681,8547,3,3204
vp-1-4-6-9:1,8312,8313,8314,2680,2948,2681,3,8828,3204
vp-1-4-7:8044,1,8291,8302,8303,2175,2694,8368,2680,2681,3,8606,8829,3204
vp-1-4-7-1:1,8291,2175,2694,2680,2681,3,8606,8829,3204
vp-1-4-7-2:1,8239,8291,2175,2694,8315,2680,2681,3,8606,8829,3204
vp-1-4-7-3:1,8291,2175,8306,2694,2680,2681,3,8606,8829,3204
vp-1-4-7-4:1,8291,2175,8309,2694,2680,2681,8579,3,8606,8829,3204
vp-1-4-7-5:1,8208,8291,2175,8311,2694,2680,2681,3,8606,8778,8829,3204
vp-1-4-7-6:1,8291,2175,2694,2680,2681,8559,3,8606,8826,8827,8829,3204
vp-1-4-7-7:1,8291,2175,2694,2680,8492,2681,3,8606,8829,3204
vp-1-4-7-8:1,8291,2175,2694,2680,2681,3,8606,8711,8712,8713,8829,3204
vp-1-4-8:1682,1571,1,8322,8323,2680,2948,2681,2695,3,3407
vp-1-4-8-2:1682,1571,1,8322,8323,2680,2948,2681,2695,3,3407
vp-1-4-8-1:1682,1571,1,8322,8323,2680,2948,2681,2695,3,3407
vp-1-4-8-4:1682,1571,1,8322,8323,2680,2948,2681,2695,3,3407
vp-1-4-8-3:1682,1571,1,8322,8323,2680,2948,2681,2695,3,3407
vp-1-4-8-5:1682,1571,1,8322,8323,2680,2948,2681,2695,3,3407
vp-1-4-9:1,2696,2680,2948,2681,3,3206,2705
vp-1-4-9-1:8110,8111,1,2680,2948,2681,3,3206
vp-1-4-9-11:1,8271,8272,2680,2948,2681,3,3206
vp-1-4-9-13:1,8275,8276,8277,2680,2948,2681,3,3206
vp-1-4-9-2:1,8270,8278,2680,2948,2681,3,3206
vp-1-4-9-3:1,8329,2680,2948,2681,3,3206
vp-1-4-9-9:1,2680,2948,2681,3,3206
vp-1-4-9-10:1,8295,2680,2948,2681,3,3206
vp-1-4-9-4:1,8394,8395,8396,2680,2948,2681,3,3206
vp-1-4-9-5:1,2680,2948,2681,3,3206
vp-1-4-9-6:8074,1,2680,2948,2681,3,8621,8622,3206
vp-1-4-9-12:1,2680,2948,2681,3,8714,3206
vp-1-4-9-7:1,2680,2948,2681,3,8732,3206
vp-1-4-9-8:1,2680,2948,2681,3,8813,3206
vp-1-4-10:1,2177,2680,2948,2681,3
vp-1-4-10-1:8123,8124,1,2680,2681,3
vp-1-4-10-2:1,8165,8346,8347,8348,8349,2680,2681,3
vp-1-4-10-11:1,2177,2680,2948,2681,3
vp-1-4-10-3:1,8350,8351,8352,2680,2681,3
vp-1-4-10-4:1,8354,8355,8356,2177,2680,2681,1205,8573,3
vp-1-4-10-5:1,2680,2681,3
vp-1-4-10-6:8010,1,8361,8362,2680,2681,3,8663,8664,8825
vp-1-4-10-7:1,8363,8364,8365,8366,2680,2681,3
vp-1-4-10-9:1,2177,2680,2948,2681,3
vp-1-4-10-12:1,2177,2680,2948,2681,3
vp-1-4-10-10:1,2177,2680,2948,2681,3
vp-1-4-10-8:1,8369,8371,2680,2681,3
vp-1-4-11:1682,1571,1,2696,2680,2948,2681,2695,3,2705
vp-1-4-11-1:1682,1571,1,2696,2680,2948,2681,2695,3
vp-1-4-11-2:1,2777,2696,2680,2681,2695,3
vp-1-4-11-3:1,2777,2696,8337,8338,8339,8340,2680,2681,2695,3
vp-1-4-11-4:1,2696,2680,2948,2681,2695,3,8589
vp-1-4-11-5:1,1341,2696,2680,2681,2695,3,8693,8694,8695
vp-1-4-11-6:1682,1571,1,1341,2696,2680,2681,2695,3
vp-1-4-11-7:1,2777,2696,2680,2681,2695,3,8756,8757
vp-1-4-12:1682,1571,1,2696,2680,1333,2982,2681,3
vp-1-4-12-1:1,2696,2680,1333,2982,2681,3
vp-1-4-12-2:1,2696,2680,1333,2982,2681,3
vp-1-4-12-3:1682,1571,8062,1,8207,2696,2680,8485,8486,8487,1333,2982,2681,3
vp-1-4-12-4:1682,1571,1,2696,2680,1333,2982,2681,8504,8505,3
vp-1-4-12-5:1,2696,2680,1333,2681,3
vp-1-4-12-6:1,2696,2680,1333,8488,2982,2681,8545,8546,3,8763
vp-1-4-12-7:1,2696,2680,1333,2982,2681,3
vp-1-4-12-8:1,2696,2680,1333,2982,2681,3,8814,8815
vp-1-4-13:1,2680,2681,3,8860,3408,3207,8861,3409
vp-1-4-14:1682,1571,1,2680,2681,3
vp-1-4-14-9:1,2680,2681,3
vp-1-4-14-1:8030,8032,8033,8034,1,2680,2681,3,8840
vp-1-4-14-2:8056,8057,1682,1571,1,2680,2681,3
vp-1-4-14-3:1,8372,8373,2680,2681,3,8774,8883
vp-1-4-14-10:1,2680,2681,3
vp-1-4-14-4:1,2680,2681,3
vp-1-4-14-5:1682,1571,1,2680,2681,3,8723,8724,8725
vp-1-4-14-6:1,2680,2681,3,8734,8735
vp-1-4-14-7:1682,1571,1,8168,8287,2680,2681,8517,3,8884
vp-1-4-14-8:1,2680,2681,3,8938,8939
vp-1-4-15:1,2777,2680,2681,3,3208
vp-1-4-15-1:1,8187,2777,8345,2680,2681,8550,3,8684,8690,8696,3208
vp-1-4-15-2:1,2777,8414,2680,2681,8534,3,8655,8691,8868,3208
vp-1-4-16:1682,1571,1,2697,2680,2681,3,8698
vp-1-4-16-15:8013,1,2697,2680,2681,3,8698
vp-1-4-16-16:1682,1571,1,2697,2680,2681,3,8698
vp-1-4-16-13:1,8229,2697,2680,2681,8577,3,8698
vp-1-4-16-19:1682,1571,1,2697,2680,2681,3,8698
vp-1-4-16-1:1,6288,8357,8358,2697,2680,2681,3,8698
vp-1-4-16-12:1,2697,2680,8471,2681,3,8698
vp-1-4-16-14:1,2697,2680,8496,2681,3,8697,8698
vp-1-4-16-11:1,2697,2680,2681,8499,8500,3,8698
vp-1-4-16-2:1,2697,2680,2681,3,8698,8715
vp-1-4-16-3:1,2697,2680,2681,8506,8507,8508,8509,8510,3,8698
vp-1-4-16-10:1,2697,2680,2681,8585,8586,3,8698
vp-1-4-16-4:1682,1571,1,8286,2697,2680,2681,3,8601,8604,8605,8698
vp-1-4-16-9:1,2697,2680,2681,3,8652,8698
vp-1-4-16-5:1,2697,2680,2681,3,8698
vp-1-4-16-6:1,2697,2680,2681,3,8698,8728,8729,8730
vp-1-4-16-7:1,2697,2680,2681,3,8698
vp-1-4-16-8:1,2697,2680,2681,3,8698
vp-1-4-16-18:1682,1571,1,2697,2680,2681,3,8698
vp-1-4-16-17:1682,1571,1,2697,2680,2681,3,8698
vp-1-4-17:1,2680,2948,2681,2698,3,3209
vp-1-4-17-1:1,2680,2681,2698,3,3209
vp-1-4-17-2:8148,8149,8150,1,2680,2681,2698,3,3209
vp-1-4-17-3:1,8212,8213,8214,8215,8216,8217,8218,2680,2681,2698,3,3209
vp-1-4-17-4:1,2680,8472,2681,2698,3,3209
vp-1-4-17-5:1,8252,2680,2681,2698,3,8706,8707,8708,8709,8710,3209
vp-1-4-17-10:1,2680,2948,2681,2698,3,3209
vp-1-4-17-6:8009,1,2680,2681,2698,3,8753,3209
vp-1-4-17-7:1,2680,8493,2681,2698,3,8759,3209
vp-1-4-17-9:1,2680,2948,2681,2698,3,3209
vp-1-4-17-8:1,2680,2681,2698,3,8760,8761,8762,3209
vp-1-4-17-11:1,2680,2948,2681,2698,3,3209
vp-1-4-18:1,8436,2680,2948,2681,3,8799,8801,3210
vp-1-4-18-1:1,8437,2680,2948,2681,3,8799,3210
vp-1-4-18-2:1,2680,2681,2789,3,8799,3210
vp-1-4-18-3:1,2680,2948,2681,3,8799,3210
vp-1-4-18-4:1,8296,2680,2948,2681,3,8793,8794,8799,3210
vp-1-4-18-5:8100,1,8155,2680,2948,2681,3,8799,3210
vp-1-4-18-6:1,2680,2948,2681,3,8798,8799,3210
vp-1-4-18-7:1,2680,2948,2681,3,8799,3210
vp-1-4-18-8:1,2680,2948,2681,3,8799,8800,3210
vp-1-4-19:1,8375,2680,2681,3,8802,8803,2699,3210
vp-1-4-19-1:1,8375,2680,2681,3,8802,2699,3210
vp-1-4-19-12:8244,8245,8246,8247,1,8375,2680,2681,3,8802,2699,3210
vp-1-4-19-11:1,8375,2680,2681,3,8802,2699,3210
vp-1-4-19-14:1,8375,2680,2681,3,8802,2699,3210
vp-1-4-19-17:8142,1,8375,2680,2681,3,8802,2699,3210
vp-1-4-19-9:1,8375,2680,2681,3,8671,8802,2699,3210
vp-1-4-19-15:8143,8144,8145,1,8166,8375,2680,2681,3,8602,8603,8802,2699,3210
vp-1-4-19-16:1,8375,2680,2681,3,8666,8802,2699,3210
vp-1-4-19-10:8141,8146,8147,1,8375,2680,2681,3,8802,2699,3210
vp-1-4-19-2:1,8375,2680,2681,3,8802,2699,3210
vp-1-4-19-3:1,8375,2680,2681,3,8802,2699,3210
vp-1-4-19-4:8050,1,8280,8375,8464,2680,2681,3,8802,2699,8819,3210
vp-1-4-19-13:1,8159,8341,8344,8375,2680,2681,3,8758,8802,2699,3210
vp-1-4-19-19:1,8375,2680,2681,3,8802,2699,3210
vp-1-4-19-5:1,8375,2680,2681,3,8802,2699,3210
vp-1-4-19-18:1,8375,2680,2681,3,8802,2699,3210
vp-1-4-19-6:8053,1,8375,3,8802,2699,3210
vp-1-4-19-7:1,8375,2680,2681,3,8802,8804,8805,2699,3210
vp-1-4-19-8:8063,1,8375,2680,2681,3,8802,2699,3210
vp-1-4-20:1,2680,2948,2681,3,8785,3210,8917
vp-1-4-20-1:1,8198,2680,2948,2681,3,2700,8785,3210,8872
vp-1-4-20-1-1:1,8198,2680,2948,2681,8549,3,2700,8785,3210,8872,8913
vp-1-4-20-1-2:1,8198,2680,2948,2681,3,2700,8785,3210,8872
vp-1-4-20-1-3:8061,1,8198,2680,2948,8494,2681,3,2700,8785,3210,8872
vp-1-4-20-2:1682,1571,1,2680,2948,2681,3,8795,8785,3210
vp-1-4-20-3:1,2680,2948,2681,3,6218,8783,8785,8789,3210
vp-1-4-20-3-1:1,2680,2948,2681,3,6218,8782,8783,8784,8785,8787,8788,8789,3210,2701
vp-1-4-20-3-2:1,2680,2948,2681,8531,2702,3,6218,8783,8785,8789,3210
vp-1-4-20-3-3:2703,1,2680,2948,2681,3,6218,8783,8785,8789,3210
vp-1-4-20-4:1,2680,2948,2681,3,8785,3210,8916,2704
vp-1-4-20-4-4:1,2680,2948,2681,3,8785,3210,8916,2704
vp-1-4-20-4-2:1,2680,2948,2681,3,8785,3210,8916,2704
vp-1-4-20-4-1:1,2680,2948,2681,3,8785,3210,8916,2704
vp-1-4-20-4-3:1,2680,2948,2681,3,8785,3210,8916,2704
vp-1-4-21:1,2680,2948,2681,3,8920,8923,8929,8935
vp-1-4-21-1:1,8415,2680,2948,2681,3,8920,8921,8922,8923,8924,8925,8935
vp-1-4-21-2:1,2680,2948,2681,3,8920,8923,8935
vp-1-4-21-3:1,2680,2948,2681,3,8920,8923,8935
vp-1-4-21-4:1,2680,2948,2681,3,8920,8923,8935
vp-1-4-21-4-3:1,2680,2948,2681,3,8920,8923,8933,8934,8935
vp-1-4-21-4-2:1,2680,2948,2681,3,8920,8923,8935,8936
vp-1-4-21-4-4:1,2680,2948,2681,3,8920,8923,8935
vp-1-4-21-4-1:1,2680,2948,2681,3,8920,8923,8935,8937
vp-1-5:1,3,2705
vp-1-5-1:1,4,3,2705
vp-1-5-2:5679,1,3,2706,2705
vp-1-5-2-1:1682,1571,1408,1685,1,8581,3,8659,6117,2706,2705,8886
vp-1-5-2-2:8121,8122,1,1456,3,2706,3410,2705,8912
vp-1-5-2-2-1:8120,8121,8122,1,1456,3,2706,2705
vp-1-5-2-2-2:8121,8122,8138,1,1456,3,1285,2706,2705
vp-1-5-2-2-3:8121,8122,1,1456,3,2706,2705
vp-1-5-2-2-4:8121,8122,1,8204,8209,1456,3,2706,2705,8911,8914
vp-1-5-2-3:1,1456,3,2706,2705
vp-1-5-2-3-1:8131,1,1456,3,2706,2705
vp-1-5-2-3-2:1,8176,1456,3,8733,2706,2705
vp-1-5-2-3-3:1,8551,1456,3,2706,2705
vp-1-5-2-4:5679,1,8353,8367,1456,3,2706,3211,2705
vp-1-5-2-5:1,1456,3,2706,3211,8842,2705
vp-1-5-2-6:8004,5679,1,8194,1456,3,2706,3211,2705,8871
vp-1-5-2-6-1:1,8194,1456,3,2706,3211,2705,8871
vp-1-5-2-6-2:5679,1,8194,1456,3,2706,3211,8864,2705,8871
vp-1-5-2-6-3:5679,1,8194,1456,3,8612,2706,3211,2705,8871
vp-1-5-2-6-4:1,8194,8447,1456,3,2706,3211,2705,8871
vp-1-5-3:1,1341,2707,3,2706,8834,2705
vp-1-5-3-1:1,8206,3012,1341,8293,8294,8389,3,2706,2705
vp-1-5-3-2:1,3012,1341,3,8683,2706,2705,8930
vp-1-5-3-3:1,3012,1341,2707,3,8791,2706,2705
vp-1-5-3-4:1,3012,1341,8408,8409,8410,3,2706,2705
vp-1-5-3-5:1,3012,1341,3,8719,8720,8721,8722,2706,2705
vp-1-5-3-6:1,3012,1341,2707,3,2706,2705
vp-1-5-3-6-1:1,3012,1341,2707,3,2706,2705
vp-1-5-3-6-2:1,8185,3012,1341,2707,8388,3,2706,2705,8876
vp-1-5-3-6-3:1,3012,1341,2707,8519,3,2706,2705
vp-1-5-3-6-4:1,3012,1341,2707,3,2706,2705
vp-1-5-3-6-5:1,3012,8235,1341,2707,3,2706,2705
vp-1-5-4:50,1,5678,2782,2927,2781,3,2706,3212,2705
vp-1-5-4-1:50,1,2782,3,2706,3212,2705
vp-1-5-4-2:50,2708,5679,2709,1,2782,3,1637,2706,3212,2705
vp-1-5-4-3:50,8037,1,2782,3,8662,2706,3212,2705
vp-1-5-4-4:50,1,8255,2782,3,2706,3212,2705
vp-1-5-4-5:50,5679,1,8256,8257,8258,8259,2782,3,2706,3212,2705
vp-1-5-4-6:50,5679,1,5678,2782,2927,2781,3,2706,3212,8835,2705
vp-1-5-4-7:50,1,2782,8332,8333,3,2706,3212,2705
vp-1-5-4-8:50,1,2782,3,2706,3212,2705
vp-1-5-4-9:50,1,3012,1341,3,2706,8843,8844,2705
vp-1-5-4-10:50,1,3012,1341,8474,3,2706,2705
vp-1-5-4-11:50,1,2782,3,2706,3212,8846,8847,8848,2705
vp-1-5-4-12:50,8042,1,8177,8178,8233,2789,3,2706,3212,2705
vp-1-5-4-13:50,1,2782,8475,3,2706,3212,8845,8849,8850,8851,8852,8853,8854,2705
vp-1-5-4-14:50,1,2782,3,2706,3212,8858,8859,2705
vp-1-5-4-15:50,1,5678,2782,2927,2781,2914,3,8590,8656,2706,3212,2705,5685
vp-1-5-4-16:50,1,8189,2782,3,8700,8701,2706,3212,2705
vp-1-5-4-17:50,1,2782,3,8702,8703,8704,8705,2706,3212,2705
vp-1-5-4-18:50,1,3012,1341,3,8746,2706,2705
vp-1-5-4-19:50,1,5678,2782,2927,4,3,2706,3212,2705
vp-1-5-5:1,3,2705
vp-1-5-5-1:2710,1,8224,8227,8501,3,2705
vp-1-5-5-2:8090,8092,1,8158,3,3213,2705
vp-1-5-5-3:1,3,3213,2705
vp-1-5-5-3-1:1,8160,8223,3,3213,2705
vp-1-5-5-3-2:1,8161,8231,3,3213,2705
vp-1-5-5-3-3:1,3,8658,8682,3213,2705
vp-1-5-5-4:1,8304,8305,3,3213,2705
vp-1-5-5-5:1,8167,3,3213,2705
vp-1-5-5-5-1:1316,1,8167,3,8765,8880,3213,2705
vp-1-5-5-5-2:1,8167,3,3213,2705
vp-1-5-5-5-3:1,8167,8174,8260,3,3213,2705
vp-1-5-5-6:1,8391,8392,8393,3,3213,2705
vp-1-5-5-7:8087,8086,1,3,3213,2705
vp-1-5-5-8:1,3,3202,2705,2711
vp-1-5-5-8-1:1,8307,8308,3,3202,2705,2711
vp-1-5-5-8-3:1,3,3202,2705,2711
vp-1-5-5-8-2:1,3,3202,2705,2711
vp-1-5-5-8-4:1,3,8764,3202,2705,2711
vp-1-5-5-9:1,3,3213,2705
vp-1-5-5-10:1,8180,3,8600,3213,2705
vp-1-5-5-11:1,3,3213,2705
vp-1-5-5-12:1,8199,3,3213,2705,8873,8932
vp-1-5-6:5679,1,2712,3,3212,8863,2713,2705
vp-1-5-6-1:5679,1,8193,8511,8512,2712,3,8881,2706,3212,8863,2713,2705
vp-1-5-6-2:8083,8084,1,8580,2712,3,2706,3212,8863,2713,2705
vp-1-5-7:5679,1682,1571,1,8262,3,1221,8668,2705
vp-1-5-7-1:8076,8107,1,4,3,1221,2705
vp-1-5-7-2:1,3,1221,2705
vp-1-5-7-3:2714,1,3,1221,8831,2705
vp-1-5-7-4:8058,1,3,1221,8766,2705
vp-1-5-7-5:1,2715,3,1221,8832,2705
vp-1-5-7-6:1682,1571,1,2555,8261,3,1221,8821,2705
vp-1-5-7-7:1682,1571,1,3,1221,2705
vp-1-5-7-8:1,3,1221,2705
vp-1-5-7-11:1,8482,4,3,1221,8855,2705
vp-1-5-7-11-1:1,8482,8484,8491,4,3,1221,8855,8856,8857,2705
vp-1-5-7-11-2:1,8482,4,3,1221,8855,2705
vp-1-5-7-9:1,2989,3,1221,2705
vp-1-5-7-9-1:1,2989,3,1221,8780,2705
vp-1-5-7-9-1-1:1,8197,2989,5343,3,1221,8780,2705
vp-1-5-7-9-1-6:1,2989,3,1221,8780,2705
vp-1-5-7-9-1-7:1,2989,3,1221,8780,2705
vp-1-5-7-9-1-2:8060,1,2989,3,1221,8673,8780,8781,2705
vp-1-5-7-9-1-3:1,2989,3,1221,8780,2705
vp-1-5-7-9-1-4:1,2989,3,1221,8780,2705
vp-1-5-7-9-1-5:1,2989,3,1221,8779,8780,8786,2705
vp-1-5-7-9-2:1,2989,8457,8462,3,1221,2705
vp-1-5-7-10:1,8251,3,1221,2705
vp-1-6:2705
vp-1-6-5:8026,8465
vp-1-6-5-6:50,8026,8038,8039,8040,8041,1,2843,8465,3,3057,837
vp-1-6-5-5:8026,2843,8465,3057
vp-1-6-5-4:50,8026,1,2843,8465,3,3057,837
vp-1-6-5-7:8008,8026,2843,8465,3057
vp-1-6-5-2:50,8026,1,2843,8465,3,3057,837
vp-1-6-5-3:50,8026,1,2843,8465,8478,8479,3,3057,837
vp-1-6-5-1:50,8026,1,2843,8420,8465,8543,3,8591,8592,3057,837
vp-1-6-1:50,1,2843,8528,3,837,2705
vp-1-6-1-1:50,8182,2843,8518,8528,3057,8619,837,2705
vp-1-6-1-2:50,2843,8399,8400,8522,8528,3057,837,2705
vp-1-6-1-3:50,1,8380,8382,2780,8520,2716,8521,8528,3,3057,837,2705
vp-1-6-1-4:50,1,3,2843,1,3,8528,3057,837,2705
vp-1-6-1-5:50,8151,2843,8401,8402,8403,8404,8405,8528,3057,837,2705
vp-1-6-1-6:50,1267,1682,1571,1,8170,8171,2843,8528,3,3057,8669,837,2705
vp-1-6-1-7:50,1682,1571,1,8200,2843,8421,8423,8425,8426,8427,8429,8431,8434,8528,3,3057,837,2705
vp-1-6-1-7-6:50,1682,1571,1,8200,2843,8421,8423,8425,8426,8427,8429,8431,8434,8528,3,3057,837,2705
vp-1-6-1-7-1:50,1682,1571,1,8200,2843,8421,8422,8423,8425,8426,8427,8429,8431,8434,8528,3,3057,837,2705
vp-1-6-1-7-2:50,1,8200,2843,8421,8423,8425,8426,8427,8429,8431,8434,8528,3,3057,837,2705
vp-1-6-1-7-3:50,1682,1571,1,8200,2843,8421,8423,8425,8426,8427,8428,8429,8431,8433,8434,8528,3,3057,837,2705
vp-1-6-1-7-4:50,1,8200,2843,8387,8421,8423,8425,8426,8427,8429,8431,8432,8434,8528,3,3057,837,2705,8874
vp-1-6-1-7-5:50,1,8200,2843,8421,8423,7593,8425,8426,8427,8429,8431,8434,8528,3,3057,837,2705
vp-1-6-1-8:50,2948,8469,8523,8524,8528,3057,837,2705
vp-1-6-1-9:50,2843,8528,3057,837,2705
vp-1-6-1-10:50,8181,2843,8528,8530,8540,8541,3057,837,2705
vp-1-6-7:8615,3057,2705
vp-1-6-7-1:8052,8615,2705
vp-1-6-7-5:50,8072,8073,1,2843,8455,3,8615,3057,837,8875
vp-1-6-7-6:2336,80,1,2783,128,3,8615,3009,846,87,837
vp-1-6-7-4:50,1,2780,3,8615,837
vp-1-6-7-3:50,8195,1,2842,3,1,2841,3,8386,8615,837
vp-1-6-7-2:50,1,2843,8424,8430,3,8615,3057,8670,837
vp-1-6-7-13:50,8135,1,2843,3,8615,3057,8624,8625,8626,837
vp-1-6-7-15:50,1,2843,3,8615,3057,8627,8628,837
vp-1-6-7-8:50,1,8381,8383,2780,3,8615,8629,837
vp-1-6-7-10:50,1,2842,3,1,2841,3,8615,8630,837
vp-1-6-7-9:50,1,8169,8175,8183,2843,3,8615,3057,8631,837,8879
vp-1-6-7-12:50,1,2843,3,8615,3057,837
vp-1-6-7-11:50,1,8172,2843,8542,3,8615,3057,8636,837,8767
vp-1-6-7-14:50,1,2843,3,8615,3057,8616,8617,8618,837
vp-1-6-7-7:50,1,2843,3,8615,3057,8637,8638,8639,837
vp-1-6-3:8274,2680,2681,1221,2705
vp-1-6-3-1:2680,2681,1221,3214,2705
vp-1-6-3-2:1682,1571,2680,2681,1221,3214,2705
vp-1-6-3-3:1682,1571,2680,2681,1221,3214,2705
vp-1-6-3-4:2680,2681,4,1221,3214,2705
vp-1-6-3-4-1:2680,2681,4,1221,3214,8837,8838,2705
vp-1-6-3-4-2:8273,2680,2681,4,1221,3214,2705
vp-1-6-3-4-3:8286,2680,2681,4,1221,3214,8836,8839,2705
vp-1-6-3-5:2717,2680,2681,4,1221,3214,2705
vp-1-6-3-6:1682,1571,8453,2718,8454,2680,2681,4,1221,3214,2705
vp-1-6-3-7:1682,1571,2680,2681,1221,8667,3214,2705
vp-1-6-3-8:2680,8489,2681,4,1221,3214,8870,2705
vp-1-6-3-9:2680,8490,2681,4,1221,3214,2705,8878
vp-1-6-4:1682,1571,1,3,1261,2949,8866,8867,2705
vp-1-6-4-1:8532,2848,1261,8866,8867,2705,8926,8927,8928
vp-1-6-4-2:8335,2719,8411,8536,1261,2949,8866,8867,2705
vp-1-6-4-3:8014,8154,1261,2949,8866,8867,2705
vp-1-6-4-4:2720,8460,1261,8674,2949,8866,8867,2705
vp-1-6-4-5:1261,2949,8686,8687,8688,8866,8867,2705
vp-1-6-4-6:3012,1341,1261,8689,8866,8867,2705
vp-1-6-4-7:8192,8463,1261,2949,8685,8692,8866,8867,2705
vp-1-6-4-8:2721,2777,1261,8866,8867,2705
vp-1-6-4-9:1261,2949,8866,8867,2705
vp-1-6-4-10:1261,2949,8866,8867,2705,8910
vp-1-6-6:1,3,8904
vp-1-6-6-1:1,8264,8336,8539,3,8885,8904
vp-1-6-6-2:1,8497,3,8718,8904
vp-1-6-6-3:1,8476,8477,4,3,8699,8904
vp-1-6-6-4:1,8480,8481,3,8904
vp-1-6-6-5:1,8202,8495,3,8904
vp-1-6-6-6:1,4,3,8770,8771,8772,8904
vp-1-7:1,2680,3,2705
vp-1-7-1:50,8126,8129,2989,2680,2848,2705
vp-1-7-1-1:50,8126,8129,2989,2680,2848,8675,2705
vp-1-7-1-2:50,8126,8129,2989,2680,2848,8812,2705
vp-1-7-1-3:50,8126,8127,8128,8129,2989,2680,2848,2705
vp-1-7-2:8173,2680,4,2705
vp-1-7-2-1:8173,2680,4,2705
vp-1-7-2-5:8173,2680,4,2705
vp-1-7-2-4:8173,2680,4,2705
vp-1-7-2-2:8133,8173,2680,4,2705
vp-1-7-2-3:8173,2680,4,2705
vp-1-7-3:1,2989,2680,4,3,2705
vp-1-7-3-1:8186,8240,2989,2680,4,2705
vp-1-7-3-2:8065,8066,2989,8342,8461,2680,4,2722,2705
vp-1-7-3-3:8132,8162,2989,2680,4,2722,2705
vp-1-7-3-4:8130,2989,2680,4,8538,2705
vp-1-7-3-5:2989,2680,4,2722,2705
vp-1-7-3-6:2989,2680,4,2722,2705
vp-1-7-3-7:2989,2680,4,8529,2722,8773,2705
vp-1-7-3-8:2989,2680,4,2722,2705
vp-1-7-3-9:8201,2989,2680,4,2722,2705
vp-1-7-4:2989,2680,2723,4,2705
vp-1-7-5:2989,2680,4,8548,8796,8797,2724,2705
vp-1-7-5-1:8071,2989,2680,5451,4,8548,8796,8797,2724,2705
vp-1-7-5-2:2989,8467,2680,4,8548,1311,8796,8797,2724,2705
vp-1-7-5-3:2989,2680,4,8548,8796,8797,2724,8806,8807,8808,2705
vp-1-7-5-4:2989,2680,4,8548,8796,8797,2724,2705
vp-1-7-6:2725,2958,3006,2784,3258,2336,2226,1,2680,8525,8526,8527,3,2705
vp-1-7-7:2726,2989,2680,2914,4,2705,5685
vp-1-7-8:2680,4,2705
vp-1-7-9:1,2680,4,6041,2727,3,8862,2705
vp-1-8:1,2680,2948,3,2755
vp-1-8-1:1682,1571,1359,3111,2680,2948,2755
vp-1-8-1-1:2728,1359,3111,2680,2948,2755
vp-1-8-1-2:1359,3111,2680,2948,2729,8677,8731,8755,2755
vp-1-8-1-3:1682,1571,8205,1359,3111,2680,2948,1221,2755,8918,2730,8919
vp-1-8-1-4:1258,8075,1359,3111,2680,2948,2755
vp-1-8-1-5:8069,1359,3111,2731,2680,2948,2755
vp-1-8-1-6:8070,1359,3111,2680,2948,2732,8750,2755
vp-1-8-1-7:1682,1571,8139,2733,1359,3111,2680,2948,2755
vp-1-8-1-8:8164,1359,3111,2680,2948,2734,2755
vp-1-8-2:2680,2948,2914,2755,5685
vp-1-8-3:2948,1285,3211,8891,2755
vp-1-8-3-1:5679,2735,2948,1285,3211,8891,2755
vp-1-8-3-2:5679,2948,2736,1285,3211,8891,2755
vp-1-8-4:1682,1571,8203,2680,2948,8610,8611,3204,2755
vp-1-8-4-1:8031,8035,8203,2680,2948,8610,8611,3204,2755
vp-1-8-4-2:8125,8203,2680,2948,8610,8611,3204,2755
vp-1-8-4-3:8203,8219,2680,2948,8473,8544,8610,8611,3204,2737,2755
vp-1-8-4-4:1682,1571,8203,2680,2948,8610,8611,3204,8895,2755
vp-1-8-4-5:8203,2680,2948,8610,8611,3204,8896,8902,2755
vp-1-8-4-6:8203,2680,2948,2738,8610,8611,3204,2755
vp-1-8-4-7:8203,8234,2680,2789,8610,8611,3204,8898,2739,2755
vp-1-8-4-8:8203,2680,2948,8610,8611,3204,8899,2755
vp-1-8-4-9:8203,2680,2948,8609,2740,8610,8611,3204,8900,8901,2755
vp-1-8-5:1682,1571,2694,2177,2680,2948,3204,2755
vp-1-8-5-1:8232,8310,2694,2177,2680,2948,8498,3204,2755
vp-1-8-5-2:1682,1571,2694,2177,2680,2948,8574,8575,8809,3204,2755
vp-1-8-5-3:1682,1571,2694,2177,2680,2948,3204,2755
vp-1-8-6:2643,8321,2680,2948,8535,2755
vp-1-8-6-3:2643,8321,2680,2948,8535,2755
vp-1-8-6-4:2643,8321,2680,2948,8535,2755
vp-1-8-6-1:2643,8321,2680,2948,8535,2755
vp-1-8-6-2:2643,8321,2680,2948,8535,2755
vp-1-8-7:2680,2948,2755
vp-1-8-7-5:2680,2948,2755
vp-1-8-7-6:2680,2948,2755
vp-1-8-7-1:8359,8360,2680,2948,2755
vp-1-8-7-2:8263,8374,2680,2948,2741,2755
vp-1-8-7-3:2680,2948,2755
vp-1-8-7-4:8370,2680,2948,8892,8893,2755
vp-1-8-8:1682,1571,2680,2948,2742,2982,1221,8897,2755
vp-1-8-9:1682,1571,2680,2948,2755
vp-1-8-9-1:2680,2948,8736,8905,8906,8907,2755
vp-1-8-9-2:2680,2948,8747,8748,8908,2743,2755
vp-2:1,3,2177,2680,1,3
vp-2-1:1,3,2177,2680,1,3
vp-2-1-1:8016,1,3,2177,2680,1,3
vp-2-1-1-4:8016,8022,8047,1,3,4685,2177,2680,1,3
vp-2-1-1-2:8016,1682,1571,1,4684,8281,8282,2680,3,1805
vp-2-1-1-5:8016,1,3,4685,8376,8377,8378,8379,2680,1,3
vp-2-1-1-1:8016,4683,4682,1,3,4685,2177,8418,8419,2680,1,3
vp-2-1-1-10:8016,8017,4683,4682,1,3,4685,2177,2680,1,3
vp-2-1-1-12:8016,4683,4682,1,3,4685,2177,2680,1,3
vp-2-1-1-6:8016,4683,4682,1,3,4685,2177,2680,1,3
vp-2-1-1-11:8016,4683,4682,1,3,4685,2177,2680,1,3
vp-2-1-1-8:8016,4683,4682,8019,8025,1,3,4685,2177,2680,1,3
vp-2-1-1-9:8016,4683,4682,8021,8023,8024,1,3,4685,2177,2680,1,3
vp-2-1-1-3:8016,4683,4682,1,3,4685,2177,2680,8820,1,3
vp-2-1-1-7:8015,8016,4683,4682,1,3,4685,2177,2680,1,3
vp-2-1-2:1,3,2680,1,3
vp-2-1-2-2:4683,4682,8028,8051,1,3,4685,2177,2680,8483,1,3
vp-2-1-2-1:1,3,8439,8440,8441,2680,1,3
vp-2-2:1,3,2177,2680,2699,1,3,3215
vp-2-2-1:1,3,2576,2177,2680,2699,1,3,3215
vp-2-2-1-1:8064,1,3,2576,2177,2680,2699,1,3,3215
vp-2-2-1-1-1:8064,1,3,2746,8136,2576,2177,2680,2699,1,3,3215
vp-2-2-1-1-1-1:8064,1,3,2746,2576,8285,2177,2680,2699,1,3,3215
vp-2-2-1-1-1-2:8064,1,3,2746,2576,2177,8444,2680,2699,1,3,3215
vp-2-2-1-1-2:8064,1,3,2576,2177,2680,2699,2747,1,3,3215
vp-2-2-1-1-3:8064,1,3,2576,8283,8284,2177,2680,2699,1,3,2748,3215
vp-2-2-1-3:1,3,2576,2177,8445,2680,2699,1,3,3215
vp-2-2-1-3-1:1,3,2746,2576,2177,8445,2680,2699,1,3,3215
vp-2-2-1-3-2:1,3,2576,2177,8445,8446,2680,2699,2747,1,3,3215
vp-2-2-1-3-3:1,3,2576,2177,8445,2680,2699,1,3,2748,3215
vp-2-2-1-2:1,3,2576,8292,2177,2680,2699,1,3,3215
vp-2-2-1-2-1:1,3,2746,2576,8292,2177,2680,2699,1,3,3215
vp-2-2-1-2-2:1,3,2576,8292,2177,2680,2699,2747,1,3,3215
vp-2-2-1-2-3:1,3,2576,8292,2177,2680,2699,1,3,2748,3215
vp-2-2-1-4:4679,1,3,2177,2680,2699,1,3,3215
vp-2-2-1-4-1:4680,4679,1,3,2746,2576,2177,2680,8790,2699,1,3,3215
vp-2-2-1-4-2:4679,1,3,2576,7381,2177,2680,2699,8811,2747,1,3,3215,8877
vp-2-2-1-4-3:4679,1,3,2576,2177,2680,8672,8676,8742,2699,1,3,2748,3215
vp-2-2-7:1,3,8152,2177,2680,1,3
vp-2-2-7-1:1,3,8152,2177,2680,1,3,4681
vp-2-2-7-1-6:1,3,8152,2177,2680,1,3,4681
vp-2-2-7-1-1:1,3,8152,2177,2680,1,3,4681
vp-2-2-7-1-2:1,3,8152,2177,2680,1,3,4681
vp-2-2-7-1-5:1,3,8152,8279,2177,2680,1,3,4681
vp-2-2-7-1-4:8007,1,3,8152,2177,2680,1,3
vp-2-2-7-1-3:1,3,8152,2177,2680,8679,8680,1,3,4681
vp-2-2-7-1-7:1,3,8152,2177,2680,8810,1,3,4681
vp-2-2-7-2:1,3,2746,8152,2177,2680,1,3
vp-2-2-2:1,3,2749,2177,8390,2680,2699,1,3,3215
vp-2-2-9-1:1,3,2177,2680,2699,1,3,3215
vp-2-2-9-1-1:1,3,2177,2680,2699,1,3,3215
vp-2-2-9-1-2:1,3,2177,2680,2699,1,3,3215
vp-2-2-9-1-3:8012,1,3,8137,8330,8343,2177,2680,2699,1,3,3215
vp-2-2-9-1-4:8011,1,3,2177,8398,8438,2680,8678,2699,1,3,3215
vp-2-2-9-1-5:1,3,2177,2680,8653,8654,2699,1,3,3215
vp-2-2-9-1-6:1,3,8288,2177,2680,8623,2699,1,3,3215
vp-2-2-9-1-7:1,3,2177,2680,8751,2699,1,3,3215
vp-2-2-9-1-8:1,3,2177,2680,2699,1,3,3215
vp-2-2-9-2:1,3,2177,2680,8632,8633,8634,8635,2699,1,3,3215
vp-2-2-9-3:1,3,2177,2680,2699,1,3,3215
vp-2-2-9-3-1:1,3,8297,2177,2680,2699,1,3,3215
vp-2-2-9-3-2:1,3,2177,2680,2699,1,3,3215
vp-2-2-9-3-3:1,3,2177,2680,2699,1,3,3215
vp-2-2-9-3-4:1,3,2177,2680,2699,1,3,3215
vp-2-2-9-4:1,3,2177,2680,2699,1,3,3215
vp-2-2-9-5:1,3,2177,2680,8640,2699,1,3,3215
vp-2-2-3:1682,1571,1,3,1,2177,2680,2750,3,2699,1,3,3215
vp-2-2-3-1:1682,1571,1,3,2177,2680,2750,2751,2699,1,3,3215
vp-2-2-3-2:1,3,2177,2680,2750,2751,2699,1,3,3215
vp-2-2-4:1,3,2576,2177,2680,2699,1,3,3215
vp-2-2-4-1:8045,1,3,2576,2177,2680,2699,1,3,3215
vp-2-2-4-2:1682,1571,1,3,2576,2177,2680,2699,1,3,3215
vp-2-2-4-3:1,3,2576,2177,2680,2699,1,3,3215
vp-2-2-5:1,3,2576,2177,2680,8660,8661,2752,2699,1,3,3215
vp-2-2-8:1,3,2177,2680,1,3
vp-2-2-8-1:1,3,2177,2680,1,3
vp-2-2-8-1-1:8036,1,3,8290,2177,2680,1,3
vp-2-2-8-1-2:1,3,2177,2680,1,3
vp-2-2-8-1-3:1,3,2177,2680,8596,1,3,8865
vp-2-2-8-1-3-1:1,3,2177,2680,8596,8597,8598,8608,1,3,8865
vp-2-2-8-1-3-2:1,3,8112,2177,2680,8596,8599,8717,1,3,8865
vp-2-2-8-1-3-3:1,3,8289,2177,2680,8596,8607,8716,1,3,8841,8865
vp-2-2-8-2:8043,1,3,2177,2680,1,3,8909
vp-2-2-6:1,3,2576,2177,2680,2753,2699,1,3,3215
vp-2-3:1,3,2177,2680,1,3,3216,8894
vp-2-3-1:2754,1,3,2177,2680,1,3,3216,8894
vp-2-3-2:1,3,2177,2680,3217,1,3,3216,8894
vp-2-3-3:1,3,2177,2680,8468,2756,1,3,3216,8894,8903
vp-2-3-4:1,3,2177,8442,2680,1,3,3216,8894,2757
